year,state,district,crop,season,area_ha,soil_type,soil_ph,rainfall_mm,avg_temp_c,irrigation_type,fertilizer_n,fertilizer_p,fertilizer_k,yield_tonnes_per_ha,production_tonnes
2010,West Bengal,Burdwan,Bajra,Kharif,797.3,Alluvial,6.16,1209.5,29.3,Canal/Flood,77.4,51.0,30.4,0.21,167.4
2015,West Bengal,Burdwan,Bajra,Kharif,108.5,Alluvial,6.42,965.0,29.7,Tube Well,54.9,39.4,28.8,0.22,23.9
2017,West Bengal,Burdwan,Bajra,Kharif,442.4,Alluvial,6.56,1065.4,28.8,Rainfed,58.2,44.0,35.2,0.21,92.9
2019,West Bengal,Burdwan,Bajra,Kharif,120.8,Alluvial,6.41,1499.6,28.2,Tube Well,50.9,31.2,32.2,0.2,24.2
2021,West Bengal,Burdwan,Bajra,Kharif,456.7,Alluvial,6.16,1156.4,30.3,Tube Well,86.1,29.9,24.1,0.24,109.6
2010,Andhra Pradesh,Guntur,Bajra,Kharif,363.0,Black,7.44,550.9,29.3,Tube Well,67.0,39.4,27.6,0.35,127.0
2014,Andhra Pradesh,Guntur,Bajra,Kharif,755.3,Black,7.43,657.8,30.2,Tube Well,64.3,30.3,34.4,0.38,287.0
2017,Andhra Pradesh,Guntur,Bajra,Kharif,612.9,Black,7.62,589.7,29.9,Drip,80.8,33.1,25.8,0.35,214.5
2017,Madhya Pradesh,Indore,Bajra,Kharif,59.0,Black,7.61,729.3,28.2,Tube Well,93.5,30.7,35.9,0.34,20.1
2020,Madhya Pradesh,Indore,Bajra,Kharif,269.1,Black,7.59,1003.5,27.0,Tube Well,71.2,29.6,32.5,0.3,80.7
2005,Haryana,Karnal,Bajra,Kharif,437.1,Alluvial,7.65,551.3,29.9,Tube Well,50.5,35.4,24.3,0.28,122.4
2006,Haryana,Karnal,Bajra,Kharif,286.6,Alluvial,7.26,486.6,30.7,Tube Well,80.5,39.4,40.5,0.32,91.7
2007,Haryana,Karnal,Bajra,Kharif,176.0,Alluvial,7.53,610.5,30.1,Tube Well,52.8,35.4,26.5,0.27,47.5
2008,Haryana,Karnal,Bajra,Kharif,203.9,Alluvial,7.34,569.0,29.1,Canal/Flood,71.7,32.9,24.5,0.28,57.1
2009,Haryana,Karnal,Bajra,Kharif,556.1,Alluvial,7.37,596.9,31.4,Tube Well,75.3,43.3,28.8,0.29,161.3
2010,Haryana,Karnal,Bajra,Kharif,358.2,Alluvial,7.52,578.8,30.3,Tube Well,76.6,54.5,31.5,0.32,114.6
2011,Haryana,Karnal,Bajra,Kharif,484.2,Alluvial,7.57,644.9,30.2,Canal/Flood,63.4,26.7,32.2,0.29,140.4
2012,Haryana,Karnal,Bajra,Kharif,612.3,Alluvial,7.7,642.6,30.5,Tube Well,83.0,32.6,27.8,0.3,183.7
2013,Haryana,Karnal,Bajra,Kharif,398.0,Alluvial,7.13,596.6,30.4,Canal/Flood,68.6,45.1,29.2,0.29,115.4
2014,Haryana,Karnal,Bajra,Kharif,235.4,Alluvial,7.29,590.7,31.7,Tube Well,72.7,19.6,30.0,0.28,65.9
2015,Haryana,Karnal,Bajra,Kharif,141.1,Alluvial,7.35,488.4,31.0,Canal/Flood,78.5,37.5,32.3,0.34,48.0
2016,Haryana,Karnal,Bajra,Kharif,590.0,Alluvial,7.12,478.7,30.5,Canal/Flood,67.0,34.2,25.0,0.29,171.1
2017,Haryana,Karnal,Bajra,Kharif,678.4,Alluvial,7.41,475.3,29.7,Canal/Flood,58.8,35.4,39.8,0.32,217.1
2018,Haryana,Karnal,Bajra,Kharif,169.8,Alluvial,7.46,637.4,30.7,Canal/Flood,78.0,34.2,33.3,0.33,56.0
2019,Haryana,Karnal,Bajra,Kharif,320.6,Alluvial,7.74,721.0,31.3,Canal/Flood,63.8,37.9,40.7,0.32,102.6
2020,Haryana,Karnal,Bajra,Kharif,333.8,Alluvial,7.6,755.6,30.3,Tube Well,66.6,36.1,28.5,0.32,106.8
2021,Haryana,Karnal,Bajra,Kharif,399.9,Alluvial,7.27,628.4,31.0,Tube Well,76.2,33.5,19.1,0.32,128.0
2022,Haryana,Karnal,Bajra,Kharif,370.4,Alluvial,7.27,619.8,33.2,Canal/Flood,87.4,39.1,30.5,0.28,103.7
2023,Haryana,Karnal,Bajra,Kharif,348.1,Alluvial,7.26,586.5,31.1,Canal/Flood,89.9,35.5,28.3,0.32,111.4
2024,Haryana,Karnal,Bajra,Kharif,235.7,Alluvial,7.21,655.3,30.4,Canal/Flood,67.9,42.7,27.8,0.32,75.4
2005,Rajasthan,Kota,Bajra,Kharif,330.0,Clay Loam,7.5,612.7,30.5,Tube Well,73.3,31.5,26.4,0.31,102.3
2006,Rajasthan,Kota,Bajra,Kharif,300.9,Clay Loam,7.66,734.5,30.0,Tube Well,70.1,33.8,28.1,0.31,93.3
2007,Rajasthan,Kota,Bajra,Kharif,113.7,Clay Loam,7.75,666.9,30.4,Canal/Flood,71.2,29.7,37.7,0.28,31.8
2008,Rajasthan,Kota,Bajra,Kharif,389.7,Clay Loam,7.76,574.3,30.7,Sprinkler,65.9,35.7,35.4,0.27,105.2
2009,Rajasthan,Kota,Bajra,Kharif,328.0,Clay Loam,7.58,575.2,29.7,Canal/Flood,88.3,30.3,35.7,0.31,101.7
2010,Rajasthan,Kota,Bajra,Kharif,277.1,Clay Loam,7.82,741.6,31.1,Canal/Flood,58.7,30.9,27.0,0.27,74.8
2011,Rajasthan,Kota,Bajra,Kharif,265.1,Clay Loam,7.6,607.1,30.1,Canal/Flood,57.2,33.6,24.9,0.31,82.2
2012,Rajasthan,Kota,Bajra,Kharif,71.1,Clay Loam,7.83,560.4,29.6,Tube Well,54.6,38.6,26.5,0.27,19.2
2013,Rajasthan,Kota,Bajra,Kharif,810.2,Clay Loam,7.73,619.9,30.9,Canal/Flood,93.8,25.5,30.6,0.31,251.2
2014,Rajasthan,Kota,Bajra,Kharif,628.0,Clay Loam,7.81,742.1,30.6,Sprinkler,88.5,26.7,37.3,0.31,194.7
2015,Rajasthan,Kota,Bajra,Kharif,223.4,Clay Loam,7.75,541.6,30.8,Tube Well,62.0,40.1,33.5,0.31,69.3
2016,Rajasthan,Kota,Bajra,Kharif,571.9,Clay Loam,7.81,535.7,29.9,Canal/Flood,73.4,31.6,25.1,0.29,165.9
2017,Rajasthan,Kota,Bajra,Kharif,192.7,Clay Loam,7.41,606.9,29.9,Tube Well,80.2,29.0,27.7,0.32,61.7
2018,Rajasthan,Kota,Bajra,Kharif,610.2,Clay Loam,7.61,733.1,29.5,Tube Well,76.8,39.3,42.9,0.33,201.4
2019,Rajasthan,Kota,Bajra,Kharif,474.4,Clay Loam,7.85,748.9,29.7,Canal/Flood,80.4,39.3,25.7,0.3,142.3
2020,Rajasthan,Kota,Bajra,Kharif,439.9,Clay Loam,7.72,878.3,29.0,Tube Well,68.8,40.7,30.1,0.3,132.0
2021,Rajasthan,Kota,Bajra,Kharif,805.2,Clay Loam,7.96,635.7,29.7,Tube Well,67.2,37.7,35.4,0.29,233.5
2022,Rajasthan,Kota,Bajra,Kharif,545.2,Clay Loam,7.82,484.9,31.7,Sprinkler,57.9,25.8,33.5,0.29,158.1
2023,Rajasthan,Kota,Bajra,Kharif,78.0,Clay Loam,7.78,842.5,30.0,Tube Well,60.6,44.0,28.7,0.31,24.2
2024,Rajasthan,Kota,Bajra,Kharif,419.4,Clay Loam,7.51,614.9,29.4,Canal/Flood,40.4,27.7,36.7,0.31,130.0
2005,Punjab,Ludhiana,Bajra,Kharif,84.1,Alluvial,7.42,614.6,30.9,Tube Well,80.4,27.3,31.1,0.3,25.2
2006,Punjab,Ludhiana,Bajra,Kharif,108.7,Alluvial,7.25,600.6,31.6,Sprinkler,38.5,49.4,22.5,0.27,29.3
2007,Punjab,Ludhiana,Bajra,Kharif,535.8,Alluvial,7.46,492.8,31.2,Sprinkler,55.5,28.3,23.5,0.28,150.0
2008,Punjab,Ludhiana,Bajra,Kharif,363.0,Alluvial,7.18,581.5,29.8,Canal/Flood,59.7,35.5,34.7,0.26,94.4
2009,Punjab,Ludhiana,Bajra,Kharif,558.3,Alluvial,6.95,368.2,32.6,Tube Well,69.3,31.5,30.9,0.53,295.9
2010,Punjab,Ludhiana,Bajra,Kharif,497.0,Alluvial,7.17,523.6,31.2,Canal/Flood,63.9,26.0,33.7,0.27,134.2
2011,Punjab,Ludhiana,Bajra,Kharif,110.9,Alluvial,7.45,723.7,31.1,Canal/Flood,66.7,42.0,36.5,0.3,33.3
2012,Punjab,Ludhiana,Bajra,Kharif,296.0,Alluvial,7.67,381.6,31.3,Tube Well,76.0,23.1,33.4,0.66,195.4
2013,Punjab,Ludhiana,Bajra,Kharif,758.1,Alluvial,7.48,559.1,30.8,Sprinkler,69.8,35.6,36.3,0.33,250.2
2014,Punjab,Ludhiana,Bajra,Kharif,319.3,Alluvial,7.42,502.5,32.8,Sprinkler,63.9,35.8,29.1,0.28,89.4
2015,Punjab,Ludhiana,Bajra,Kharif,315.1,Alluvial,7.28,441.8,33.0,Canal/Flood,85.6,33.4,36.9,0.37,116.6
2016,Punjab,Ludhiana,Bajra,Kharif,138.6,Alluvial,7.15,617.4,30.4,Sprinkler,67.9,35.8,17.3,0.27,37.4
2017,Punjab,Ludhiana,Bajra,Kharif,351.7,Alluvial,7.04,599.5,31.2,Canal/Flood,59.0,38.5,22.9,0.27,95.0
2018,Punjab,Ludhiana,Bajra,Kharif,208.8,Alluvial,7.13,476.1,31.7,Canal/Flood,80.1,29.6,27.8,0.29,60.6
2019,Punjab,Ludhiana,Bajra,Kharif,376.4,Alluvial,7.3,830.1,30.9,Sprinkler,55.5,28.4,28.2,0.3,112.9
2020,Punjab,Ludhiana,Bajra,Kharif,615.8,Alluvial,7.46,746.6,30.1,Canal/Flood,70.7,38.6,34.4,0.34,209.4
2021,Punjab,Ludhiana,Bajra,Kharif,270.6,Alluvial,7.33,657.5,31.1,Sprinkler,82.2,26.2,35.2,0.32,86.6
2022,Punjab,Ludhiana,Bajra,Kharif,219.5,Alluvial,7.14,506.3,32.1,Canal/Flood,59.6,37.0,31.4,0.27,59.3
2023,Punjab,Ludhiana,Bajra,Kharif,190.0,Alluvial,7.44,590.5,31.8,Canal/Flood,56.3,42.4,21.4,0.31,58.9
2024,Punjab,Ludhiana,Bajra,Kharif,231.3,Alluvial,7.29,544.8,30.6,Tube Well,83.6,42.7,17.8,0.33,76.3
2008,Karnataka,Mandya,Bajra,Kharif,283.2,Red,6.33,419.3,25.6,Rainfed,68.9,38.4,32.3,0.64,181.2
2012,Karnataka,Mandya,Bajra,Kharif,169.2,Red,6.23,448.6,26.5,Rainfed,90.9,34.1,35.4,0.79,133.7
2015,Maharashtra,Nashik,Bajra,Kharif,547.9,Black,7.18,739.4,26.5,Drip,65.6,40.7,31.2,0.23,126.0
2024,Maharashtra,Nashik,Bajra,Kharif,203.8,Black,7.3,708.7,25.6,Rainfed,86.7,38.5,20.8,0.21,42.8
2012,Bihar,Patna,Bajra,Kharif,70.7,Alluvial,7.16,878.5,29.1,Canal/Flood,79.8,38.2,24.0,0.27,19.1
2005,Gujarat,Rajkot,Bajra,Kharif,380.5,Sandy Loam,7.76,671.0,28.2,Tube Well,64.2,32.3,28.3,0.28,106.5
2006,Gujarat,Rajkot,Bajra,Kharif,94.1,Sandy Loam,7.73,619.0,28.3,Sprinkler,70.8,38.1,35.2,0.34,32.0
2007,Gujarat,Rajkot,Bajra,Kharif,440.3,Sandy Loam,7.53,548.7,29.6,Drip,73.4,29.3,31.0,0.36,158.5
2008,Gujarat,Rajkot,Bajra,Kharif,257.5,Sandy Loam,7.82,404.5,28.8,Sprinkler,76.0,33.3,20.1,0.47,121.0
2009,Gujarat,Rajkot,Bajra,Kharif,261.2,Sandy Loam,7.68,506.2,29.8,Rainfed,102.6,27.4,33.8,1.07,279.5
2010,Gujarat,Rajkot,Bajra,Kharif,700.0,Sandy Loam,7.61,595.9,29.9,Sprinkler,76.5,31.9,29.7,0.34,238.0
2011,Gujarat,Rajkot,Bajra,Kharif,517.4,Sandy Loam,8.11,533.3,28.7,Drip,66.1,38.8,29.8,0.27,139.7
2012,Gujarat,Rajkot,Bajra,Kharif,768.0,Sandy Loam,7.9,569.7,28.3,Drip,55.7,38.2,26.7,0.27,207.4
2013,Gujarat,Rajkot,Bajra,Kharif,554.9,Sandy Loam,7.6,615.8,29.3,Sprinkler,74.1,35.9,28.4,0.36,199.8
2014,Gujarat,Rajkot,Bajra,Kharif,668.3,Sandy Loam,7.79,517.6,29.4,Tube Well,83.6,29.7,25.4,0.35,233.9
2015,Gujarat,Rajkot,Bajra,Kharif,809.5,Sandy Loam,7.71,678.7,30.2,Rainfed,61.0,33.3,17.4,0.33,267.1
2016,Gujarat,Rajkot,Bajra,Kharif,309.8,Sandy Loam,7.79,480.6,29.7,Rainfed,70.9,37.1,39.2,1.32,408.9
2017,Gujarat,Rajkot,Bajra,Kharif,376.8,Sandy Loam,7.88,661.7,29.5,Tube Well,61.8,26.6,24.4,0.34,128.1
2018,Gujarat,Rajkot,Bajra,Kharif,355.2,Sandy Loam,7.78,693.0,29.4,Rainfed,61.7,34.5,39.8,0.38,135.0
2019,Gujarat,Rajkot,Bajra,Kharif,123.0,Sandy Loam,7.69,652.7,29.6,Tube Well,76.6,43.8,26.6,0.39,48.0
2020,Gujarat,Rajkot,Bajra,Kharif,236.0,Sandy Loam,7.7,716.3,29.4,Rainfed,51.0,42.1,33.6,0.35,82.6
2021,Gujarat,Rajkot,Bajra,Kharif,564.5,Sandy Loam,7.88,512.6,29.3,Drip,89.2,44.7,35.3,0.36,203.2
2022,Gujarat,Rajkot,Bajra,Kharif,445.6,Sandy Loam,7.64,732.2,30.6,Sprinkler,79.4,30.8,21.4,0.41,182.7
2023,Gujarat,Rajkot,Bajra,Kharif,286.1,Sandy Loam,8.49,617.6,28.9,Drip,80.1,28.1,30.0,0.27,77.2
2024,Gujarat,Rajkot,Bajra,Kharif,287.7,Sandy Loam,7.72,447.1,28.2,Sprinkler,75.3,27.6,27.9,0.34,97.8
2009,Tamil Nadu,Thanjavur,Bajra,Kharif,280.7,Clay Loam,6.67,279.4,32.1,Tube Well,65.1,29.1,36.0,0.83,233.0
2013,Tamil Nadu,Thanjavur,Bajra,Kharif,513.8,Clay Loam,6.84,358.8,31.5,Canal/Flood,67.9,39.9,26.0,0.6,308.3
2017,Tamil Nadu,Thanjavur,Bajra,Kharif,357.1,Clay Loam,6.86,381.8,30.6,Tube Well,88.0,37.7,26.5,0.54,192.8
2007,Uttar Pradesh,Varanasi,Bajra,Kharif,142.7,Alluvial,7.15,987.0,30.1,Rainfed,80.4,46.0,37.5,0.29,41.4
2010,Uttar Pradesh,Varanasi,Bajra,Kharif,395.5,Alluvial,7.44,920.0,29.9,Canal/Flood,93.5,29.0,20.5,0.29,114.7
2014,Uttar Pradesh,Varanasi,Bajra,Kharif,59.8,Alluvial,7.17,682.5,30.8,Tube Well,60.5,35.6,28.5,0.3,17.9
2011,West Bengal,Burdwan,Chickpea,Rabi,291.4,Alluvial,6.21,60.0,19.5,Tube Well,21.2,56.4,20.6,1.05,306.0
2020,West Bengal,Burdwan,Chickpea,Rabi,614.0,Alluvial,6.31,76.8,20.0,Rainfed,25.0,43.0,18.8,0.66,405.2
2008,Andhra Pradesh,Guntur,Chickpea,Rabi,614.3,Black,7.44,217.2,23.8,Rainfed,24.0,57.7,25.4,0.1,61.4
2012,Andhra Pradesh,Guntur,Chickpea,Rabi,641.8,Black,7.53,175.4,24.6,Canal/Flood,25.9,28.8,25.1,0.1,64.2
2017,Andhra Pradesh,Guntur,Chickpea,Rabi,341.7,Black,7.45,183.1,24.8,Tube Well,24.3,56.4,23.2,0.1,34.2
2023,Andhra Pradesh,Guntur,Chickpea,Rabi,550.8,Black,7.75,248.1,23.7,Tube Well,27.2,46.3,28.3,0.1,55.1
2005,Madhya Pradesh,Indore,Chickpea,Rabi,385.4,Black,7.72,28.4,19.5,Rainfed,23.6,42.6,26.1,0.22,84.8
2006,Madhya Pradesh,Indore,Chickpea,Rabi,545.8,Black,7.5,31.4,18.6,Rainfed,33.2,55.6,26.5,0.32,174.7
2007,Madhya Pradesh,Indore,Chickpea,Rabi,406.0,Black,7.45,26.7,19.3,Rainfed,30.6,51.2,26.6,0.3,121.8
2008,Madhya Pradesh,Indore,Chickpea,Rabi,1110.8,Black,7.81,28.5,19.5,Tube Well,23.2,55.4,21.2,1.01,1121.9
2009,Madhya Pradesh,Indore,Chickpea,Rabi,536.8,Black,7.55,17.8,19.7,Rainfed,23.4,53.7,23.5,0.26,139.6
2010,Madhya Pradesh,Indore,Chickpea,Rabi,532.4,Black,7.51,27.7,19.4,Tube Well,34.5,62.3,25.6,1.42,756.0
2011,Madhya Pradesh,Indore,Chickpea,Rabi,346.2,Black,7.74,32.6,19.8,Tube Well,16.6,48.1,19.3,0.97,335.8
2012,Madhya Pradesh,Indore,Chickpea,Rabi,251.3,Black,7.1,30.7,18.7,Sprinkler,24.5,52.4,21.5,1.65,414.6
2013,Madhya Pradesh,Indore,Chickpea,Rabi,115.7,Black,7.42,27.9,19.1,Tube Well,26.8,43.9,26.5,1.45,167.8
2014,Madhya Pradesh,Indore,Chickpea,Rabi,438.3,Black,7.82,26.2,19.8,Sprinkler,15.3,51.0,38.1,0.99,433.9
2015,Madhya Pradesh,Indore,Chickpea,Rabi,552.4,Black,7.48,27.5,20.7,Sprinkler,23.9,67.1,27.2,1.09,602.1
2016,Madhya Pradesh,Indore,Chickpea,Rabi,79.4,Black,7.72,31.7,19.1,Sprinkler,25.2,44.6,23.5,1.2,95.3
2017,Madhya Pradesh,Indore,Chickpea,Rabi,422.3,Black,7.47,29.3,19.1,Sprinkler,17.9,65.2,23.3,1.48,625.0
2018,Madhya Pradesh,Indore,Chickpea,Rabi,444.1,Black,7.52,34.9,19.1,Rainfed,24.3,56.3,21.6,0.36,159.9
2019,Madhya Pradesh,Indore,Chickpea,Rabi,790.6,Black,7.33,42.1,19.4,Rainfed,27.1,48.5,22.2,0.47,371.6
2020,Madhya Pradesh,Indore,Chickpea,Rabi,190.9,Black,7.85,34.7,18.7,Tube Well,24.4,43.5,28.0,1.19,227.2
2021,Madhya Pradesh,Indore,Chickpea,Rabi,317.4,Black,7.51,25.3,18.9,Tube Well,26.2,51.6,28.9,1.43,453.9
2022,Madhya Pradesh,Indore,Chickpea,Rabi,88.7,Black,8.04,28.3,20.9,Rainfed,21.4,44.4,22.8,0.16,14.2
2023,Madhya Pradesh,Indore,Chickpea,Rabi,468.3,Black,7.5,29.2,19.0,Sprinkler,25.5,68.3,24.4,1.66,777.4
2024,Madhya Pradesh,Indore,Chickpea,Rabi,279.2,Black,7.26,36.2,19.8,Sprinkler,19.5,36.3,33.0,1.57,438.3
2005,Rajasthan,Kota,Chickpea,Rabi,501.1,Clay Loam,7.65,28.5,17.1,Tube Well,24.8,56.5,25.2,1.23,616.4
2006,Rajasthan,Kota,Chickpea,Rabi,406.1,Clay Loam,7.58,26.3,18.0,Canal/Flood,24.9,45.6,21.4,1.3,527.9
2007,Rajasthan,Kota,Chickpea,Rabi,603.7,Clay Loam,7.83,22.2,19.0,Sprinkler,20.9,36.1,26.2,1.03,621.8
2008,Rajasthan,Kota,Chickpea,Rabi,356.5,Clay Loam,7.76,25.3,17.2,Tube Well,19.8,57.7,26.9,1.13,402.8
2009,Rajasthan,Kota,Chickpea,Rabi,443.7,Clay Loam,7.7,19.8,18.5,Canal/Flood,18.2,58.5,26.0,1.15,510.3
2010,Rajasthan,Kota,Chickpea,Rabi,569.0,Clay Loam,7.5,28.0,18.7,Tube Well,24.7,59.0,26.0,1.46,830.7
2011,Rajasthan,Kota,Chickpea,Rabi,234.4,Clay Loam,7.71,23.6,18.5,Sprinkler,23.2,51.1,25.7,1.23,288.3
2012,Rajasthan,Kota,Chickpea,Rabi,306.0,Clay Loam,7.53,24.2,17.4,Canal/Flood,21.3,48.0,26.3,1.33,407.0
2013,Rajasthan,Kota,Chickpea,Rabi,212.0,Clay Loam,7.34,26.5,17.7,Canal/Flood,29.9,36.7,22.6,1.5,318.0
2014,Rajasthan,Kota,Chickpea,Rabi,362.7,Clay Loam,7.86,21.5,17.6,Sprinkler,16.3,47.5,24.5,1.1,399.0
2015,Rajasthan,Kota,Chickpea,Rabi,197.5,Clay Loam,7.81,24.5,18.8,Canal/Flood,29.1,48.5,20.5,1.13,223.2
2016,Rajasthan,Kota,Chickpea,Rabi,399.6,Clay Loam,7.93,27.8,17.7,Canal/Flood,25.7,52.8,28.2,1.12,447.6
2017,Rajasthan,Kota,Chickpea,Rabi,774.4,Clay Loam,7.74,24.8,16.0,Canal/Flood,16.5,62.5,26.1,0.92,712.4
2018,Rajasthan,Kota,Chickpea,Rabi,608.4,Clay Loam,7.53,26.0,18.2,Sprinkler,28.7,41.3,22.7,1.56,949.1
2019,Rajasthan,Kota,Chickpea,Rabi,687.6,Clay Loam,7.72,32.0,17.7,Canal/Flood,23.8,39.4,21.0,1.29,887.0
2020,Rajasthan,Kota,Chickpea,Rabi,152.3,Clay Loam,7.75,33.5,17.4,Canal/Flood,20.5,38.7,24.2,1.17,178.2
2021,Rajasthan,Kota,Chickpea,Rabi,942.2,Clay Loam,7.73,22.2,18.5,Tube Well,26.4,48.9,22.1,1.21,1140.1
2022,Rajasthan,Kota,Chickpea,Rabi,294.0,Clay Loam,7.51,18.1,20.1,Tube Well,25.1,70.2,26.0,1.25,367.5
2023,Rajasthan,Kota,Chickpea,Rabi,236.0,Clay Loam,7.54,24.1,18.9,Tube Well,23.0,52.2,25.8,1.45,342.2
2024,Rajasthan,Kota,Chickpea,Rabi,271.1,Clay Loam,7.41,28.2,17.9,Tube Well,29.5,43.1,19.4,1.54,417.5
2012,Punjab,Ludhiana,Chickpea,Rabi,623.7,Alluvial,7.03,75.5,15.7,Sprinkler,21.9,54.2,30.9,1.11,692.3
2015,Punjab,Ludhiana,Chickpea,Rabi,184.7,Alluvial,7.2,54.7,16.6,Sprinkler,20.6,49.1,19.0,1.47,271.5
2015,Karnataka,Mandya,Chickpea,Rabi,636.3,Red,6.61,236.1,23.4,Drip,25.9,56.6,22.9,0.1,63.6
2016,Karnataka,Mandya,Chickpea,Rabi,499.6,Red,6.65,231.5,22.5,Drip,21.4,33.7,15.2,0.1,50.0
2020,Karnataka,Mandya,Chickpea,Rabi,598.6,Red,6.72,289.4,23.1,Drip,26.3,54.1,33.2,0.1,59.9
2023,Karnataka,Mandya,Chickpea,Rabi,158.5,Red,6.46,258.9,22.2,Rainfed,26.2,61.0,20.5,0.1,15.9
2005,Maharashtra,Nashik,Chickpea,Rabi,285.1,Black,7.41,35.5,20.1,Drip,17.1,39.4,15.8,1.09,310.8
2006,Maharashtra,Nashik,Chickpea,Rabi,330.8,Black,7.1,37.0,20.2,Drip,21.4,63.4,23.8,1.17,387.0
2007,Maharashtra,Nashik,Chickpea,Rabi,478.7,Black,7.25,32.1,20.3,Rainfed,28.0,47.4,22.9,0.26,124.5
2008,Maharashtra,Nashik,Chickpea,Rabi,395.0,Black,7.02,35.9,20.0,Rainfed,20.9,45.6,23.3,0.3,118.5
2009,Maharashtra,Nashik,Chickpea,Rabi,398.2,Black,7.32,19.5,20.4,Canal/Flood,21.3,47.5,21.0,0.95,378.3
2010,Maharashtra,Nashik,Chickpea,Rabi,268.6,Black,6.96,41.4,20.5,Rainfed,27.7,50.4,28.3,0.36,96.7
2011,Maharashtra,Nashik,Chickpea,Rabi,205.0,Black,7.13,31.3,20.4,Rainfed,19.7,67.9,24.9,0.26,53.3
2012,Maharashtra,Nashik,Chickpea,Rabi,528.5,Black,7.1,30.6,20.7,Canal/Flood,24.6,30.1,24.1,0.93,491.5
2013,Maharashtra,Nashik,Chickpea,Rabi,77.0,Black,7.28,35.6,20.7,Rainfed,26.5,42.7,20.4,0.28,21.6
2014,Maharashtra,Nashik,Chickpea,Rabi,971.4,Black,7.0,26.6,20.9,Drip,26.7,60.0,28.0,1.06,1029.7
2015,Maharashtra,Nashik,Chickpea,Rabi,448.7,Black,7.29,35.7,19.1,Rainfed,21.9,63.2,29.9,0.38,170.5
2016,Maharashtra,Nashik,Chickpea,Rabi,208.6,Black,7.43,34.0,20.1,Drip,25.0,41.4,16.8,1.26,262.8
2017,Maharashtra,Nashik,Chickpea,Rabi,546.5,Black,7.04,33.2,20.8,Rainfed,18.5,57.0,34.1,0.24,131.2
2018,Maharashtra,Nashik,Chickpea,Rabi,585.1,Black,7.83,40.1,21.0,Rainfed,25.0,45.5,25.9,0.22,128.7
2019,Maharashtra,Nashik,Chickpea,Rabi,410.6,Black,7.08,39.1,19.9,Drip,16.6,49.7,22.8,1.31,537.9
2020,Maharashtra,Nashik,Chickpea,Rabi,237.2,Black,7.03,41.0,19.8,Rainfed,16.9,57.4,31.2,0.43,102.0
2021,Maharashtra,Nashik,Chickpea,Rabi,600.4,Black,7.3,38.7,20.3,Rainfed,25.6,35.9,25.5,0.35,210.1
2022,Maharashtra,Nashik,Chickpea,Rabi,286.4,Black,7.01,38.6,23.2,Canal/Flood,28.1,42.2,33.3,0.44,126.0
2023,Maharashtra,Nashik,Chickpea,Rabi,273.5,Black,7.15,36.8,21.3,Canal/Flood,26.1,50.7,17.7,0.99,270.8
2024,Maharashtra,Nashik,Chickpea,Rabi,383.0,Black,7.22,35.1,19.8,Rainfed,27.5,57.4,28.0,0.37,141.7
2005,Bihar,Patna,Chickpea,Rabi,330.3,Alluvial,7.19,41.3,18.6,Tube Well,28.4,53.3,27.2,1.54,508.7
2006,Bihar,Patna,Chickpea,Rabi,286.2,Alluvial,7.06,49.4,18.4,Tube Well,35.9,57.1,24.9,1.77,506.6
2007,Bihar,Patna,Chickpea,Rabi,826.5,Alluvial,7.06,41.7,16.4,Rainfed,32.5,63.7,28.3,0.44,363.7
2008,Bihar,Patna,Chickpea,Rabi,275.6,Alluvial,6.88,53.4,18.0,Canal/Flood,26.8,56.4,26.0,1.5,413.4
2009,Bihar,Patna,Chickpea,Rabi,342.3,Alluvial,7.1,42.8,19.2,Tube Well,33.8,54.1,25.4,1.58,540.8
2010,Bihar,Patna,Chickpea,Rabi,376.5,Alluvial,6.98,53.3,16.3,Rainfed,21.4,51.7,21.5,0.56,210.8
2011,Bihar,Patna,Chickpea,Rabi,484.4,Alluvial,7.36,49.4,16.8,Canal/Flood,23.9,53.0,30.8,1.54,746.0
2012,Bihar,Patna,Chickpea,Rabi,214.3,Alluvial,6.82,48.7,17.1,Canal/Flood,19.8,43.3,30.2,1.37,293.6
2013,Bihar,Patna,Chickpea,Rabi,436.6,Alluvial,7.26,45.3,17.6,Rainfed,30.9,47.1,27.4,0.55,240.1
2014,Bihar,Patna,Chickpea,Rabi,111.1,Alluvial,7.26,43.6,18.2,Rainfed,31.6,53.7,21.9,0.55,61.1
2015,Bihar,Patna,Chickpea,Rabi,485.1,Alluvial,7.37,30.5,18.3,Tube Well,29.1,42.1,25.1,1.61,781.0
2016,Bihar,Patna,Chickpea,Rabi,235.0,Alluvial,7.24,45.1,17.2,Rainfed,24.9,44.8,16.2,0.53,124.6
2017,Bihar,Patna,Chickpea,Rabi,497.3,Alluvial,7.32,40.4,18.1,Rainfed,30.3,50.2,28.6,0.48,238.7
2018,Bihar,Patna,Chickpea,Rabi,365.2,Alluvial,7.27,46.0,18.6,Rainfed,28.9,41.5,42.0,0.57,208.2
2019,Bihar,Patna,Chickpea,Rabi,530.9,Alluvial,7.28,56.5,16.3,Canal/Flood,20.4,44.9,22.2,1.34,711.4
2020,Bihar,Patna,Chickpea,Rabi,310.1,Alluvial,7.25,49.7,16.8,Rainfed,23.9,49.1,20.0,0.57,176.8
2021,Bihar,Patna,Chickpea,Rabi,669.6,Alluvial,7.17,51.1,16.9,Rainfed,22.7,56.8,27.7,0.67,448.6
2022,Bihar,Patna,Chickpea,Rabi,210.1,Alluvial,7.54,46.8,19.4,Canal/Flood,31.4,51.1,31.4,1.48,310.9
2023,Bihar,Patna,Chickpea,Rabi,372.9,Alluvial,6.9,49.0,17.3,Canal/Flood,20.2,35.4,25.9,1.58,589.2
2024,Bihar,Patna,Chickpea,Rabi,366.9,Alluvial,7.67,50.6,17.6,Tube Well,25.7,54.3,18.6,1.47,539.3
2011,Gujarat,Rajkot,Chickpea,Rabi,159.3,Sandy Loam,7.53,14.2,21.7,Tube Well,19.9,43.5,21.0,0.49,78.1
2018,Gujarat,Rajkot,Chickpea,Rabi,414.6,Sandy Loam,7.71,14.1,22.0,Rainfed,28.8,62.2,21.8,0.1,41.5
2006,Tamil Nadu,Thanjavur,Chickpea,Rabi,448.4,Clay Loam,6.72,606.3,25.5,Canal/Flood,20.2,51.7,26.1,0.1,44.8
2009,Tamil Nadu,Thanjavur,Chickpea,Rabi,400.3,Clay Loam,6.63,425.6,25.5,Canal/Flood,28.1,42.1,14.2,0.1,40.0
2016,Tamil Nadu,Thanjavur,Chickpea,Rabi,293.3,Clay Loam,6.57,565.3,25.0,Rainfed,20.4,51.5,25.6,0.1,29.3
2021,Tamil Nadu,Thanjavur,Chickpea,Rabi,853.4,Clay Loam,7.13,638.6,25.3,Rainfed,24.8,41.7,18.0,0.1,85.3
2005,Uttar Pradesh,Varanasi,Chickpea,Rabi,276.7,Alluvial,7.02,54.1,17.0,Canal/Flood,21.5,65.0,23.5,1.55,428.9
2006,Uttar Pradesh,Varanasi,Chickpea,Rabi,718.5,Alluvial,7.04,48.7,18.7,Tube Well,32.7,37.7,17.7,1.48,1063.4
2007,Uttar Pradesh,Varanasi,Chickpea,Rabi,98.1,Alluvial,7.26,52.9,17.3,Rainfed,27.4,51.7,22.8,0.64,62.8
2008,Uttar Pradesh,Varanasi,Chickpea,Rabi,405.5,Alluvial,6.77,46.2,18.3,Tube Well,30.2,41.2,29.5,1.4,567.7
2009,Uttar Pradesh,Varanasi,Chickpea,Rabi,907.5,Alluvial,7.35,41.5,19.0,Tube Well,21.4,50.0,25.2,1.4,1270.5
2010,Uttar Pradesh,Varanasi,Chickpea,Rabi,654.3,Alluvial,7.21,44.0,17.5,Rainfed,25.9,53.2,20.9,0.49,320.6
2011,Uttar Pradesh,Varanasi,Chickpea,Rabi,131.4,Alluvial,7.12,51.4,18.1,Tube Well,22.0,38.7,22.5,1.7,223.4
2012,Uttar Pradesh,Varanasi,Chickpea,Rabi,101.9,Alluvial,6.83,50.6,18.1,Rainfed,29.4,45.6,26.6,0.54,55.0
2013,Uttar Pradesh,Varanasi,Chickpea,Rabi,784.4,Alluvial,7.06,46.8,18.5,Canal/Flood,31.4,27.6,22.9,1.53,1200.1
2014,Uttar Pradesh,Varanasi,Chickpea,Rabi,447.2,Alluvial,7.11,36.4,19.3,Tube Well,19.1,51.2,27.2,1.51,675.3
2015,Uttar Pradesh,Varanasi,Chickpea,Rabi,481.1,Alluvial,7.1,44.2,18.9,Tube Well,26.6,45.5,23.0,1.82,875.6
2016,Uttar Pradesh,Varanasi,Chickpea,Rabi,534.4,Alluvial,7.23,43.1,18.4,Canal/Flood,24.4,46.7,23.4,1.68,897.8
2017,Uttar Pradesh,Varanasi,Chickpea,Rabi,605.9,Alluvial,7.42,61.8,17.6,Canal/Flood,19.8,58.1,22.8,1.67,1011.9
2018,Uttar Pradesh,Varanasi,Chickpea,Rabi,257.1,Alluvial,7.35,49.8,18.1,Rainfed,24.1,46.7,23.6,0.66,169.7
2019,Uttar Pradesh,Varanasi,Chickpea,Rabi,187.4,Alluvial,6.93,62.9,17.7,Rainfed,27.5,57.9,25.2,0.87,163.0
2020,Uttar Pradesh,Varanasi,Chickpea,Rabi,159.7,Alluvial,7.18,63.0,17.7,Canal/Flood,21.2,46.0,21.9,1.78,284.3
2021,Uttar Pradesh,Varanasi,Chickpea,Rabi,209.2,Alluvial,7.17,50.1,17.1,Tube Well,26.1,53.7,20.1,1.77,370.3
2022,Uttar Pradesh,Varanasi,Chickpea,Rabi,574.6,Alluvial,6.82,46.8,20.0,Canal/Flood,19.1,49.3,30.7,1.24,712.5
2023,Uttar Pradesh,Varanasi,Chickpea,Rabi,475.9,Alluvial,7.05,51.9,19.0,Rainfed,20.2,56.6,25.1,0.67,318.9
2024,Uttar Pradesh,Varanasi,Chickpea,Rabi,569.2,Alluvial,6.86,55.4,18.0,Tube Well,31.4,47.9,25.7,1.62,922.1
2006,West Bengal,Burdwan,Coffee,Kharif,207.5,Alluvial,6.43,1281.5,29.3,Rainfed,87.4,52.3,73.8,0.13,27.0
2014,West Bengal,Burdwan,Coffee,Kharif,470.1,Alluvial,6.47,1106.9,29.6,Rainfed,92.2,66.9,73.4,0.1,47.0
2005,West Bengal,Burdwan,Coffee,Rabi,310.0,Alluvial,6.18,62.1,19.5,Canal/Flood,78.7,64.0,81.5,0.16,49.6
2013,West Bengal,Burdwan,Coffee,Rabi,292.3,Alluvial,6.05,55.9,19.6,Canal/Flood,89.7,64.6,106.1,0.2,58.5
2022,West Bengal,Burdwan,Coffee,Rabi,321.1,Alluvial,6.29,73.9,22.5,Rainfed,109.7,43.6,84.3,0.2,64.2
2009,Andhra Pradesh,Guntur,Coffee,Kharif,132.2,Black,7.52,520.8,30.9,Drip,97.5,62.4,77.2,0.16,21.2
2018,Andhra Pradesh,Guntur,Coffee,Kharif,618.3,Black,7.55,611.0,29.8,Tube Well,88.1,56.1,86.4,0.16,98.9
2018,Andhra Pradesh,Guntur,Coffee,Rabi,484.5,Black,7.61,247.7,24.2,Canal/Flood,100.8,47.8,95.1,0.28,135.7
2017,Madhya Pradesh,Indore,Coffee,Kharif,251.8,Black,7.61,729.3,28.2,Tube Well,91.8,41.3,129.6,0.17,42.8
2020,Madhya Pradesh,Indore,Coffee,Kharif,367.4,Black,7.59,1003.5,27.0,Sprinkler,81.1,79.3,94.8,0.12,44.1
2024,Madhya Pradesh,Indore,Coffee,Kharif,292.0,Black,7.71,782.8,28.0,Rainfed,83.7,41.8,64.0,0.1,29.2
2019,Haryana,Karnal,Coffee,Kharif,300.9,Alluvial,7.74,721.0,31.3,Tube Well,92.8,45.4,102.2,0.16,48.1
2020,Haryana,Karnal,Coffee,Kharif,269.4,Alluvial,7.6,755.6,30.3,Tube Well,97.8,48.4,100.7,0.16,43.1
2005,Haryana,Karnal,Coffee,Rabi,290.3,Alluvial,7.5,83.4,15.3,Tube Well,67.8,51.7,104.2,0.1,29.0
2010,Rajasthan,Kota,Coffee,Kharif,192.8,Clay Loam,7.82,741.6,31.1,Sprinkler,78.6,68.4,92.9,0.15,28.9
2019,Rajasthan,Kota,Coffee,Kharif,383.1,Clay Loam,7.85,748.9,29.7,Canal/Flood,97.6,67.9,118.1,0.17,65.1
2012,Rajasthan,Kota,Coffee,Rabi,307.0,Clay Loam,7.53,24.2,17.4,Sprinkler,87.6,63.8,74.0,0.1,30.7
2014,Rajasthan,Kota,Coffee,Rabi,789.0,Clay Loam,7.86,21.5,17.6,Canal/Flood,97.3,53.6,97.9,0.1,78.9
2018,Rajasthan,Kota,Coffee,Rabi,556.2,Clay Loam,7.53,26.0,18.2,Sprinkler,75.5,70.1,114.0,0.12,66.7
2023,Rajasthan,Kota,Coffee,Rabi,94.9,Clay Loam,7.54,24.1,18.9,Canal/Flood,122.9,46.0,91.0,0.1,9.5
2008,Punjab,Ludhiana,Coffee,Kharif,326.1,Alluvial,7.18,581.5,29.8,Tube Well,82.9,73.0,95.1,0.15,48.9
2024,Punjab,Ludhiana,Coffee,Rabi,472.7,Alluvial,7.36,78.9,16.5,Tube Well,90.5,80.4,115.4,0.1,47.3
2005,Karnataka,Mandya,Coffee,Kharif,404.9,Red,6.52,416.0,26.1,Drip,91.2,54.8,97.8,0.23,93.1
2006,Karnataka,Mandya,Coffee,Kharif,293.5,Red,6.43,446.8,25.8,Canal/Flood,89.0,58.0,74.7,0.24,70.4
2007,Karnataka,Mandya,Coffee,Kharif,142.8,Red,6.53,440.1,26.2,Rainfed,104.0,50.4,96.5,0.1,14.3
2008,Karnataka,Mandya,Coffee,Kharif,411.6,Red,6.33,419.3,25.6,Drip,90.8,68.3,80.1,0.39,160.5
2009,Karnataka,Mandya,Coffee,Kharif,217.5,Red,6.31,475.3,26.4,Rainfed,93.7,63.3,90.1,0.1,21.8
2010,Karnataka,Mandya,Coffee,Kharif,516.6,Red,6.38,519.8,25.4,Drip,89.7,71.0,51.6,0.37,191.1
2011,Karnataka,Mandya,Coffee,Kharif,348.1,Red,6.72,568.6,26.0,Rainfed,113.8,56.1,109.7,0.1,34.8
2012,Karnataka,Mandya,Coffee,Kharif,503.3,Red,6.23,448.6,26.5,Canal/Flood,77.6,59.1,79.7,0.21,105.7
2013,Karnataka,Mandya,Coffee,Kharif,214.2,Red,6.07,437.7,26.5,Canal/Flood,76.9,66.3,99.9,0.23,49.3
2014,Karnataka,Mandya,Coffee,Kharif,231.1,Red,6.53,481.1,26.4,Drip,103.8,69.9,91.1,0.24,55.5
2015,Karnataka,Mandya,Coffee,Kharif,407.2,Red,6.38,323.7,27.0,Canal/Flood,66.6,60.2,89.6,0.16,65.2
2016,Karnataka,Mandya,Coffee,Kharif,384.6,Red,6.6,317.7,26.1,Canal/Flood,97.8,50.8,94.3,0.15,57.7
2017,Karnataka,Mandya,Coffee,Kharif,250.9,Red,6.52,531.4,25.5,Drip,87.2,49.9,101.5,0.33,82.8
2018,Karnataka,Mandya,Coffee,Kharif,658.9,Red,6.34,488.0,25.0,Drip,93.4,69.5,92.9,0.51,336.0
2019,Karnataka,Mandya,Coffee,Kharif,366.3,Red,6.6,580.4,24.4,Canal/Flood,69.7,60.2,103.4,0.47,172.2
2020,Karnataka,Mandya,Coffee,Kharif,428.6,Red,6.44,610.9,25.3,Canal/Flood,82.1,68.9,94.7,0.4,171.4
2021,Karnataka,Mandya,Coffee,Kharif,357.5,Red,6.39,457.9,26.2,Canal/Flood,70.9,61.4,125.8,0.21,75.1
2022,Karnataka,Mandya,Coffee,Kharif,458.8,Red,6.64,553.9,28.5,Canal/Flood,128.8,41.9,73.5,0.22,100.9
2023,Karnataka,Mandya,Coffee,Kharif,225.3,Red,6.52,381.6,25.3,Canal/Flood,83.3,56.3,112.3,0.31,69.8
2024,Karnataka,Mandya,Coffee,Kharif,283.9,Red,6.74,416.8,26.2,Canal/Flood,89.9,46.3,74.5,0.16,45.4
2005,Karnataka,Mandya,Coffee,Rabi,309.6,Red,6.4,227.2,22.7,Rainfed,131.1,65.7,80.5,0.18,55.7
2006,Karnataka,Mandya,Coffee,Rabi,566.7,Red,6.63,254.8,22.8,Rainfed,108.8,50.0,93.9,0.16,90.7
2007,Karnataka,Mandya,Coffee,Rabi,329.7,Red,6.4,222.5,22.7,Canal/Flood,78.4,57.2,103.4,0.46,151.7
2008,Karnataka,Mandya,Coffee,Rabi,276.2,Red,6.56,276.1,22.3,Rainfed,102.2,37.7,90.5,0.18,49.7
2009,Karnataka,Mandya,Coffee,Rabi,581.9,Red,6.61,148.4,24.0,Rainfed,71.8,51.7,91.1,0.12,69.8
2010,Karnataka,Mandya,Coffee,Rabi,410.5,Red,6.74,233.8,22.4,Rainfed,92.4,53.1,123.0,0.15,61.6
2011,Karnataka,Mandya,Coffee,Rabi,584.6,Red,6.54,308.2,23.8,Rainfed,100.8,71.4,81.0,0.15,87.7
2012,Karnataka,Mandya,Coffee,Rabi,219.0,Red,6.47,235.0,24.1,Canal/Flood,64.3,74.0,100.5,0.34,74.5
2013,Karnataka,Mandya,Coffee,Rabi,214.1,Red,6.6,250.4,23.0,Rainfed,105.1,78.2,87.0,0.17,36.4
2014,Karnataka,Mandya,Coffee,Rabi,339.9,Red,6.22,217.6,23.4,Drip,85.1,62.1,78.1,0.88,299.1
2015,Karnataka,Mandya,Coffee,Rabi,270.1,Red,6.61,236.1,23.4,Drip,86.9,64.4,76.0,0.63,170.2
2016,Karnataka,Mandya,Coffee,Rabi,484.7,Red,6.65,231.5,22.5,Drip,84.0,52.6,84.5,0.69,334.4
2017,Karnataka,Mandya,Coffee,Rabi,453.8,Red,6.5,220.8,22.7,Canal/Flood,82.1,32.5,96.3,0.48,217.8
2018,Karnataka,Mandya,Coffee,Rabi,410.3,Red,6.53,195.6,23.0,Rainfed,68.5,58.1,78.2,0.17,69.8
2019,Karnataka,Mandya,Coffee,Rabi,978.4,Red,6.34,336.4,22.6,Drip,95.1,40.8,84.7,1.08,1056.7
2020,Karnataka,Mandya,Coffee,Rabi,456.4,Red,6.72,289.4,23.1,Drip,106.2,63.9,95.6,0.77,351.4
2021,Karnataka,Mandya,Coffee,Rabi,105.8,Red,6.47,219.3,22.6,Drip,96.3,57.9,60.4,0.9,95.2
2022,Karnataka,Mandya,Coffee,Rabi,703.0,Red,6.47,176.8,25.1,Canal/Flood,128.4,57.0,128.6,0.22,154.7
2023,Karnataka,Mandya,Coffee,Rabi,329.5,Red,6.46,258.9,22.2,Canal/Flood,72.6,58.1,89.9,0.57,187.8
2024,Karnataka,Mandya,Coffee,Rabi,135.3,Red,6.79,264.8,23.2,Drip,86.0,40.4,91.5,0.71,96.1
2009,Maharashtra,Nashik,Coffee,Kharif,334.0,Black,7.27,544.2,27.3,Canal/Flood,100.3,49.1,62.7,0.14,46.8
2015,Maharashtra,Nashik,Coffee,Kharif,232.8,Black,7.18,739.4,26.5,Rainfed,92.9,67.8,87.4,0.1,23.3
2022,Maharashtra,Nashik,Coffee,Kharif,895.9,Black,7.17,563.9,28.4,Canal/Flood,90.9,71.5,104.8,0.16,143.3
2008,Maharashtra,Nashik,Coffee,Rabi,457.1,Black,7.02,35.9,20.0,Rainfed,61.0,58.6,96.7,0.1,45.7
2016,Maharashtra,Nashik,Coffee,Rabi,148.7,Black,7.43,34.0,20.1,Drip,61.6,54.9,117.7,0.35,52.0
2017,Maharashtra,Nashik,Coffee,Rabi,429.1,Black,7.04,33.2,20.8,Drip,75.4,59.8,104.0,0.43,184.5
2022,Maharashtra,Nashik,Coffee,Rabi,503.3,Black,7.01,38.6,23.2,Rainfed,94.0,71.6,91.9,0.14,70.5
2009,Bihar,Patna,Coffee,Kharif,482.5,Alluvial,7.01,624.7,29.7,Tube Well,73.2,57.8,89.4,0.15,72.4
2020,Bihar,Patna,Coffee,Kharif,578.1,Alluvial,7.19,1140.7,28.9,Canal/Flood,101.0,70.7,104.6,0.12,69.4
2010,Bihar,Patna,Coffee,Rabi,207.9,Alluvial,6.98,53.3,16.3,Canal/Flood,77.9,55.8,77.6,0.1,20.8
2016,Bihar,Patna,Coffee,Rabi,330.2,Alluvial,7.24,45.1,17.2,Tube Well,88.1,62.3,91.1,0.1,33.0
2006,Gujarat,Rajkot,Coffee,Kharif,435.7,Sandy Loam,7.73,619.0,28.3,Tube Well,132.8,43.8,94.1,0.16,69.7
2006,Gujarat,Rajkot,Coffee,Rabi,1044.6,Sandy Loam,7.96,15.5,20.6,Rainfed,86.7,58.5,106.3,0.11,114.9
2008,Gujarat,Rajkot,Coffee,Rabi,531.3,Sandy Loam,7.79,14.7,20.2,Drip,71.8,58.3,97.0,0.33,175.3
2009,Gujarat,Rajkot,Coffee,Rabi,287.6,Sandy Loam,7.53,14.2,22.4,Sprinkler,97.7,41.1,81.3,0.34,97.8
2019,Gujarat,Rajkot,Coffee,Rabi,943.0,Sandy Loam,7.5,15.4,21.4,Tube Well,118.0,41.9,94.5,0.26,245.2
2021,Gujarat,Rajkot,Coffee,Rabi,486.1,Sandy Loam,7.52,13.6,21.9,Tube Well,77.4,59.4,89.6,0.23,111.8
2018,Tamil Nadu,Thanjavur,Coffee,Rabi,344.6,Clay Loam,6.39,446.9,25.2,Tube Well,88.3,68.1,111.1,0.32,110.3
2012,Uttar Pradesh,Varanasi,Coffee,Kharif,205.3,Alluvial,6.93,1010.4,28.4,Canal/Flood,97.6,62.4,91.0,0.14,28.7
2018,Uttar Pradesh,Varanasi,Coffee,Kharif,184.6,Alluvial,7.31,887.8,28.0,Canal/Flood,88.0,65.5,95.2,0.17,31.4
2020,Uttar Pradesh,Varanasi,Coffee,Kharif,137.7,Alluvial,6.74,1043.5,29.6,Rainfed,119.0,63.8,90.2,0.1,13.8
2005,Uttar Pradesh,Varanasi,Coffee,Rabi,337.0,Alluvial,7.02,54.1,17.0,Tube Well,113.3,44.5,108.8,0.1,33.7
2006,Uttar Pradesh,Varanasi,Coffee,Rabi,178.7,Alluvial,7.04,48.7,18.7,Rainfed,93.0,51.3,111.0,0.1,17.9
2012,Uttar Pradesh,Varanasi,Coffee,Rabi,423.4,Alluvial,6.83,50.6,18.1,Canal/Flood,89.4,68.8,107.9,0.1,42.3
2019,West Bengal,Burdwan,Cotton,Kharif,766.7,Alluvial,6.41,1499.6,28.2,Canal/Flood,105.9,52.0,40.2,0.33,253.0
2005,Andhra Pradesh,Guntur,Cotton,Kharif,555.6,Black,7.49,577.3,29.7,Rainfed,86.0,40.0,65.8,1.36,755.6
2006,Andhra Pradesh,Guntur,Cotton,Kharif,390.6,Black,7.13,455.7,29.9,Rainfed,86.0,48.3,42.0,0.58,226.5
2007,Andhra Pradesh,Guntur,Cotton,Kharif,213.8,Black,7.23,577.6,30.2,Drip,112.0,50.9,61.7,0.87,186.0
2008,Andhra Pradesh,Guntur,Cotton,Kharif,111.3,Black,7.36,569.5,29.8,Tube Well,87.6,51.8,56.9,1.32,146.9
2009,Andhra Pradesh,Guntur,Cotton,Kharif,632.0,Black,7.52,520.8,30.9,Rainfed,92.4,59.5,51.7,0.87,549.8
2010,Andhra Pradesh,Guntur,Cotton,Kharif,148.4,Black,7.44,550.9,29.3,Tube Well,100.5,48.3,60.9,1.54,228.5
2011,Andhra Pradesh,Guntur,Cotton,Kharif,348.8,Black,7.61,660.2,30.3,Canal/Flood,95.0,34.7,55.7,0.98,341.8
2012,Andhra Pradesh,Guntur,Cotton,Kharif,226.1,Black,7.95,487.6,30.6,Rainfed,104.2,41.7,61.6,0.68,153.7
2013,Andhra Pradesh,Guntur,Cotton,Kharif,910.4,Black,7.41,629.5,30.4,Rainfed,143.2,42.2,68.4,1.61,1465.7
2014,Andhra Pradesh,Guntur,Cotton,Kharif,65.7,Black,7.43,657.8,30.2,Canal/Flood,97.1,52.9,59.9,1.01,66.4
2015,Andhra Pradesh,Guntur,Cotton,Kharif,240.1,Black,7.42,570.4,30.9,Drip,125.0,67.6,50.1,0.86,206.5
2016,Andhra Pradesh,Guntur,Cotton,Kharif,305.9,Black,7.34,672.2,30.8,Drip,99.6,46.6,40.2,0.53,162.1
2017,Andhra Pradesh,Guntur,Cotton,Kharif,709.6,Black,7.62,589.7,29.9,Canal/Flood,101.7,56.1,39.2,1.47,1043.1
2018,Andhra Pradesh,Guntur,Cotton,Kharif,88.7,Black,7.55,611.0,29.8,Canal/Flood,101.2,33.2,57.4,1.19,105.6
2019,Andhra Pradesh,Guntur,Cotton,Kharif,578.2,Black,7.46,824.7,28.7,Drip,87.6,48.3,53.7,0.42,242.8
2020,Andhra Pradesh,Guntur,Cotton,Kharif,420.0,Black,7.7,872.1,31.0,Drip,93.1,52.3,52.1,0.33,138.6
2021,Andhra Pradesh,Guntur,Cotton,Kharif,672.2,Black,7.63,564.3,29.8,Drip,92.6,61.9,50.3,1.02,685.6
2022,Andhra Pradesh,Guntur,Cotton,Kharif,901.9,Black,7.4,576.9,32.7,Canal/Flood,83.5,59.4,52.6,0.7,631.3
2023,Andhra Pradesh,Guntur,Cotton,Kharif,665.5,Black,7.46,733.6,30.1,Drip,84.3,53.7,57.3,0.44,292.8
2024,Andhra Pradesh,Guntur,Cotton,Kharif,648.5,Black,7.19,520.3,29.9,Tube Well,117.8,51.6,38.4,1.61,1044.1
2005,Madhya Pradesh,Indore,Cotton,Kharif,455.8,Black,7.77,786.5,26.8,Rainfed,126.1,44.3,57.9,1.69,770.3
2006,Madhya Pradesh,Indore,Cotton,Kharif,197.1,Black,7.65,944.6,27.0,Rainfed,109.7,59.7,46.7,1.15,226.7
2007,Madhya Pradesh,Indore,Cotton,Kharif,186.6,Black,7.71,899.2,27.3,Rainfed,108.5,41.7,55.0,1.44,268.7
2008,Madhya Pradesh,Indore,Cotton,Kharif,266.6,Black,7.6,696.2,26.3,Tube Well,86.9,58.9,44.7,0.71,189.3
2009,Madhya Pradesh,Indore,Cotton,Kharif,514.2,Black,7.42,727.3,28.1,Tube Well,111.6,50.2,29.1,0.62,318.8
2010,Madhya Pradesh,Indore,Cotton,Kharif,194.2,Black,7.8,681.5,26.4,Tube Well,111.6,50.7,34.2,0.73,141.8
2011,Madhya Pradesh,Indore,Cotton,Kharif,409.2,Black,7.53,825.2,27.5,Rainfed,65.3,48.2,53.9,1.82,744.7
2012,Madhya Pradesh,Indore,Cotton,Kharif,95.0,Black,7.68,829.3,27.1,Tube Well,104.6,50.9,48.1,0.43,40.9
2013,Madhya Pradesh,Indore,Cotton,Kharif,212.6,Black,7.79,898.9,27.1,Sprinkler,105.3,38.0,46.3,0.37,78.7
2014,Madhya Pradesh,Indore,Cotton,Kharif,202.9,Black,7.71,927.3,28.1,Rainfed,80.7,65.9,40.9,1.31,265.8
2015,Madhya Pradesh,Indore,Cotton,Kharif,591.3,Black,7.83,756.9,28.3,Tube Well,119.8,46.8,60.7,0.61,360.7
2016,Madhya Pradesh,Indore,Cotton,Kharif,269.5,Black,7.21,1005.1,26.7,Sprinkler,115.9,42.1,47.8,0.38,102.4
2017,Madhya Pradesh,Indore,Cotton,Kharif,79.9,Black,7.61,729.3,28.2,Tube Well,113.3,46.3,45.1,0.77,61.5
2018,Madhya Pradesh,Indore,Cotton,Kharif,301.6,Black,7.56,877.2,26.7,Rainfed,85.1,47.5,44.8,1.36,410.2
2019,Madhya Pradesh,Indore,Cotton,Kharif,142.0,Black,7.25,1015.4,25.6,Sprinkler,121.2,33.8,52.3,0.29,41.2
2020,Madhya Pradesh,Indore,Cotton,Kharif,321.1,Black,7.59,1003.5,27.0,Tube Well,81.7,47.2,67.2,0.39,125.2
2021,Madhya Pradesh,Indore,Cotton,Kharif,410.2,Black,7.56,758.1,26.9,Rainfed,90.1,49.3,38.7,2.11,865.5
2022,Madhya Pradesh,Indore,Cotton,Kharif,646.3,Black,7.38,956.3,30.0,Sprinkler,89.7,37.8,49.9,0.4,258.5
2023,Madhya Pradesh,Indore,Cotton,Kharif,806.2,Black,7.53,688.0,26.5,Tube Well,128.0,38.0,71.0,0.85,685.3
2024,Madhya Pradesh,Indore,Cotton,Kharif,641.8,Black,7.71,782.8,28.0,Rainfed,86.7,49.0,47.4,2.22,1424.8
2006,Haryana,Karnal,Cotton,Kharif,223.9,Alluvial,7.26,486.6,30.7,Tube Well,129.3,44.8,40.9,1.32,295.5
2013,Haryana,Karnal,Cotton,Kharif,153.6,Alluvial,7.13,596.6,30.4,Canal/Flood,131.5,44.8,53.7,1.21,185.9
2009,Rajasthan,Kota,Cotton,Kharif,378.0,Clay Loam,7.58,575.2,29.7,Sprinkler,123.3,43.3,61.8,1.18,446.0
2017,Rajasthan,Kota,Cotton,Kharif,332.7,Clay Loam,7.41,606.9,29.9,Canal/Flood,121.3,36.1,54.7,1.33,442.5
2005,Punjab,Ludhiana,Cotton,Kharif,188.0,Alluvial,7.42,614.6,30.9,Tube Well,89.9,40.9,52.8,0.86,161.7
2006,Punjab,Ludhiana,Cotton,Kharif,108.9,Alluvial,7.25,600.6,31.6,Tube Well,102.2,40.7,38.5,0.76,82.8
2007,Punjab,Ludhiana,Cotton,Kharif,408.1,Alluvial,7.46,492.8,31.2,Sprinkler,105.8,45.5,49.3,1.12,457.1
2008,Punjab,Ludhiana,Cotton,Kharif,724.9,Alluvial,7.18,581.5,29.8,Sprinkler,144.0,45.1,33.8,1.0,724.9
2009,Punjab,Ludhiana,Cotton,Kharif,270.5,Alluvial,6.95,368.2,32.6,Sprinkler,89.7,47.5,62.2,0.64,173.1
2010,Punjab,Ludhiana,Cotton,Kharif,230.1,Alluvial,7.17,523.6,31.2,Tube Well,124.5,56.8,34.3,1.22,280.7
2011,Punjab,Ludhiana,Cotton,Kharif,538.1,Alluvial,7.45,723.7,31.1,Tube Well,79.0,40.1,57.4,0.56,301.3
2012,Punjab,Ludhiana,Cotton,Kharif,232.4,Alluvial,7.67,381.6,31.3,Tube Well,83.8,75.4,46.8,1.52,353.2
2013,Punjab,Ludhiana,Cotton,Kharif,310.3,Alluvial,7.48,559.1,30.8,Canal/Flood,113.3,44.3,57.3,1.33,412.7
2014,Punjab,Ludhiana,Cotton,Kharif,217.0,Alluvial,7.42,502.5,32.8,Canal/Flood,98.1,49.3,61.8,0.77,167.1
2015,Punjab,Ludhiana,Cotton,Kharif,248.1,Alluvial,7.28,441.8,33.0,Tube Well,101.4,34.1,54.2,0.66,163.7
2016,Punjab,Ludhiana,Cotton,Kharif,641.2,Alluvial,7.15,617.4,30.4,Tube Well,74.7,45.1,49.1,1.03,660.4
2017,Punjab,Ludhiana,Cotton,Kharif,101.1,Alluvial,7.04,599.5,31.2,Sprinkler,130.0,47.9,45.7,0.76,76.8
2018,Punjab,Ludhiana,Cotton,Kharif,432.1,Alluvial,7.13,476.1,31.7,Canal/Flood,138.0,51.9,41.7,1.26,544.4
2019,Punjab,Ludhiana,Cotton,Kharif,262.1,Alluvial,7.3,830.1,30.9,Sprinkler,113.6,46.0,49.3,0.34,89.1
2020,Punjab,Ludhiana,Cotton,Kharif,106.8,Alluvial,7.46,746.6,30.1,Tube Well,93.3,53.4,61.8,0.64,68.4
2021,Punjab,Ludhiana,Cotton,Kharif,325.5,Alluvial,7.33,657.5,31.1,Tube Well,77.8,47.8,69.0,0.8,260.4
2022,Punjab,Ludhiana,Cotton,Kharif,327.7,Alluvial,7.14,506.3,32.1,Tube Well,116.4,52.8,50.0,1.03,337.5
2023,Punjab,Ludhiana,Cotton,Kharif,207.0,Alluvial,7.44,590.5,31.8,Sprinkler,87.9,40.2,51.9,0.76,157.3
2024,Punjab,Ludhiana,Cotton,Kharif,183.3,Alluvial,7.29,544.8,30.6,Tube Well,94.0,60.6,45.9,1.39,254.8
2014,Karnataka,Mandya,Cotton,Kharif,508.6,Red,6.53,481.1,26.4,Canal/Flood,94.9,45.6,40.0,0.99,503.5
2022,Karnataka,Mandya,Cotton,Kharif,335.8,Red,6.64,553.9,28.5,Rainfed,107.5,50.8,44.1,0.82,275.4
2005,Maharashtra,Nashik,Cotton,Kharif,969.6,Black,7.22,770.2,26.0,Drip,86.1,63.1,58.6,0.29,281.2
2006,Maharashtra,Nashik,Cotton,Kharif,488.1,Black,7.35,919.8,25.6,Canal/Flood,120.1,44.2,58.5,0.28,136.7
2007,Maharashtra,Nashik,Cotton,Kharif,255.8,Black,7.47,939.9,26.2,Canal/Flood,101.0,62.6,56.3,0.34,87.0
2008,Maharashtra,Nashik,Cotton,Kharif,227.9,Black,7.17,1041.9,27.4,Drip,98.1,35.3,33.9,0.35,79.8
2009,Maharashtra,Nashik,Cotton,Kharif,471.7,Black,7.27,544.2,27.3,Rainfed,142.1,47.9,51.0,1.21,570.8
2010,Maharashtra,Nashik,Cotton,Kharif,239.1,Black,7.41,800.3,25.1,Drip,74.2,44.8,32.8,0.24,57.4
2011,Maharashtra,Nashik,Cotton,Kharif,591.3,Black,7.02,536.9,26.2,Drip,102.9,61.8,41.5,0.79,467.1
2012,Maharashtra,Nashik,Cotton,Kharif,204.2,Black,7.31,714.1,25.7,Drip,71.9,55.6,55.8,0.34,69.4
2013,Maharashtra,Nashik,Cotton,Kharif,226.2,Black,7.13,629.6,25.3,Drip,106.1,44.8,45.6,0.45,101.8
2014,Maharashtra,Nashik,Cotton,Kharif,432.9,Black,7.29,652.2,26.5,Drip,103.6,46.9,48.0,0.58,251.1
2015,Maharashtra,Nashik,Cotton,Kharif,230.3,Black,7.18,739.4,26.5,Drip,108.3,55.0,59.7,0.36,82.9
2016,Maharashtra,Nashik,Cotton,Kharif,344.8,Black,7.03,627.6,25.9,Rainfed,99.1,57.3,47.2,1.21,417.2
2017,Maharashtra,Nashik,Cotton,Kharif,258.7,Black,7.05,670.9,26.3,Canal/Flood,117.4,69.1,52.1,0.86,222.5
2018,Maharashtra,Nashik,Cotton,Kharif,279.1,Black,7.35,852.9,26.6,Canal/Flood,94.3,51.9,52.2,0.37,103.3
2019,Maharashtra,Nashik,Cotton,Kharif,169.9,Black,7.44,1011.6,25.6,Rainfed,120.5,51.3,39.6,0.64,108.7
2020,Maharashtra,Nashik,Cotton,Kharif,275.6,Black,7.34,929.8,25.1,Rainfed,96.8,52.1,47.5,1.0,275.6
2021,Maharashtra,Nashik,Cotton,Kharif,537.5,Black,7.11,616.8,26.3,Drip,67.4,37.1,59.9,0.64,344.0
2022,Maharashtra,Nashik,Cotton,Kharif,92.9,Black,7.17,563.9,28.4,Drip,99.3,47.7,50.2,1.05,97.5
2023,Maharashtra,Nashik,Cotton,Kharif,204.3,Black,7.2,724.2,27.3,Drip,98.1,44.2,57.0,0.45,91.9
2024,Maharashtra,Nashik,Cotton,Kharif,373.9,Black,7.3,708.7,25.6,Drip,116.7,55.0,53.0,0.43,160.8
2008,Bihar,Patna,Cotton,Kharif,587.0,Alluvial,7.09,775.7,28.0,Rainfed,93.9,34.5,41.8,1.76,1033.1
2009,Bihar,Patna,Cotton,Kharif,228.6,Alluvial,7.01,624.7,29.7,Rainfed,86.1,34.0,43.8,1.2,274.3
2005,Gujarat,Rajkot,Cotton,Kharif,591.5,Sandy Loam,7.76,671.0,28.2,Sprinkler,114.7,55.6,61.6,0.63,372.6
2006,Gujarat,Rajkot,Cotton,Kharif,314.4,Sandy Loam,7.73,619.0,28.3,Rainfed,104.1,60.6,53.3,1.4,440.2
2007,Gujarat,Rajkot,Cotton,Kharif,261.0,Sandy Loam,7.53,548.7,29.6,Sprinkler,49.0,60.8,45.8,0.96,250.6
2008,Gujarat,Rajkot,Cotton,Kharif,439.4,Sandy Loam,7.82,404.5,28.8,Drip,101.2,25.6,52.3,1.25,549.2
2009,Gujarat,Rajkot,Cotton,Kharif,102.0,Sandy Loam,7.68,506.2,29.8,Tube Well,85.3,46.4,55.5,1.34,136.7
2010,Gujarat,Rajkot,Cotton,Kharif,159.9,Sandy Loam,7.61,595.9,29.9,Rainfed,124.4,54.4,47.9,1.21,193.5
2011,Gujarat,Rajkot,Cotton,Kharif,366.1,Sandy Loam,8.11,533.3,28.7,Tube Well,70.8,41.4,55.5,0.95,347.8
2012,Gujarat,Rajkot,Cotton,Kharif,177.9,Sandy Loam,7.9,569.7,28.3,Sprinkler,144.3,49.0,58.6,0.94,167.2
2013,Gujarat,Rajkot,Cotton,Kharif,238.7,Sandy Loam,7.6,615.8,29.3,Tube Well,107.7,32.1,55.3,0.99,236.3
2014,Gujarat,Rajkot,Cotton,Kharif,448.2,Sandy Loam,7.79,517.6,29.4,Tube Well,84.3,49.8,63.1,1.37,614.0
2015,Gujarat,Rajkot,Cotton,Kharif,656.6,Sandy Loam,7.71,678.7,30.2,Tube Well,74.6,50.7,56.3,0.66,433.4
2016,Gujarat,Rajkot,Cotton,Kharif,479.9,Sandy Loam,7.79,480.6,29.7,Tube Well,93.4,41.9,42.7,1.27,609.5
2017,Gujarat,Rajkot,Cotton,Kharif,730.8,Sandy Loam,7.88,661.7,29.5,Tube Well,117.1,37.6,31.2,0.76,555.4
2018,Gujarat,Rajkot,Cotton,Kharif,138.1,Sandy Loam,7.78,693.0,29.4,Sprinkler,101.7,48.5,39.0,0.56,77.3
2019,Gujarat,Rajkot,Cotton,Kharif,119.5,Sandy Loam,7.69,652.7,29.6,Rainfed,83.0,61.5,41.4,1.54,184.0
2020,Gujarat,Rajkot,Cotton,Kharif,183.2,Sandy Loam,7.7,716.3,29.4,Rainfed,117.2,41.0,55.1,1.91,349.9
2021,Gujarat,Rajkot,Cotton,Kharif,674.0,Sandy Loam,7.88,512.6,29.3,Rainfed,98.2,39.8,57.7,0.8,539.2
2022,Gujarat,Rajkot,Cotton,Kharif,295.1,Sandy Loam,7.64,732.2,30.6,Drip,101.2,45.7,47.9,0.34,100.3
2023,Gujarat,Rajkot,Cotton,Kharif,518.9,Sandy Loam,8.49,617.6,28.9,Sprinkler,113.4,45.3,45.0,0.65,337.3
2024,Gujarat,Rajkot,Cotton,Kharif,380.9,Sandy Loam,7.72,447.1,28.2,Rainfed,116.2,31.9,61.4,0.59,224.7
2022,Tamil Nadu,Thanjavur,Cotton,Kharif,196.8,Clay Loam,6.9,322.3,33.7,Canal/Flood,83.8,55.7,46.7,0.45,88.6
2006,Uttar Pradesh,Varanasi,Cotton,Kharif,224.3,Alluvial,7.1,855.0,29.5,Tube Well,109.1,50.5,33.8,0.33,74.0
2015,West Bengal,Burdwan,Groundnut,Kharif,518.7,Alluvial,6.42,965.0,29.7,Canal/Flood,40.9,70.5,43.2,0.38,197.1
2009,West Bengal,Burdwan,Groundnut,Summer,608.0,Alluvial,5.96,110.4,33.5,Tube Well,21.7,72.4,38.5,0.36,218.9
2005,Andhra Pradesh,Guntur,Groundnut,Kharif,440.8,Black,7.49,577.3,29.7,Rainfed,33.9,47.8,36.2,0.93,409.9
2006,Andhra Pradesh,Guntur,Groundnut,Kharif,133.8,Black,7.13,455.7,29.9,Rainfed,30.1,55.7,35.3,0.72,96.3
2007,Andhra Pradesh,Guntur,Groundnut,Kharif,181.0,Black,7.23,577.6,30.2,Drip,36.2,63.6,43.8,0.17,30.8
2008,Andhra Pradesh,Guntur,Groundnut,Kharif,418.4,Black,7.36,569.5,29.8,Tube Well,33.8,90.4,39.2,0.24,100.4
2009,Andhra Pradesh,Guntur,Groundnut,Kharif,150.3,Black,7.52,520.8,30.9,Drip,28.9,58.9,47.1,0.16,24.0
2010,Andhra Pradesh,Guntur,Groundnut,Kharif,314.7,Black,7.44,550.9,29.3,Tube Well,42.6,54.3,46.9,0.32,100.7
2011,Andhra Pradesh,Guntur,Groundnut,Kharif,446.6,Black,7.61,660.2,30.3,Drip,25.1,50.3,18.2,0.15,67.0
2012,Andhra Pradesh,Guntur,Groundnut,Kharif,169.5,Black,7.95,487.6,30.6,Drip,27.3,49.0,27.4,0.21,35.6
2013,Andhra Pradesh,Guntur,Groundnut,Kharif,727.1,Black,7.41,629.5,30.4,Tube Well,29.6,44.8,39.5,0.17,123.6
2014,Andhra Pradesh,Guntur,Groundnut,Kharif,361.8,Black,7.43,657.8,30.2,Drip,33.4,83.3,33.1,0.2,72.4
2015,Andhra Pradesh,Guntur,Groundnut,Kharif,146.6,Black,7.42,570.4,30.9,Drip,25.5,72.4,39.3,0.15,22.0
2016,Andhra Pradesh,Guntur,Groundnut,Kharif,789.3,Black,7.34,672.2,30.8,Tube Well,32.5,72.4,40.5,0.16,126.3
2017,Andhra Pradesh,Guntur,Groundnut,Kharif,473.6,Black,7.62,589.7,29.9,Rainfed,28.3,89.0,44.6,1.05,497.3
2018,Andhra Pradesh,Guntur,Groundnut,Kharif,447.8,Black,7.55,611.0,29.8,Canal/Flood,30.9,42.0,35.7,0.2,89.6
2019,Andhra Pradesh,Guntur,Groundnut,Kharif,561.2,Black,7.46,824.7,28.7,Rainfed,28.7,70.1,43.6,0.26,145.9
2020,Andhra Pradesh,Guntur,Groundnut,Kharif,513.8,Black,7.7,872.1,31.0,Drip,29.0,69.7,27.3,0.16,82.2
2021,Andhra Pradesh,Guntur,Groundnut,Kharif,208.1,Black,7.63,564.3,29.8,Rainfed,26.1,72.4,42.1,1.07,222.7
2022,Andhra Pradesh,Guntur,Groundnut,Kharif,547.1,Black,7.4,576.9,32.7,Drip,34.1,60.7,33.2,0.1,54.7
2023,Andhra Pradesh,Guntur,Groundnut,Kharif,232.4,Black,7.46,733.6,30.1,Tube Well,28.1,48.6,39.7,0.2,46.5
2024,Andhra Pradesh,Guntur,Groundnut,Kharif,144.8,Black,7.19,520.3,29.9,Rainfed,33.8,41.0,36.4,1.05,152.0
2005,Andhra Pradesh,Guntur,Groundnut,Summer,328.2,Black,7.45,56.3,36.2,Drip,29.5,72.4,34.9,0.31,101.7
2006,Andhra Pradesh,Guntur,Groundnut,Summer,148.9,Black,7.42,47.5,34.4,Canal/Flood,25.6,70.4,51.6,0.17,25.3
2007,Andhra Pradesh,Guntur,Groundnut,Summer,87.8,Black,7.48,50.6,34.4,Tube Well,23.3,63.6,38.9,0.19,16.7
2008,Andhra Pradesh,Guntur,Groundnut,Summer,230.1,Black,7.3,51.4,34.6,Tube Well,19.8,55.1,32.5,0.19,43.7
2009,Andhra Pradesh,Guntur,Groundnut,Summer,418.0,Black,7.42,55.6,35.5,Rainfed,32.2,50.6,55.9,0.1,41.8
2010,Andhra Pradesh,Guntur,Groundnut,Summer,358.4,Black,7.58,49.2,34.2,Drip,26.4,50.2,45.8,0.27,96.8
2011,Andhra Pradesh,Guntur,Groundnut,Summer,28.0,Black,7.55,57.4,35.3,Canal/Flood,32.7,48.4,37.0,0.2,5.6
2012,Andhra Pradesh,Guntur,Groundnut,Summer,265.5,Black,7.95,48.7,35.2,Canal/Flood,35.7,48.5,42.5,0.18,47.8
2013,Andhra Pradesh,Guntur,Groundnut,Summer,335.4,Black,7.58,54.1,35.0,Canal/Flood,30.1,51.9,37.8,0.18,60.4
2014,Andhra Pradesh,Guntur,Groundnut,Summer,475.9,Black,7.4,39.9,35.4,Rainfed,28.1,63.8,37.2,0.1,47.6
2015,Andhra Pradesh,Guntur,Groundnut,Summer,320.9,Black,7.37,47.3,35.9,Canal/Flood,24.9,64.9,31.5,0.19,61.0
2016,Andhra Pradesh,Guntur,Groundnut,Summer,234.4,Black,7.43,57.3,34.4,Drip,32.3,63.8,46.5,0.32,75.0
2017,Andhra Pradesh,Guntur,Groundnut,Summer,1048.7,Black,7.37,50.4,35.0,Tube Well,28.6,65.3,45.7,0.22,230.7
2018,Andhra Pradesh,Guntur,Groundnut,Summer,780.0,Black,7.76,45.3,35.4,Canal/Flood,28.1,60.2,35.3,0.18,140.4
2019,Andhra Pradesh,Guntur,Groundnut,Summer,318.1,Black,7.45,61.2,34.1,Drip,27.2,62.0,49.2,0.35,111.3
2020,Andhra Pradesh,Guntur,Groundnut,Summer,425.8,Black,7.39,62.3,34.3,Drip,31.0,65.6,40.5,0.33,140.5
2021,Andhra Pradesh,Guntur,Groundnut,Summer,492.3,Black,7.56,53.6,35.3,Tube Well,29.4,53.4,39.6,0.21,103.4
2022,Andhra Pradesh,Guntur,Groundnut,Summer,200.3,Black,7.38,47.4,38.1,Rainfed,24.8,63.5,51.1,0.1,20.0
2023,Andhra Pradesh,Guntur,Groundnut,Summer,142.7,Black,7.4,41.2,35.0,Tube Well,38.1,54.9,44.1,0.22,31.4
2024,Andhra Pradesh,Guntur,Groundnut,Summer,405.7,Black,7.67,53.8,34.2,Canal/Flood,32.3,56.2,27.5,0.19,77.1
2007,Madhya Pradesh,Indore,Groundnut,Kharif,205.2,Black,7.71,899.2,27.3,Sprinkler,39.4,57.0,43.1,0.27,55.4
2006,Madhya Pradesh,Indore,Groundnut,Summer,372.5,Black,7.83,22.2,32.1,Sprinkler,27.0,87.6,35.9,0.27,100.6
2012,Madhya Pradesh,Indore,Groundnut,Summer,342.8,Black,7.98,19.2,32.8,Tube Well,33.2,60.4,52.1,0.2,68.6
2016,Haryana,Karnal,Groundnut,Kharif,201.7,Alluvial,7.12,478.7,30.5,Tube Well,30.8,63.3,42.8,0.52,104.9
2017,Haryana,Karnal,Groundnut,Kharif,415.7,Alluvial,7.41,475.3,29.7,Canal/Flood,36.7,68.7,40.5,0.7,291.0
2015,Haryana,Karnal,Groundnut,Summer,344.9,Alluvial,7.17,30.1,34.9,Tube Well,28.4,70.9,46.2,0.23,79.3
2016,Haryana,Karnal,Groundnut,Summer,474.7,Alluvial,7.5,30.5,33.5,Tube Well,36.3,60.0,28.5,0.24,113.9
2016,Rajasthan,Kota,Groundnut,Kharif,929.9,Clay Loam,7.81,535.7,29.9,Canal/Flood,21.8,43.7,32.7,0.33,306.9
2018,Rajasthan,Kota,Groundnut,Kharif,680.9,Clay Loam,7.61,733.1,29.5,Tube Well,35.3,69.9,34.0,0.24,163.4
2018,Rajasthan,Kota,Groundnut,Summer,307.7,Clay Loam,7.79,17.4,35.2,Tube Well,28.3,57.9,46.9,0.18,55.4
2019,Rajasthan,Kota,Groundnut,Summer,446.5,Clay Loam,7.56,21.4,35.4,Tube Well,31.0,54.0,40.4,0.18,80.4
2022,Rajasthan,Kota,Groundnut,Summer,334.6,Clay Loam,7.54,12.8,38.3,Tube Well,35.4,56.2,43.9,0.18,60.2
2005,Punjab,Ludhiana,Groundnut,Kharif,395.5,Alluvial,7.42,614.6,30.9,Canal/Flood,32.0,53.5,46.8,0.17,67.2
2006,Punjab,Ludhiana,Groundnut,Summer,993.0,Alluvial,7.15,41.4,34.2,Sprinkler,30.2,58.4,46.9,0.32,317.8
2020,Punjab,Ludhiana,Groundnut,Summer,167.2,Alluvial,7.42,53.8,34.0,Sprinkler,31.3,63.6,43.0,0.32,53.5
2005,Karnataka,Mandya,Groundnut,Kharif,290.4,Red,6.52,416.0,26.1,Drip,25.4,42.9,40.1,0.97,281.7
2006,Karnataka,Mandya,Groundnut,Kharif,219.7,Red,6.43,446.8,25.8,Drip,30.7,80.9,32.8,0.84,184.5
2007,Karnataka,Mandya,Groundnut,Kharif,131.1,Red,6.53,440.1,26.2,Rainfed,28.5,69.1,39.6,1.42,186.2
2008,Karnataka,Mandya,Groundnut,Kharif,641.7,Red,6.33,419.3,25.6,Drip,28.1,51.7,42.7,0.96,616.0
2009,Karnataka,Mandya,Groundnut,Kharif,330.7,Red,6.31,475.3,26.4,Canal/Flood,34.5,71.6,25.1,1.19,393.5
2010,Karnataka,Mandya,Groundnut,Kharif,109.1,Red,6.38,519.8,25.4,Canal/Flood,27.4,45.9,33.6,0.82,89.5
2011,Karnataka,Mandya,Groundnut,Kharif,707.1,Red,6.72,568.6,26.0,Rainfed,32.5,27.1,47.4,2.0,1414.2
2012,Karnataka,Mandya,Groundnut,Kharif,618.9,Red,6.23,448.6,26.5,Rainfed,31.0,63.6,42.3,1.56,965.5
2013,Karnataka,Mandya,Groundnut,Kharif,306.1,Red,6.07,437.7,26.5,Rainfed,23.6,64.8,41.3,1.38,422.4
2014,Karnataka,Mandya,Groundnut,Kharif,218.7,Red,6.53,481.1,26.4,Canal/Flood,33.1,56.2,25.2,1.26,275.6
2015,Karnataka,Mandya,Groundnut,Kharif,673.3,Red,6.38,323.7,27.0,Canal/Flood,35.8,69.4,34.2,2.26,1521.7
2016,Karnataka,Mandya,Groundnut,Kharif,372.0,Red,6.6,317.7,26.1,Drip,23.6,50.7,34.1,1.75,651.0
2017,Karnataka,Mandya,Groundnut,Kharif,462.6,Red,6.52,531.4,25.5,Rainfed,25.3,52.0,39.6,2.05,948.3
2018,Karnataka,Mandya,Groundnut,Kharif,693.2,Red,6.34,488.0,25.0,Drip,20.6,61.0,43.1,0.56,388.2
2019,Karnataka,Mandya,Groundnut,Kharif,406.1,Red,6.6,580.4,24.4,Drip,27.8,73.2,39.2,0.37,150.3
2020,Karnataka,Mandya,Groundnut,Kharif,1156.9,Red,6.44,610.9,25.3,Rainfed,21.9,52.0,45.4,1.85,2140.3
2021,Karnataka,Mandya,Groundnut,Kharif,156.1,Red,6.39,457.9,26.2,Drip,33.5,55.7,39.9,0.91,142.1
2022,Karnataka,Mandya,Groundnut,Kharif,896.6,Red,6.64,553.9,28.5,Drip,31.0,62.4,34.9,0.43,385.5
2023,Karnataka,Mandya,Groundnut,Kharif,245.8,Red,6.52,381.6,25.3,Drip,23.2,57.0,51.4,1.2,295.0
2024,Karnataka,Mandya,Groundnut,Kharif,330.0,Red,6.74,416.8,26.2,Rainfed,25.6,40.7,45.6,1.31,432.3
2005,Karnataka,Mandya,Groundnut,Summer,519.9,Red,6.51,88.2,29.5,Canal/Flood,29.2,59.9,30.5,1.11,577.1
2006,Karnataka,Mandya,Groundnut,Summer,503.6,Red,6.17,118.6,30.6,Rainfed,38.7,74.2,51.8,0.25,125.9
2007,Karnataka,Mandya,Groundnut,Summer,231.3,Red,6.47,101.2,29.2,Rainfed,22.4,72.7,37.4,0.34,78.6
2008,Karnataka,Mandya,Groundnut,Summer,753.6,Red,6.49,114.8,28.5,Rainfed,29.3,52.3,35.6,0.41,309.0
2009,Karnataka,Mandya,Groundnut,Summer,447.9,Red,6.51,84.0,30.6,Rainfed,29.8,44.8,39.0,0.27,120.9
2010,Karnataka,Mandya,Groundnut,Summer,521.6,Red,6.31,119.8,28.9,Drip,32.3,60.4,46.6,2.03,1058.8
2011,Karnataka,Mandya,Groundnut,Summer,418.9,Red,6.6,99.6,29.9,Drip,33.1,64.3,46.7,1.68,703.8
2012,Karnataka,Mandya,Groundnut,Summer,614.0,Red,6.4,102.2,29.3,Canal/Flood,35.8,59.5,38.0,1.46,896.4
2013,Karnataka,Mandya,Groundnut,Summer,270.4,Red,6.55,91.4,28.1,Canal/Flood,22.5,58.3,40.5,1.58,427.2
2014,Karnataka,Mandya,Groundnut,Summer,188.0,Red,6.15,124.7,28.9,Rainfed,35.7,65.5,39.9,0.39,73.3
2015,Karnataka,Mandya,Groundnut,Summer,920.9,Red,6.32,87.6,29.8,Drip,29.0,52.3,37.4,1.56,1436.6
2016,Karnataka,Mandya,Groundnut,Summer,158.8,Red,6.26,135.4,28.6,Rainfed,24.7,71.7,39.8,0.46,73.0
2017,Karnataka,Mandya,Groundnut,Summer,499.0,Red,6.2,109.2,28.0,Canal/Flood,31.6,38.6,45.0,1.56,778.4
2018,Karnataka,Mandya,Groundnut,Summer,185.8,Red,6.58,106.0,29.4,Drip,26.1,71.3,48.7,2.0,371.6
2019,Karnataka,Mandya,Groundnut,Summer,388.2,Red,6.36,114.3,28.9,Canal/Flood,31.2,67.1,28.4,1.55,601.7
2020,Karnataka,Mandya,Groundnut,Summer,318.7,Red,6.5,117.9,28.6,Canal/Flood,34.8,52.8,52.6,1.8,573.7
2021,Karnataka,Mandya,Groundnut,Summer,512.8,Red,6.35,100.9,29.0,Drip,29.1,62.4,36.9,2.05,1051.2
2022,Karnataka,Mandya,Groundnut,Summer,518.5,Red,6.46,96.8,30.3,Canal/Flood,34.6,61.0,37.7,1.14,591.1
2023,Karnataka,Mandya,Groundnut,Summer,329.8,Red,6.68,102.7,28.7,Rainfed,33.5,62.3,52.6,0.45,148.4
2024,Karnataka,Mandya,Groundnut,Summer,328.9,Red,6.65,102.2,28.5,Rainfed,32.4,59.7,27.3,0.45,148.0
2005,Maharashtra,Nashik,Groundnut,Kharif,406.8,Black,7.22,770.2,26.0,Drip,27.2,51.8,41.1,0.26,105.8
2006,Maharashtra,Nashik,Groundnut,Kharif,167.0,Black,7.35,919.8,25.6,Rainfed,31.0,66.2,53.4,0.25,41.8
2007,Maharashtra,Nashik,Groundnut,Kharif,836.6,Black,7.47,939.9,26.2,Drip,35.1,48.8,42.9,0.26,217.5
2008,Maharashtra,Nashik,Groundnut,Kharif,253.4,Black,7.17,1041.9,27.4,Canal/Flood,30.8,68.6,39.1,0.27,68.4
2009,Maharashtra,Nashik,Groundnut,Kharif,278.5,Black,7.27,544.2,27.3,Rainfed,22.6,52.3,21.5,1.22,339.8
2010,Maharashtra,Nashik,Groundnut,Kharif,309.4,Black,7.41,800.3,25.1,Drip,34.3,63.3,46.5,0.27,83.5
2011,Maharashtra,Nashik,Groundnut,Kharif,676.7,Black,7.02,536.9,26.2,Rainfed,25.5,54.8,39.7,1.38,933.8
2012,Maharashtra,Nashik,Groundnut,Kharif,454.0,Black,7.31,714.1,25.7,Rainfed,22.8,42.2,47.0,0.62,281.5
2013,Maharashtra,Nashik,Groundnut,Kharif,145.1,Black,7.13,629.6,25.3,Canal/Flood,33.1,65.6,33.0,0.28,40.6
2014,Maharashtra,Nashik,Groundnut,Kharif,218.4,Black,7.29,652.2,26.5,Drip,39.1,46.3,32.9,0.27,59.0
2015,Maharashtra,Nashik,Groundnut,Kharif,232.7,Black,7.18,739.4,26.5,Rainfed,34.7,42.3,58.2,0.56,130.3
2016,Maharashtra,Nashik,Groundnut,Kharif,117.3,Black,7.03,627.6,25.9,Drip,26.6,84.6,46.8,0.34,39.9
2017,Maharashtra,Nashik,Groundnut,Kharif,284.7,Black,7.05,670.9,26.3,Canal/Flood,30.0,79.0,34.1,0.31,88.3
2018,Maharashtra,Nashik,Groundnut,Kharif,209.8,Black,7.35,852.9,26.6,Rainfed,29.8,60.7,46.8,0.28,58.7
2019,Maharashtra,Nashik,Groundnut,Kharif,676.8,Black,7.44,1011.6,25.6,Rainfed,29.7,50.3,38.1,0.26,176.0
2020,Maharashtra,Nashik,Groundnut,Kharif,96.4,Black,7.34,929.8,25.1,Rainfed,35.5,73.6,30.6,0.26,25.1
2021,Maharashtra,Nashik,Groundnut,Kharif,173.8,Black,7.11,616.8,26.3,Rainfed,33.6,67.1,36.9,1.45,252.0
2022,Maharashtra,Nashik,Groundnut,Kharif,850.1,Black,7.17,563.9,28.4,Rainfed,30.2,48.4,40.0,1.3,1105.1
2023,Maharashtra,Nashik,Groundnut,Kharif,267.2,Black,7.2,724.2,27.3,Rainfed,22.7,54.7,37.4,0.65,173.7
2024,Maharashtra,Nashik,Groundnut,Kharif,191.2,Black,7.3,708.7,25.6,Canal/Flood,32.9,62.8,40.8,0.29,55.4
2005,Maharashtra,Nashik,Groundnut,Summer,378.8,Black,7.17,22.6,30.1,Rainfed,40.6,60.4,35.0,0.19,72.0
2006,Maharashtra,Nashik,Groundnut,Summer,36.1,Black,7.23,25.2,30.8,Drip,25.5,60.9,32.3,0.57,20.6
2007,Maharashtra,Nashik,Groundnut,Summer,296.2,Black,7.05,23.9,31.9,Drip,38.3,67.6,41.1,0.39,115.5
2008,Maharashtra,Nashik,Groundnut,Summer,266.1,Black,7.19,23.8,31.2,Canal/Flood,31.0,72.9,29.4,0.23,61.2
2009,Maharashtra,Nashik,Groundnut,Summer,300.3,Black,7.48,22.3,30.8,Rainfed,36.1,56.0,38.0,0.15,45.0
2010,Maharashtra,Nashik,Groundnut,Summer,353.7,Black,7.08,26.0,30.2,Rainfed,31.4,59.6,45.4,0.2,70.7
2011,Maharashtra,Nashik,Groundnut,Summer,753.5,Black,7.33,24.8,31.6,Canal/Flood,31.6,59.0,43.6,0.22,165.8
2012,Maharashtra,Nashik,Groundnut,Summer,414.8,Black,7.18,19.3,32.4,Rainfed,34.8,71.1,54.2,0.1,41.5
2013,Maharashtra,Nashik,Groundnut,Summer,416.3,Black,7.13,21.4,30.7,Canal/Flood,23.4,50.4,52.5,0.37,154.0
2014,Maharashtra,Nashik,Groundnut,Summer,189.7,Black,7.4,20.3,31.2,Rainfed,30.2,66.8,43.1,0.1,19.0
2015,Maharashtra,Nashik,Groundnut,Summer,809.1,Black,7.0,18.1,31.9,Drip,36.4,65.5,48.0,0.4,323.6
2016,Maharashtra,Nashik,Groundnut,Summer,642.3,Black,7.0,25.3,31.3,Rainfed,36.8,63.0,41.1,0.13,83.5
2017,Maharashtra,Nashik,Groundnut,Summer,578.0,Black,7.79,22.4,31.2,Canal/Flood,33.8,56.4,40.3,0.27,156.1
2018,Maharashtra,Nashik,Groundnut,Summer,585.6,Black,6.98,23.6,31.5,Drip,31.6,51.7,27.8,0.46,269.4
2019,Maharashtra,Nashik,Groundnut,Summer,151.6,Black,7.46,36.2,30.1,Canal/Flood,31.1,79.3,45.3,0.47,71.3
2020,Maharashtra,Nashik,Groundnut,Summer,72.0,Black,7.05,30.6,30.5,Drip,28.0,68.7,30.3,0.84,60.5
2021,Maharashtra,Nashik,Groundnut,Summer,441.4,Black,7.17,22.5,30.7,Drip,31.3,71.9,21.8,0.7,309.0
2022,Maharashtra,Nashik,Groundnut,Summer,556.1,Black,7.37,27.3,33.6,Drip,30.9,65.7,37.3,0.3,166.8
2023,Maharashtra,Nashik,Groundnut,Summer,155.1,Black,7.16,27.3,30.1,Rainfed,25.0,54.6,39.2,0.2,31.0
2024,Maharashtra,Nashik,Groundnut,Summer,428.9,Black,7.12,26.3,31.0,Drip,32.2,45.2,39.5,0.72,308.8
2014,Bihar,Patna,Groundnut,Kharif,146.1,Alluvial,7.22,893.9,30.4,Rainfed,24.7,53.2,37.4,0.2,29.2
2023,Bihar,Patna,Groundnut,Kharif,380.1,Alluvial,7.3,996.2,28.8,Tube Well,32.8,65.2,36.6,0.31,117.8
2024,Bihar,Patna,Groundnut,Kharif,688.7,Alluvial,6.92,1020.9,29.6,Rainfed,29.6,77.1,52.2,0.34,234.2
2005,Gujarat,Rajkot,Groundnut,Kharif,430.7,Sandy Loam,7.76,671.0,28.2,Tube Well,21.0,68.8,41.0,0.28,120.6
2006,Gujarat,Rajkot,Groundnut,Kharif,1001.6,Sandy Loam,7.73,619.0,28.3,Drip,23.6,61.5,52.5,0.29,290.5
2007,Gujarat,Rajkot,Groundnut,Kharif,341.8,Sandy Loam,7.53,548.7,29.6,Tube Well,31.0,64.9,36.3,0.32,109.4
2008,Gujarat,Rajkot,Groundnut,Kharif,207.2,Sandy Loam,7.82,404.5,28.8,Sprinkler,31.7,34.5,36.3,0.78,161.6
2009,Gujarat,Rajkot,Groundnut,Kharif,222.5,Sandy Loam,7.68,506.2,29.8,Drip,25.8,51.7,48.4,0.28,62.3
2010,Gujarat,Rajkot,Groundnut,Kharif,728.4,Sandy Loam,7.61,595.9,29.9,Rainfed,27.0,65.5,34.1,1.07,779.4
2011,Gujarat,Rajkot,Groundnut,Kharif,284.9,Sandy Loam,8.11,533.3,28.7,Rainfed,25.7,58.0,44.2,1.49,424.5
2012,Gujarat,Rajkot,Groundnut,Kharif,149.4,Sandy Loam,7.9,569.7,28.3,Rainfed,33.7,78.4,27.3,1.51,225.6
2013,Gujarat,Rajkot,Groundnut,Kharif,361.3,Sandy Loam,7.6,615.8,29.3,Drip,23.8,72.7,29.6,0.25,90.3
2014,Gujarat,Rajkot,Groundnut,Kharif,308.3,Sandy Loam,7.79,517.6,29.4,Rainfed,31.5,62.9,41.5,1.34,413.1
2015,Gujarat,Rajkot,Groundnut,Kharif,390.7,Sandy Loam,7.71,678.7,30.2,Tube Well,32.9,75.0,48.4,0.24,93.8
2016,Gujarat,Rajkot,Groundnut,Kharif,445.5,Sandy Loam,7.79,480.6,29.7,Rainfed,24.8,72.4,35.8,1.15,512.3
2017,Gujarat,Rajkot,Groundnut,Kharif,703.1,Sandy Loam,7.88,661.7,29.5,Tube Well,34.0,63.0,28.6,0.25,175.8
2018,Gujarat,Rajkot,Groundnut,Kharif,261.3,Sandy Loam,7.78,693.0,29.4,Tube Well,28.1,57.0,45.9,0.27,70.6
2019,Gujarat,Rajkot,Groundnut,Kharif,164.6,Sandy Loam,7.69,652.7,29.6,Sprinkler,38.0,41.3,46.2,0.26,42.8
2020,Gujarat,Rajkot,Groundnut,Kharif,250.9,Sandy Loam,7.7,716.3,29.4,Sprinkler,33.5,67.6,37.1,0.3,75.3
2021,Gujarat,Rajkot,Groundnut,Kharif,209.3,Sandy Loam,7.88,512.6,29.3,Rainfed,35.2,50.9,38.9,1.3,272.1
2022,Gujarat,Rajkot,Groundnut,Kharif,315.7,Sandy Loam,7.64,732.2,30.6,Sprinkler,20.1,55.3,55.4,0.2,63.1
2023,Gujarat,Rajkot,Groundnut,Kharif,449.7,Sandy Loam,8.49,617.6,28.9,Tube Well,41.0,63.6,45.2,0.31,139.4
2024,Gujarat,Rajkot,Groundnut,Kharif,570.5,Sandy Loam,7.72,447.1,28.2,Sprinkler,36.2,57.3,32.8,0.79,450.7
2005,Gujarat,Rajkot,Groundnut,Summer,120.4,Sandy Loam,7.69,10.0,32.7,Tube Well,27.0,66.8,41.5,0.18,21.7
2006,Gujarat,Rajkot,Groundnut,Summer,616.0,Sandy Loam,8.0,10.0,32.8,Tube Well,35.1,55.6,34.6,0.19,117.0
2007,Gujarat,Rajkot,Groundnut,Summer,481.2,Sandy Loam,8.02,10.3,32.9,Rainfed,30.8,67.9,38.5,0.1,48.1
2008,Gujarat,Rajkot,Groundnut,Summer,155.4,Sandy Loam,8.13,10.1,33.3,Tube Well,27.4,81.5,56.4,0.2,31.1
2009,Gujarat,Rajkot,Groundnut,Summer,511.1,Sandy Loam,7.62,10.0,33.5,Sprinkler,27.2,51.3,37.5,0.25,127.8
2010,Gujarat,Rajkot,Groundnut,Summer,669.9,Sandy Loam,7.62,10.9,33.1,Drip,28.8,44.8,42.9,0.33,221.1
2011,Gujarat,Rajkot,Groundnut,Summer,413.3,Sandy Loam,7.79,11.4,33.4,Tube Well,37.4,69.6,47.6,0.21,86.8
2012,Gujarat,Rajkot,Groundnut,Summer,688.8,Sandy Loam,7.61,11.0,33.2,Sprinkler,34.7,63.5,31.9,0.27,186.0
2013,Gujarat,Rajkot,Groundnut,Summer,216.2,Sandy Loam,7.87,11.5,32.0,Drip,18.8,57.8,35.9,0.35,75.7
2014,Gujarat,Rajkot,Groundnut,Summer,851.9,Sandy Loam,7.82,10.3,32.7,Rainfed,24.4,57.7,37.1,0.1,85.2
2015,Gujarat,Rajkot,Groundnut,Summer,269.8,Sandy Loam,7.65,10.0,34.0,Tube Well,29.7,43.8,34.9,0.21,56.7
2016,Gujarat,Rajkot,Groundnut,Summer,473.9,Sandy Loam,7.97,10.0,33.0,Tube Well,30.6,45.8,35.8,0.21,99.5
2017,Gujarat,Rajkot,Groundnut,Summer,292.2,Sandy Loam,7.81,10.0,34.1,Rainfed,31.6,71.1,32.1,0.1,29.2
2018,Gujarat,Rajkot,Groundnut,Summer,350.2,Sandy Loam,7.74,11.9,32.0,Sprinkler,28.6,52.0,34.3,0.32,112.1
2019,Gujarat,Rajkot,Groundnut,Summer,249.4,Sandy Loam,7.6,12.6,32.5,Tube Well,34.5,44.5,29.6,0.21,52.4
2020,Gujarat,Rajkot,Groundnut,Summer,473.4,Sandy Loam,8.16,11.3,32.2,Rainfed,31.1,74.2,42.5,0.1,47.3
2021,Gujarat,Rajkot,Groundnut,Summer,288.5,Sandy Loam,7.74,10.0,32.4,Drip,31.2,63.3,26.1,0.37,106.7
2022,Gujarat,Rajkot,Groundnut,Summer,482.3,Sandy Loam,8.02,11.3,34.9,Sprinkler,25.2,49.1,32.3,0.28,135.0
2023,Gujarat,Rajkot,Groundnut,Summer,403.2,Sandy Loam,7.47,11.9,34.4,Tube Well,38.5,73.1,40.6,0.24,96.8
2024,Gujarat,Rajkot,Groundnut,Summer,385.3,Sandy Loam,7.89,10.0,32.2,Drip,37.1,50.9,41.4,0.38,146.4
2005,Tamil Nadu,Thanjavur,Groundnut,Kharif,192.5,Clay Loam,6.95,351.4,29.7,Canal/Flood,34.9,71.4,44.7,1.1,211.8
2006,Tamil Nadu,Thanjavur,Groundnut,Kharif,666.3,Clay Loam,6.69,350.5,31.0,Rainfed,30.0,71.2,43.6,0.34,226.5
2007,Tamil Nadu,Thanjavur,Groundnut,Kharif,434.6,Clay Loam,7.07,356.9,30.4,Tube Well,38.4,69.2,43.0,0.77,334.6
2008,Tamil Nadu,Thanjavur,Groundnut,Kharif,306.3,Clay Loam,6.87,361.9,31.7,Canal/Flood,37.0,48.0,37.4,0.48,147.0
2009,Tamil Nadu,Thanjavur,Groundnut,Kharif,172.6,Clay Loam,6.67,279.4,32.1,Canal/Flood,29.7,65.4,37.7,0.54,93.2
2010,Tamil Nadu,Thanjavur,Groundnut,Kharif,196.2,Clay Loam,6.91,412.2,31.1,Rainfed,32.1,43.4,36.7,0.43,84.4
2011,Tamil Nadu,Thanjavur,Groundnut,Kharif,483.1,Clay Loam,6.73,432.7,32.4,Canal/Flood,29.7,59.5,41.2,0.32,154.6
2012,Tamil Nadu,Thanjavur,Groundnut,Kharif,180.2,Clay Loam,6.47,385.9,30.6,Canal/Flood,19.9,76.4,43.6,0.9,162.2
2013,Tamil Nadu,Thanjavur,Groundnut,Kharif,238.5,Clay Loam,6.84,358.8,31.5,Canal/Flood,37.7,41.2,34.2,0.56,133.6
2014,Tamil Nadu,Thanjavur,Groundnut,Kharif,470.4,Clay Loam,6.29,342.8,31.8,Tube Well,29.4,74.7,36.8,0.52,244.6
2015,Tamil Nadu,Thanjavur,Groundnut,Kharif,812.9,Clay Loam,6.91,252.8,32.3,Tube Well,32.0,52.1,33.9,0.42,341.4
2016,Tamil Nadu,Thanjavur,Groundnut,Kharif,253.0,Clay Loam,6.61,442.6,31.3,Canal/Flood,36.4,79.0,34.4,0.53,134.1
2017,Tamil Nadu,Thanjavur,Groundnut,Kharif,382.5,Clay Loam,6.86,381.8,30.6,Rainfed,34.8,63.6,37.7,0.53,202.7
2018,Tamil Nadu,Thanjavur,Groundnut,Kharif,374.2,Clay Loam,7.01,389.0,31.2,Canal/Flood,33.3,56.4,53.1,0.52,194.6
2019,Tamil Nadu,Thanjavur,Groundnut,Kharif,532.7,Clay Loam,6.91,474.0,30.3,Canal/Flood,29.3,32.3,36.8,0.56,298.3
2020,Tamil Nadu,Thanjavur,Groundnut,Kharif,257.9,Clay Loam,6.32,447.6,31.3,Rainfed,29.1,83.2,42.2,0.58,149.6
2021,Tamil Nadu,Thanjavur,Groundnut,Kharif,253.2,Clay Loam,6.82,353.1,30.6,Canal/Flood,38.5,58.0,42.7,0.98,248.1
2022,Tamil Nadu,Thanjavur,Groundnut,Kharif,903.8,Clay Loam,6.9,322.3,33.7,Tube Well,28.5,49.2,52.2,0.42,379.6
2023,Tamil Nadu,Thanjavur,Groundnut,Kharif,95.6,Clay Loam,6.87,322.8,30.0,Tube Well,33.0,56.7,46.1,1.27,121.4
2024,Tamil Nadu,Thanjavur,Groundnut,Kharif,329.1,Clay Loam,6.67,404.6,30.0,Canal/Flood,30.5,72.2,39.4,1.21,398.2
2005,Tamil Nadu,Thanjavur,Groundnut,Summer,223.5,Clay Loam,6.62,87.3,32.7,Tube Well,21.0,59.3,31.3,0.31,69.3
2006,Tamil Nadu,Thanjavur,Groundnut,Summer,84.4,Clay Loam,6.9,91.4,34.6,Rainfed,39.8,63.8,37.8,0.1,8.4
2007,Tamil Nadu,Thanjavur,Groundnut,Summer,159.7,Clay Loam,6.79,77.5,32.9,Tube Well,27.9,53.7,49.9,0.32,51.1
2008,Tamil Nadu,Thanjavur,Groundnut,Summer,237.9,Clay Loam,6.87,81.7,33.9,Rainfed,33.8,64.6,42.7,0.1,23.8
2009,Tamil Nadu,Thanjavur,Groundnut,Summer,361.1,Clay Loam,6.99,67.8,33.3,Tube Well,27.0,60.2,45.7,0.24,86.7
2010,Tamil Nadu,Thanjavur,Groundnut,Summer,265.9,Clay Loam,6.96,76.4,31.8,Tube Well,32.4,50.5,41.0,0.34,90.4
2011,Tamil Nadu,Thanjavur,Groundnut,Summer,537.2,Clay Loam,6.96,78.6,32.6,Tube Well,29.1,67.6,38.1,0.28,150.4
2012,Tamil Nadu,Thanjavur,Groundnut,Summer,459.9,Clay Loam,6.84,83.0,32.5,Rainfed,27.6,69.5,42.5,0.1,46.0
2013,Tamil Nadu,Thanjavur,Groundnut,Summer,526.4,Clay Loam,6.71,78.4,33.7,Canal/Flood,36.4,45.6,45.8,0.3,157.9
2014,Tamil Nadu,Thanjavur,Groundnut,Summer,277.0,Clay Loam,6.86,69.6,34.3,Rainfed,26.0,69.2,34.8,0.1,27.7
2015,Tamil Nadu,Thanjavur,Groundnut,Summer,587.5,Clay Loam,6.79,50.5,34.0,Tube Well,27.0,57.7,37.0,0.27,158.6
2016,Tamil Nadu,Thanjavur,Groundnut,Summer,283.5,Clay Loam,6.77,84.9,32.5,Tube Well,26.2,78.8,60.5,0.36,102.1
2017,Tamil Nadu,Thanjavur,Groundnut,Summer,598.7,Clay Loam,6.47,71.5,33.6,Canal/Flood,32.3,48.8,36.2,0.3,179.6
2018,Tamil Nadu,Thanjavur,Groundnut,Summer,172.8,Clay Loam,6.61,76.7,33.5,Rainfed,25.7,74.5,36.0,0.1,17.3
2019,Tamil Nadu,Thanjavur,Groundnut,Summer,188.9,Clay Loam,6.84,105.8,31.7,Canal/Flood,33.8,58.2,41.2,0.44,83.1
2020,Tamil Nadu,Thanjavur,Groundnut,Summer,409.6,Clay Loam,7.15,99.6,33.8,Canal/Flood,23.9,56.8,26.3,0.25,102.4
2021,Tamil Nadu,Thanjavur,Groundnut,Summer,585.7,Clay Loam,6.72,79.7,33.2,Tube Well,27.3,44.8,37.6,0.36,210.9
2022,Tamil Nadu,Thanjavur,Groundnut,Summer,498.2,Clay Loam,6.37,69.9,34.6,Canal/Flood,28.6,69.7,32.1,0.29,144.5
2023,Tamil Nadu,Thanjavur,Groundnut,Summer,595.4,Clay Loam,6.34,73.3,32.6,Canal/Flood,32.9,44.7,38.0,0.31,184.6
2024,Tamil Nadu,Thanjavur,Groundnut,Summer,295.6,Clay Loam,7.0,77.9,32.9,Canal/Flood,33.2,67.1,36.8,0.28,82.8
2006,Uttar Pradesh,Varanasi,Groundnut,Kharif,273.4,Alluvial,7.1,855.0,29.5,Tube Well,28.8,76.1,41.1,0.26,71.1
2008,Uttar Pradesh,Varanasi,Groundnut,Kharif,142.0,Alluvial,6.85,1151.4,28.7,Tube Well,33.5,61.3,39.2,0.39,55.4
2011,Uttar Pradesh,Varanasi,Groundnut,Summer,161.0,Alluvial,7.09,33.7,34.2,Canal/Flood,36.1,64.3,42.2,0.22,35.4
2020,Uttar Pradesh,Varanasi,Groundnut,Summer,393.9,Alluvial,7.19,33.5,33.6,Rainfed,21.7,69.6,43.3,0.1,39.4
2017,West Bengal,Burdwan,Jowar,Kharif,580.9,Alluvial,6.56,1065.4,28.8,Tube Well,73.2,46.2,33.7,0.22,127.8
2005,Andhra Pradesh,Guntur,Jowar,Kharif,278.1,Black,7.49,577.3,29.7,Drip,56.4,38.9,33.2,0.28,77.9
2006,Andhra Pradesh,Guntur,Jowar,Kharif,198.0,Black,7.13,455.7,29.9,Canal/Flood,62.3,30.5,31.9,0.82,162.4
2007,Andhra Pradesh,Guntur,Jowar,Kharif,164.8,Black,7.23,577.6,30.2,Rainfed,54.2,32.0,23.8,1.37,225.8
2008,Andhra Pradesh,Guntur,Jowar,Kharif,392.9,Black,7.36,569.5,29.8,Rainfed,82.1,33.5,34.0,1.5,589.3
2009,Andhra Pradesh,Guntur,Jowar,Kharif,191.5,Black,7.52,520.8,30.9,Tube Well,61.5,51.1,33.5,0.53,101.5
2010,Andhra Pradesh,Guntur,Jowar,Kharif,135.8,Black,7.44,550.9,29.3,Tube Well,87.5,35.7,37.1,0.48,65.2
2011,Andhra Pradesh,Guntur,Jowar,Kharif,319.3,Black,7.61,660.2,30.3,Tube Well,70.4,42.3,34.2,0.29,92.6
2012,Andhra Pradesh,Guntur,Jowar,Kharif,796.3,Black,7.95,487.6,30.6,Rainfed,86.0,39.5,33.4,1.16,923.7
2013,Andhra Pradesh,Guntur,Jowar,Kharif,486.8,Black,7.41,629.5,30.4,Rainfed,74.0,36.4,36.1,1.22,593.9
2014,Andhra Pradesh,Guntur,Jowar,Kharif,683.3,Black,7.43,657.8,30.2,Drip,97.8,31.7,40.3,0.33,225.5
2015,Andhra Pradesh,Guntur,Jowar,Kharif,339.0,Black,7.42,570.4,30.9,Drip,61.2,37.2,26.5,0.29,98.3
2016,Andhra Pradesh,Guntur,Jowar,Kharif,225.8,Black,7.34,672.2,30.8,Drip,78.8,37.9,30.0,0.37,83.5
2017,Andhra Pradesh,Guntur,Jowar,Kharif,539.6,Black,7.62,589.7,29.9,Drip,49.1,24.0,39.7,0.28,151.1
2018,Andhra Pradesh,Guntur,Jowar,Kharif,100.6,Black,7.55,611.0,29.8,Rainfed,72.3,33.4,26.7,1.14,114.7
2019,Andhra Pradesh,Guntur,Jowar,Kharif,420.6,Black,7.46,824.7,28.7,Tube Well,66.6,36.6,39.6,0.35,147.2
2020,Andhra Pradesh,Guntur,Jowar,Kharif,316.2,Black,7.7,872.1,31.0,Rainfed,80.5,38.3,28.1,0.3,94.9
2021,Andhra Pradesh,Guntur,Jowar,Kharif,557.8,Black,7.63,564.3,29.8,Drip,60.2,40.1,32.3,0.32,178.5
2022,Andhra Pradesh,Guntur,Jowar,Kharif,197.3,Black,7.4,576.9,32.7,Canal/Flood,58.7,39.8,23.5,0.34,67.1
2023,Andhra Pradesh,Guntur,Jowar,Kharif,672.0,Black,7.46,733.6,30.1,Rainfed,67.4,39.8,14.0,0.51,342.7
2024,Andhra Pradesh,Guntur,Jowar,Kharif,311.1,Black,7.19,520.3,29.9,Drip,65.7,21.6,33.1,0.41,127.6
2005,Andhra Pradesh,Guntur,Jowar,Rabi,577.8,Black,7.49,219.2,23.8,Tube Well,73.2,41.2,39.0,0.83,479.6
2006,Andhra Pradesh,Guntur,Jowar,Rabi,551.0,Black,7.19,221.5,23.6,Rainfed,61.9,46.2,23.6,0.16,88.2
2007,Andhra Pradesh,Guntur,Jowar,Rabi,903.8,Black,7.3,212.9,24.4,Rainfed,45.9,34.6,22.6,0.18,162.7
2008,Andhra Pradesh,Guntur,Jowar,Rabi,380.4,Black,7.44,217.2,23.8,Drip,56.2,43.9,29.4,0.82,311.9
2009,Andhra Pradesh,Guntur,Jowar,Rabi,103.3,Black,7.81,172.8,24.5,Tube Well,81.7,41.3,43.2,0.84,86.8
2010,Andhra Pradesh,Guntur,Jowar,Rabi,258.4,Black,7.39,219.6,23.8,Drip,66.9,20.5,25.6,0.77,199.0
2011,Andhra Pradesh,Guntur,Jowar,Rabi,659.8,Black,7.32,235.7,23.4,Tube Well,66.3,37.3,34.5,0.77,508.0
2012,Andhra Pradesh,Guntur,Jowar,Rabi,636.9,Black,7.53,175.4,24.6,Tube Well,60.9,37.6,32.2,0.95,605.1
2013,Andhra Pradesh,Guntur,Jowar,Rabi,202.9,Black,7.77,252.2,24.4,Tube Well,101.9,33.6,28.8,0.78,158.3
2014,Andhra Pradesh,Guntur,Jowar,Rabi,364.8,Black,7.55,232.6,24.8,Rainfed,81.0,13.2,29.6,0.19,69.3
2015,Andhra Pradesh,Guntur,Jowar,Rabi,200.8,Black,7.33,191.1,24.8,Canal/Flood,73.3,25.9,24.8,1.14,228.9
2016,Andhra Pradesh,Guntur,Jowar,Rabi,323.1,Black,7.38,254.7,24.9,Canal/Flood,103.8,31.2,39.4,1.19,384.5
2017,Andhra Pradesh,Guntur,Jowar,Rabi,455.6,Black,7.45,183.1,24.8,Drip,80.1,40.8,35.0,1.12,510.3
2018,Andhra Pradesh,Guntur,Jowar,Rabi,426.6,Black,7.61,247.7,24.2,Tube Well,53.3,29.6,21.1,0.83,354.1
2019,Andhra Pradesh,Guntur,Jowar,Rabi,637.3,Black,7.48,268.9,23.3,Canal/Flood,61.2,29.1,32.9,0.75,478.0
2020,Andhra Pradesh,Guntur,Jowar,Rabi,333.6,Black,7.51,232.3,24.0,Tube Well,76.7,35.8,27.1,1.04,346.9
2021,Andhra Pradesh,Guntur,Jowar,Rabi,108.7,Black,7.27,188.2,23.9,Drip,58.5,25.3,34.3,0.94,102.2
2022,Andhra Pradesh,Guntur,Jowar,Rabi,648.1,Black,7.39,244.2,25.8,Canal/Flood,61.9,34.9,28.4,1.34,868.5
2023,Andhra Pradesh,Guntur,Jowar,Rabi,553.8,Black,7.75,248.1,23.7,Rainfed,68.6,35.9,34.8,0.19,105.2
2024,Andhra Pradesh,Guntur,Jowar,Rabi,177.1,Black,7.79,217.7,24.9,Rainfed,67.9,41.3,21.1,0.2,35.4
2005,Madhya Pradesh,Indore,Jowar,Kharif,337.4,Black,7.77,786.5,26.8,Tube Well,64.5,32.4,31.4,0.24,81.0
2006,Madhya Pradesh,Indore,Jowar,Kharif,233.8,Black,7.65,944.6,27.0,Sprinkler,73.9,40.1,34.6,0.28,65.5
2007,Madhya Pradesh,Indore,Jowar,Kharif,676.5,Black,7.71,899.2,27.3,Tube Well,75.6,21.8,37.6,0.23,155.6
2008,Madhya Pradesh,Indore,Jowar,Kharif,570.8,Black,7.6,696.2,26.3,Sprinkler,70.1,28.4,30.2,0.24,137.0
2009,Madhya Pradesh,Indore,Jowar,Kharif,302.8,Black,7.42,727.3,28.1,Tube Well,79.2,30.9,18.7,0.31,93.9
2010,Madhya Pradesh,Indore,Jowar,Kharif,114.5,Black,7.8,681.5,26.4,Tube Well,91.1,37.8,36.6,0.25,28.6
2011,Madhya Pradesh,Indore,Jowar,Kharif,254.8,Black,7.53,825.2,27.5,Tube Well,52.8,37.1,35.7,0.3,76.4
2012,Madhya Pradesh,Indore,Jowar,Kharif,198.8,Black,7.68,829.3,27.1,Tube Well,50.1,37.4,33.7,0.26,51.7
2013,Madhya Pradesh,Indore,Jowar,Kharif,222.0,Black,7.79,898.9,27.1,Tube Well,74.7,36.9,26.9,0.24,53.3
2014,Madhya Pradesh,Indore,Jowar,Kharif,592.3,Black,7.71,927.3,28.1,Sprinkler,60.9,35.7,23.9,0.3,177.7
2015,Madhya Pradesh,Indore,Jowar,Kharif,187.0,Black,7.83,756.9,28.3,Sprinkler,86.6,16.7,23.4,0.24,44.9
2016,Madhya Pradesh,Indore,Jowar,Kharif,324.2,Black,7.21,1005.1,26.7,Tube Well,76.0,30.6,36.7,0.32,103.7
2017,Madhya Pradesh,Indore,Jowar,Kharif,370.3,Black,7.61,729.3,28.2,Rainfed,64.8,31.6,26.6,0.46,170.3
2018,Madhya Pradesh,Indore,Jowar,Kharif,658.0,Black,7.56,877.2,26.7,Tube Well,69.8,32.9,29.9,0.29,190.8
2019,Madhya Pradesh,Indore,Jowar,Kharif,194.5,Black,7.25,1015.4,25.6,Sprinkler,55.0,34.1,30.0,0.27,52.5
2020,Madhya Pradesh,Indore,Jowar,Kharif,420.7,Black,7.59,1003.5,27.0,Rainfed,60.0,39.8,32.3,0.31,130.4
2021,Madhya Pradesh,Indore,Jowar,Kharif,391.8,Black,7.56,758.1,26.9,Tube Well,76.6,35.0,33.7,0.32,125.4
2022,Madhya Pradesh,Indore,Jowar,Kharif,369.2,Black,7.38,956.3,30.0,Rainfed,54.1,36.6,29.9,0.35,129.2
2023,Madhya Pradesh,Indore,Jowar,Kharif,426.7,Black,7.53,688.0,26.5,Rainfed,75.6,35.9,31.9,0.72,307.2
2024,Madhya Pradesh,Indore,Jowar,Kharif,377.5,Black,7.71,782.8,28.0,Rainfed,65.2,32.8,36.7,0.28,105.7
2005,Madhya Pradesh,Indore,Jowar,Rabi,130.8,Black,7.72,28.4,19.5,Sprinkler,64.1,36.5,22.2,0.25,32.7
2006,Madhya Pradesh,Indore,Jowar,Rabi,430.3,Black,7.5,31.4,18.6,Sprinkler,91.0,37.5,23.5,0.32,137.7
2007,Madhya Pradesh,Indore,Jowar,Rabi,317.7,Black,7.45,26.7,19.3,Sprinkler,62.1,37.1,28.4,0.32,101.7
2008,Madhya Pradesh,Indore,Jowar,Rabi,590.1,Black,7.81,28.5,19.5,Sprinkler,76.7,40.3,36.6,0.26,153.4
2009,Madhya Pradesh,Indore,Jowar,Rabi,487.7,Black,7.55,17.8,19.7,Tube Well,66.5,34.8,22.8,0.24,117.0
2010,Madhya Pradesh,Indore,Jowar,Rabi,71.3,Black,7.51,27.7,19.4,Tube Well,82.3,35.0,33.7,0.27,19.3
2011,Madhya Pradesh,Indore,Jowar,Rabi,143.9,Black,7.74,32.6,19.8,Rainfed,80.9,47.6,24.7,0.1,14.4
2012,Madhya Pradesh,Indore,Jowar,Rabi,396.8,Black,7.1,30.7,18.7,Sprinkler,79.5,33.4,12.5,0.31,123.0
2013,Madhya Pradesh,Indore,Jowar,Rabi,168.6,Black,7.42,27.9,19.1,Rainfed,60.4,30.5,30.7,0.1,16.9
2014,Madhya Pradesh,Indore,Jowar,Rabi,426.1,Black,7.82,26.2,19.8,Rainfed,70.1,33.7,31.1,0.1,42.6
2015,Madhya Pradesh,Indore,Jowar,Rabi,157.5,Black,7.48,27.5,20.7,Rainfed,76.4,28.0,30.6,0.1,15.8
2016,Madhya Pradesh,Indore,Jowar,Rabi,475.7,Black,7.72,31.7,19.1,Rainfed,63.4,26.9,24.6,0.1,47.6
2017,Madhya Pradesh,Indore,Jowar,Rabi,215.3,Black,7.47,29.3,19.1,Tube Well,73.5,49.1,30.7,0.27,58.1
2018,Madhya Pradesh,Indore,Jowar,Rabi,310.7,Black,7.52,34.9,19.1,Sprinkler,62.0,36.8,33.4,0.34,105.6
2019,Madhya Pradesh,Indore,Jowar,Rabi,499.7,Black,7.33,42.1,19.4,Rainfed,80.0,26.1,27.7,0.1,50.0
2020,Madhya Pradesh,Indore,Jowar,Rabi,503.8,Black,7.85,34.7,18.7,Sprinkler,61.5,42.5,30.5,0.27,136.0
2021,Madhya Pradesh,Indore,Jowar,Rabi,384.4,Black,7.51,25.3,18.9,Rainfed,64.9,38.8,36.3,0.1,38.4
2022,Madhya Pradesh,Indore,Jowar,Rabi,403.1,Black,8.04,28.3,20.9,Tube Well,75.2,25.0,33.7,0.21,84.7
2023,Madhya Pradesh,Indore,Jowar,Rabi,501.2,Black,7.5,29.2,19.0,Rainfed,64.5,39.0,18.7,0.1,50.1
2024,Madhya Pradesh,Indore,Jowar,Rabi,397.6,Black,7.26,36.2,19.8,Tube Well,58.0,39.9,27.0,0.29,115.3
2005,Haryana,Karnal,Jowar,Kharif,799.5,Alluvial,7.65,551.3,29.9,Tube Well,52.3,31.9,35.0,0.32,255.8
2008,Haryana,Karnal,Jowar,Kharif,168.9,Alluvial,7.34,569.0,29.1,Tube Well,68.8,34.5,30.3,0.34,57.4
2010,Haryana,Karnal,Jowar,Kharif,354.8,Alluvial,7.52,578.8,30.3,Canal/Flood,77.3,43.9,26.6,0.3,106.4
2024,Haryana,Karnal,Jowar,Kharif,303.2,Alluvial,7.21,655.3,30.4,Tube Well,78.5,28.4,28.0,0.32,97.0
2014,Haryana,Karnal,Jowar,Rabi,529.4,Alluvial,7.56,55.3,15.7,Tube Well,84.6,33.8,21.9,0.25,132.3
2019,Haryana,Karnal,Jowar,Rabi,628.8,Alluvial,7.5,97.8,14.5,Canal/Flood,71.7,31.5,37.5,0.29,182.4
2005,Rajasthan,Kota,Jowar,Kharif,512.7,Clay Loam,7.5,612.7,30.5,Tube Well,76.7,27.1,37.4,0.25,128.2
2006,Rajasthan,Kota,Jowar,Kharif,463.8,Clay Loam,7.66,734.5,30.0,Sprinkler,56.3,34.0,30.2,0.24,111.3
2007,Rajasthan,Kota,Jowar,Kharif,350.9,Clay Loam,7.75,666.9,30.4,Canal/Flood,87.1,42.4,30.7,0.23,80.7
2008,Rajasthan,Kota,Jowar,Kharif,189.0,Clay Loam,7.76,574.3,30.7,Canal/Flood,56.3,42.9,35.1,0.25,47.2
2009,Rajasthan,Kota,Jowar,Kharif,248.0,Clay Loam,7.58,575.2,29.7,Canal/Flood,48.9,47.8,32.5,0.32,79.4
2010,Rajasthan,Kota,Jowar,Kharif,399.5,Clay Loam,7.82,741.6,31.1,Canal/Flood,71.8,34.5,30.9,0.2,79.9
2011,Rajasthan,Kota,Jowar,Kharif,396.7,Clay Loam,7.6,607.1,30.1,Sprinkler,80.3,29.3,31.8,0.26,103.1
2012,Rajasthan,Kota,Jowar,Kharif,207.5,Clay Loam,7.83,560.4,29.6,Tube Well,68.7,41.6,25.0,0.27,56.0
2013,Rajasthan,Kota,Jowar,Kharif,167.3,Clay Loam,7.73,619.9,30.9,Tube Well,64.1,40.2,30.2,0.22,36.8
2014,Rajasthan,Kota,Jowar,Kharif,137.0,Clay Loam,7.81,742.1,30.6,Sprinkler,47.7,37.2,23.9,0.19,26.0
2015,Rajasthan,Kota,Jowar,Kharif,381.6,Clay Loam,7.75,541.6,30.8,Sprinkler,62.0,30.1,33.5,0.26,99.2
2016,Rajasthan,Kota,Jowar,Kharif,187.5,Clay Loam,7.81,535.7,29.9,Sprinkler,56.7,36.0,31.8,0.28,52.5
2017,Rajasthan,Kota,Jowar,Kharif,725.5,Clay Loam,7.41,606.9,29.9,Sprinkler,65.9,43.3,21.3,0.28,203.1
2018,Rajasthan,Kota,Jowar,Kharif,63.1,Clay Loam,7.61,733.1,29.5,Sprinkler,67.0,33.6,29.4,0.26,16.4
2019,Rajasthan,Kota,Jowar,Kharif,91.6,Clay Loam,7.85,748.9,29.7,Sprinkler,78.9,42.0,31.4,0.25,22.9
2020,Rajasthan,Kota,Jowar,Kharif,88.1,Clay Loam,7.72,878.3,29.0,Canal/Flood,67.0,43.8,16.7,0.24,21.1
2021,Rajasthan,Kota,Jowar,Kharif,927.4,Clay Loam,7.96,635.7,29.7,Canal/Flood,42.8,36.7,25.7,0.2,185.5
2022,Rajasthan,Kota,Jowar,Kharif,512.7,Clay Loam,7.82,484.9,31.7,Sprinkler,55.3,33.9,27.3,0.35,179.4
2023,Rajasthan,Kota,Jowar,Kharif,304.3,Clay Loam,7.78,842.5,30.0,Canal/Flood,70.9,39.5,32.3,0.25,76.1
2024,Rajasthan,Kota,Jowar,Kharif,558.7,Clay Loam,7.51,614.9,29.4,Sprinkler,60.3,31.8,26.2,0.29,162.0
2005,Rajasthan,Kota,Jowar,Rabi,605.0,Clay Loam,7.65,28.5,17.1,Canal/Flood,33.5,48.2,29.2,0.15,90.8
2006,Rajasthan,Kota,Jowar,Rabi,232.4,Clay Loam,7.58,26.3,18.0,Sprinkler,71.3,38.7,36.4,0.23,53.5
2007,Rajasthan,Kota,Jowar,Rabi,135.0,Clay Loam,7.83,22.2,19.0,Tube Well,77.2,43.8,22.8,0.17,23.0
2008,Rajasthan,Kota,Jowar,Rabi,153.4,Clay Loam,7.76,25.3,17.2,Sprinkler,79.5,26.2,35.7,0.22,33.7
2009,Rajasthan,Kota,Jowar,Rabi,228.5,Clay Loam,7.7,19.8,18.5,Sprinkler,76.1,33.0,38.7,0.22,50.3
2010,Rajasthan,Kota,Jowar,Rabi,114.6,Clay Loam,7.5,28.0,18.7,Canal/Flood,73.2,30.6,20.7,0.19,21.8
2011,Rajasthan,Kota,Jowar,Rabi,298.5,Clay Loam,7.71,23.6,18.5,Tube Well,67.2,36.2,23.8,0.19,56.7
2012,Rajasthan,Kota,Jowar,Rabi,136.5,Clay Loam,7.53,24.2,17.4,Tube Well,68.4,28.0,33.5,0.21,28.7
2013,Rajasthan,Kota,Jowar,Rabi,454.2,Clay Loam,7.34,26.5,17.7,Sprinkler,65.6,33.7,26.2,0.29,131.7
2014,Rajasthan,Kota,Jowar,Rabi,84.6,Clay Loam,7.86,21.5,17.6,Sprinkler,79.6,32.6,34.3,0.21,17.8
2015,Rajasthan,Kota,Jowar,Rabi,186.5,Clay Loam,7.81,24.5,18.8,Canal/Flood,62.3,25.9,22.0,0.14,26.1
2016,Rajasthan,Kota,Jowar,Rabi,94.3,Clay Loam,7.93,27.8,17.7,Tube Well,96.6,41.3,33.9,0.18,17.0
2017,Rajasthan,Kota,Jowar,Rabi,207.8,Clay Loam,7.74,24.8,16.0,Canal/Flood,74.9,30.0,37.5,0.19,39.5
2018,Rajasthan,Kota,Jowar,Rabi,450.1,Clay Loam,7.53,26.0,18.2,Canal/Flood,90.4,18.0,30.7,0.2,90.0
2019,Rajasthan,Kota,Jowar,Rabi,409.7,Clay Loam,7.72,32.0,17.7,Tube Well,69.6,33.0,35.1,0.22,90.1
2020,Rajasthan,Kota,Jowar,Rabi,533.3,Clay Loam,7.75,33.5,17.4,Tube Well,55.0,42.5,35.8,0.22,117.3
2021,Rajasthan,Kota,Jowar,Rabi,427.2,Clay Loam,7.73,22.2,18.5,Canal/Flood,77.5,45.4,29.4,0.19,81.2
2022,Rajasthan,Kota,Jowar,Rabi,453.1,Clay Loam,7.51,18.1,20.1,Canal/Flood,63.7,29.1,25.3,0.19,86.1
2023,Rajasthan,Kota,Jowar,Rabi,175.3,Clay Loam,7.54,24.1,18.9,Tube Well,66.1,39.9,18.5,0.22,38.6
2024,Rajasthan,Kota,Jowar,Rabi,395.2,Clay Loam,7.41,28.2,17.9,Canal/Flood,59.4,39.6,24.0,0.24,94.8
2010,Punjab,Ludhiana,Jowar,Kharif,215.7,Alluvial,7.17,523.6,31.2,Sprinkler,69.4,36.6,29.9,0.37,79.8
2006,Punjab,Ludhiana,Jowar,Rabi,416.3,Alluvial,7.37,97.8,15.8,Tube Well,75.9,35.9,36.5,0.29,120.7
2020,Punjab,Ludhiana,Jowar,Rabi,388.2,Alluvial,6.94,127.3,16.1,Tube Well,48.0,36.2,33.4,0.3,116.5
2024,Punjab,Ludhiana,Jowar,Rabi,529.8,Alluvial,7.36,78.9,16.5,Canal/Flood,47.9,37.0,29.5,0.27,143.0
2014,Karnataka,Mandya,Jowar,Kharif,405.3,Red,6.53,481.1,26.4,Rainfed,60.1,36.4,40.6,1.11,449.9
2021,Karnataka,Mandya,Jowar,Kharif,316.6,Red,6.39,457.9,26.2,Drip,80.4,43.2,37.7,0.4,126.6
2015,Karnataka,Mandya,Jowar,Rabi,473.3,Red,6.61,236.1,23.4,Canal/Flood,83.0,37.7,24.5,0.69,326.6
2005,Maharashtra,Nashik,Jowar,Kharif,313.1,Black,7.22,770.2,26.0,Canal/Flood,64.1,24.2,37.3,0.27,84.5
2006,Maharashtra,Nashik,Jowar,Kharif,511.2,Black,7.35,919.8,25.6,Canal/Flood,52.2,27.6,27.2,0.23,117.6
2007,Maharashtra,Nashik,Jowar,Kharif,445.9,Black,7.47,939.9,26.2,Rainfed,81.4,29.3,38.2,0.28,124.9
2008,Maharashtra,Nashik,Jowar,Kharif,69.9,Black,7.17,1041.9,27.4,Rainfed,72.1,28.7,29.0,0.32,22.4
2009,Maharashtra,Nashik,Jowar,Kharif,290.6,Black,7.27,544.2,27.3,Canal/Flood,80.9,24.4,28.3,0.49,142.4
2010,Maharashtra,Nashik,Jowar,Kharif,88.0,Black,7.41,800.3,25.1,Canal/Flood,69.5,32.4,26.2,0.23,20.2
2011,Maharashtra,Nashik,Jowar,Kharif,223.4,Black,7.02,536.9,26.2,Rainfed,71.3,32.5,32.8,1.34,299.4
2012,Maharashtra,Nashik,Jowar,Kharif,78.3,Black,7.31,714.1,25.7,Canal/Flood,79.3,35.0,20.0,0.26,20.4
2013,Maharashtra,Nashik,Jowar,Kharif,381.1,Black,7.13,629.6,25.3,Rainfed,67.5,35.9,35.0,0.9,343.0
2014,Maharashtra,Nashik,Jowar,Kharif,247.1,Black,7.29,652.2,26.5,Canal/Flood,82.0,38.3,30.5,0.3,74.1
2015,Maharashtra,Nashik,Jowar,Kharif,438.0,Black,7.18,739.4,26.5,Rainfed,60.6,39.2,44.1,0.42,184.0
2016,Maharashtra,Nashik,Jowar,Kharif,154.8,Black,7.03,627.6,25.9,Rainfed,64.6,26.0,41.8,0.97,150.2
2017,Maharashtra,Nashik,Jowar,Kharif,241.0,Black,7.05,670.9,26.3,Drip,62.0,39.4,32.4,0.3,72.3
2018,Maharashtra,Nashik,Jowar,Kharif,218.2,Black,7.35,852.9,26.6,Drip,84.5,40.2,35.1,0.33,72.0
2019,Maharashtra,Nashik,Jowar,Kharif,635.0,Black,7.44,1011.6,25.6,Rainfed,84.5,31.9,34.9,0.27,171.5
2020,Maharashtra,Nashik,Jowar,Kharif,637.3,Black,7.34,929.8,25.1,Rainfed,69.9,33.6,32.9,0.26,165.7
2021,Maharashtra,Nashik,Jowar,Kharif,347.1,Black,7.11,616.8,26.3,Drip,50.9,37.4,28.6,0.31,107.6
2022,Maharashtra,Nashik,Jowar,Kharif,436.6,Black,7.17,563.9,28.4,Rainfed,78.6,43.0,30.5,1.7,742.2
2023,Maharashtra,Nashik,Jowar,Kharif,100.7,Black,7.2,724.2,27.3,Drip,73.7,34.0,27.1,0.37,37.3
2024,Maharashtra,Nashik,Jowar,Kharif,315.6,Black,7.3,708.7,25.6,Rainfed,62.5,31.6,28.2,0.56,176.7
2005,Maharashtra,Nashik,Jowar,Rabi,324.2,Black,7.41,35.5,20.1,Rainfed,90.5,26.3,20.8,0.1,32.4
2006,Maharashtra,Nashik,Jowar,Rabi,314.0,Black,7.1,37.0,20.2,Drip,71.1,39.4,30.5,0.37,116.2
2007,Maharashtra,Nashik,Jowar,Rabi,637.0,Black,7.25,32.1,20.3,Drip,77.7,34.4,27.3,0.37,235.7
2008,Maharashtra,Nashik,Jowar,Rabi,174.4,Black,7.02,35.9,20.0,Canal/Flood,67.9,36.3,24.6,0.26,45.3
2009,Maharashtra,Nashik,Jowar,Rabi,259.3,Black,7.32,19.5,20.4,Rainfed,86.7,35.7,34.6,0.1,25.9
2010,Maharashtra,Nashik,Jowar,Rabi,247.1,Black,6.96,41.4,20.5,Canal/Flood,59.5,41.9,34.7,0.26,64.2
2011,Maharashtra,Nashik,Jowar,Rabi,225.5,Black,7.13,31.3,20.4,Drip,70.5,42.5,19.8,0.4,90.2
2012,Maharashtra,Nashik,Jowar,Rabi,264.7,Black,7.1,30.6,20.7,Canal/Flood,51.4,41.7,27.1,0.25,66.2
2013,Maharashtra,Nashik,Jowar,Rabi,512.0,Black,7.28,35.6,20.7,Rainfed,78.1,45.6,26.3,0.1,51.2
2014,Maharashtra,Nashik,Jowar,Rabi,335.3,Black,7.0,26.6,20.9,Drip,79.6,26.5,29.1,0.41,137.5
2015,Maharashtra,Nashik,Jowar,Rabi,208.9,Black,7.29,35.7,19.1,Canal/Flood,89.5,31.0,30.5,0.29,60.6
2016,Maharashtra,Nashik,Jowar,Rabi,131.9,Black,7.43,34.0,20.1,Canal/Flood,61.4,37.3,31.7,0.25,33.0
2017,Maharashtra,Nashik,Jowar,Rabi,74.8,Black,7.04,33.2,20.8,Canal/Flood,97.1,31.3,19.2,0.27,20.2
2018,Maharashtra,Nashik,Jowar,Rabi,148.7,Black,7.83,40.1,21.0,Rainfed,57.9,33.6,28.9,0.1,14.9
2019,Maharashtra,Nashik,Jowar,Rabi,104.5,Black,7.08,39.1,19.9,Canal/Flood,72.0,24.6,29.9,0.3,31.3
2020,Maharashtra,Nashik,Jowar,Rabi,492.3,Black,7.03,41.0,19.8,Rainfed,66.1,33.1,26.7,0.1,49.2
2021,Maharashtra,Nashik,Jowar,Rabi,477.4,Black,7.3,38.7,20.3,Rainfed,64.8,29.2,39.3,0.1,47.7
2022,Maharashtra,Nashik,Jowar,Rabi,204.7,Black,7.01,38.6,23.2,Canal/Flood,75.0,36.4,38.1,0.48,98.3
2023,Maharashtra,Nashik,Jowar,Rabi,186.8,Black,7.15,36.8,21.3,Canal/Flood,84.8,37.5,33.0,0.28,52.3
2024,Maharashtra,Nashik,Jowar,Rabi,341.2,Black,7.22,35.1,19.8,Drip,55.0,26.5,28.0,0.38,129.7
2013,Bihar,Patna,Jowar,Kharif,587.1,Alluvial,7.4,1072.4,29.0,Canal/Flood,57.0,36.4,20.7,0.25,146.8
2015,Bihar,Patna,Jowar,Kharif,333.8,Alluvial,7.25,713.5,30.4,Canal/Flood,86.4,28.1,22.5,0.27,90.1
2019,Bihar,Patna,Jowar,Kharif,294.6,Alluvial,7.12,1134.3,28.7,Canal/Flood,71.4,28.3,28.1,0.31,91.3
2005,Gujarat,Rajkot,Jowar,Kharif,542.1,Sandy Loam,7.76,671.0,28.2,Tube Well,84.2,34.5,27.5,0.26,140.9
2006,Gujarat,Rajkot,Jowar,Kharif,303.2,Sandy Loam,7.73,619.0,28.3,Sprinkler,85.5,30.0,26.6,0.26,78.8
2007,Gujarat,Rajkot,Jowar,Kharif,272.5,Sandy Loam,7.53,548.7,29.6,Tube Well,66.1,35.4,32.4,0.43,117.2
2008,Gujarat,Rajkot,Jowar,Kharif,651.6,Sandy Loam,7.82,404.5,28.8,Rainfed,66.9,37.0,31.2,1.04,677.7
2009,Gujarat,Rajkot,Jowar,Kharif,564.7,Sandy Loam,7.68,506.2,29.8,Drip,62.4,39.6,31.9,0.39,220.2
2010,Gujarat,Rajkot,Jowar,Kharif,362.2,Sandy Loam,7.61,595.9,29.9,Drip,57.2,25.7,22.8,0.27,97.8
2011,Gujarat,Rajkot,Jowar,Kharif,141.6,Sandy Loam,8.11,533.3,28.7,Rainfed,54.2,37.3,23.1,1.1,155.8
2012,Gujarat,Rajkot,Jowar,Kharif,598.7,Sandy Loam,7.9,569.7,28.3,Sprinkler,70.6,33.8,23.1,0.25,149.7
2013,Gujarat,Rajkot,Jowar,Kharif,141.1,Sandy Loam,7.6,615.8,29.3,Rainfed,53.1,29.4,21.1,1.08,152.4
2014,Gujarat,Rajkot,Jowar,Kharif,180.9,Sandy Loam,7.79,517.6,29.4,Tube Well,57.8,29.4,33.9,0.48,86.8
2015,Gujarat,Rajkot,Jowar,Kharif,465.4,Sandy Loam,7.71,678.7,30.2,Tube Well,58.7,31.4,22.7,0.28,130.3
2016,Gujarat,Rajkot,Jowar,Kharif,385.5,Sandy Loam,7.79,480.6,29.7,Drip,84.2,31.3,31.3,0.42,161.9
2017,Gujarat,Rajkot,Jowar,Kharif,298.5,Sandy Loam,7.88,661.7,29.5,Drip,85.2,38.7,31.4,0.28,83.6
2018,Gujarat,Rajkot,Jowar,Kharif,137.7,Sandy Loam,7.78,693.0,29.4,Drip,89.0,33.4,31.5,0.28,38.6
2019,Gujarat,Rajkot,Jowar,Kharif,342.7,Sandy Loam,7.69,652.7,29.6,Tube Well,80.1,28.7,31.3,0.31,106.2
2020,Gujarat,Rajkot,Jowar,Kharif,254.2,Sandy Loam,7.7,716.3,29.4,Rainfed,59.9,23.7,28.4,0.54,137.3
2021,Gujarat,Rajkot,Jowar,Kharif,522.8,Sandy Loam,7.88,512.6,29.3,Sprinkler,91.4,32.3,19.8,0.41,214.3
2022,Gujarat,Rajkot,Jowar,Kharif,79.2,Sandy Loam,7.64,732.2,30.6,Rainfed,107.2,38.1,28.2,0.51,40.4
2023,Gujarat,Rajkot,Jowar,Kharif,837.7,Sandy Loam,8.49,617.6,28.9,Sprinkler,74.0,28.1,25.0,0.27,226.2
2024,Gujarat,Rajkot,Jowar,Kharif,149.2,Sandy Loam,7.72,447.1,28.2,Tube Well,69.8,35.2,24.3,0.78,116.4
2005,Gujarat,Rajkot,Jowar,Rabi,175.8,Sandy Loam,7.81,15.5,21.4,Sprinkler,88.3,26.5,25.0,0.22,38.7
2006,Gujarat,Rajkot,Jowar,Rabi,589.8,Sandy Loam,7.96,15.5,20.6,Tube Well,85.9,21.5,46.9,0.18,106.2
2007,Gujarat,Rajkot,Jowar,Rabi,287.4,Sandy Loam,7.7,18.1,20.5,Sprinkler,70.2,25.1,31.9,0.26,74.7
2008,Gujarat,Rajkot,Jowar,Rabi,501.6,Sandy Loam,7.79,14.7,20.2,Drip,81.3,33.4,28.3,0.25,125.4
2009,Gujarat,Rajkot,Jowar,Rabi,201.7,Sandy Loam,7.53,14.2,22.4,Sprinkler,59.3,33.3,36.7,0.4,80.7
2010,Gujarat,Rajkot,Jowar,Rabi,271.9,Sandy Loam,7.53,13.0,20.6,Rainfed,62.9,32.7,29.2,0.1,27.2
2011,Gujarat,Rajkot,Jowar,Rabi,161.6,Sandy Loam,7.53,14.2,21.7,Tube Well,63.5,38.1,20.6,0.25,40.4
2012,Gujarat,Rajkot,Jowar,Rabi,416.5,Sandy Loam,7.58,14.6,20.7,Drip,52.4,28.8,26.3,0.32,133.3
2013,Gujarat,Rajkot,Jowar,Rabi,371.6,Sandy Loam,7.88,14.9,21.1,Rainfed,72.6,40.2,31.8,0.1,37.2
2014,Gujarat,Rajkot,Jowar,Rabi,202.4,Sandy Loam,7.75,11.4,21.9,Rainfed,74.2,26.0,33.0,0.1,20.2
2015,Gujarat,Rajkot,Jowar,Rabi,485.9,Sandy Loam,7.96,13.7,22.2,Drip,90.1,31.2,31.2,0.35,170.1
2016,Gujarat,Rajkot,Jowar,Rabi,361.2,Sandy Loam,7.94,17.4,21.4,Sprinkler,85.7,36.1,37.0,0.23,83.1
2017,Gujarat,Rajkot,Jowar,Rabi,503.2,Sandy Loam,7.6,16.0,21.8,Drip,66.4,37.6,28.4,0.37,186.2
2018,Gujarat,Rajkot,Jowar,Rabi,377.8,Sandy Loam,7.71,14.1,22.0,Rainfed,77.8,39.2,20.2,0.1,37.8
2019,Gujarat,Rajkot,Jowar,Rabi,598.2,Sandy Loam,7.5,15.4,21.4,Drip,67.2,38.5,29.5,0.35,209.4
2020,Gujarat,Rajkot,Jowar,Rabi,275.2,Sandy Loam,7.7,20.4,21.7,Rainfed,54.5,42.8,24.4,0.1,27.5
2021,Gujarat,Rajkot,Jowar,Rabi,211.9,Sandy Loam,7.52,13.6,21.9,Rainfed,103.7,32.9,25.7,0.1,21.2
2022,Gujarat,Rajkot,Jowar,Rabi,160.1,Sandy Loam,7.6,14.1,23.4,Sprinkler,72.9,35.2,24.8,0.51,81.7
2023,Gujarat,Rajkot,Jowar,Rabi,329.5,Sandy Loam,7.73,10.9,20.0,Drip,62.1,39.3,25.9,0.3,98.8
2024,Gujarat,Rajkot,Jowar,Rabi,258.0,Sandy Loam,7.6,16.8,20.4,Rainfed,74.3,28.5,29.0,0.1,25.8
2016,Tamil Nadu,Thanjavur,Jowar,Kharif,353.2,Clay Loam,6.61,442.6,31.3,Rainfed,55.0,30.4,26.7,0.93,328.5
2019,Tamil Nadu,Thanjavur,Jowar,Kharif,140.9,Clay Loam,6.91,474.0,30.3,Rainfed,90.0,36.6,28.6,1.51,212.8
2010,Tamil Nadu,Thanjavur,Jowar,Rabi,269.0,Clay Loam,6.95,454.0,24.4,Rainfed,78.6,43.4,41.9,0.78,209.8
2016,Tamil Nadu,Thanjavur,Jowar,Rabi,261.1,Clay Loam,6.57,565.3,25.0,Rainfed,77.3,23.6,35.4,0.7,182.8
2021,Tamil Nadu,Thanjavur,Jowar,Rabi,160.9,Clay Loam,7.13,638.6,25.3,Tube Well,60.4,40.7,31.9,0.24,38.6
2012,Uttar Pradesh,Varanasi,Jowar,Kharif,370.9,Alluvial,6.93,1010.4,28.4,Rainfed,67.7,33.4,32.0,0.28,103.9
2013,Uttar Pradesh,Varanasi,Jowar,Rabi,511.4,Alluvial,7.06,46.8,18.5,Tube Well,46.8,38.4,30.7,0.24,122.7
2005,West Bengal,Burdwan,Maize,Kharif,193.0,Alluvial,6.5,1172.7,29.3,Canal/Flood,145.5,56.3,32.4,0.64,123.5
2020,West Bengal,Burdwan,Maize,Kharif,150.7,Alluvial,6.47,1307.5,28.1,Rainfed,119.6,53.0,50.6,0.86,129.6
2024,West Bengal,Burdwan,Maize,Kharif,214.0,Alluvial,6.5,1474.3,29.8,Tube Well,96.1,47.1,37.4,0.56,119.8
2016,West Bengal,Burdwan,Maize,Rabi,676.4,Alluvial,6.29,72.2,20.4,Canal/Flood,74.2,45.7,38.7,0.86,581.7
2023,West Bengal,Burdwan,Maize,Rabi,605.7,Alluvial,6.09,63.0,20.2,Rainfed,114.0,40.9,41.2,0.24,145.4
2005,Andhra Pradesh,Guntur,Maize,Kharif,376.6,Black,7.49,577.3,29.7,Drip,68.8,38.8,31.5,0.58,218.4
2006,Andhra Pradesh,Guntur,Maize,Kharif,90.2,Black,7.13,455.7,29.9,Drip,95.1,52.9,49.7,1.54,138.9
2007,Andhra Pradesh,Guntur,Maize,Kharif,162.1,Black,7.23,577.6,30.2,Tube Well,116.4,46.0,45.4,0.9,145.9
2008,Andhra Pradesh,Guntur,Maize,Kharif,157.8,Black,7.36,569.5,29.8,Canal/Flood,142.1,49.0,33.1,1.31,206.7
2009,Andhra Pradesh,Guntur,Maize,Kharif,235.2,Black,7.52,520.8,30.9,Drip,124.4,43.8,35.3,0.56,131.7
2010,Andhra Pradesh,Guntur,Maize,Kharif,217.7,Black,7.44,550.9,29.3,Rainfed,112.5,57.0,49.4,2.11,459.3
2011,Andhra Pradesh,Guntur,Maize,Kharif,588.6,Black,7.61,660.2,30.3,Canal/Flood,123.8,33.1,48.5,0.51,300.2
2012,Andhra Pradesh,Guntur,Maize,Kharif,336.0,Black,7.95,487.6,30.6,Drip,125.4,55.9,46.1,0.73,245.3
2013,Andhra Pradesh,Guntur,Maize,Kharif,574.3,Black,7.41,629.5,30.4,Drip,102.5,52.7,26.9,0.38,218.2
2014,Andhra Pradesh,Guntur,Maize,Kharif,325.7,Black,7.43,657.8,30.2,Canal/Flood,100.5,52.7,37.8,0.53,172.6
2015,Andhra Pradesh,Guntur,Maize,Kharif,496.4,Black,7.42,570.4,30.9,Rainfed,126.7,55.2,36.4,1.27,630.4
2016,Andhra Pradesh,Guntur,Maize,Kharif,473.8,Black,7.34,672.2,30.8,Tube Well,141.2,47.3,54.8,0.44,208.5
2017,Andhra Pradesh,Guntur,Maize,Kharif,622.5,Black,7.62,589.7,29.9,Canal/Flood,113.7,48.4,38.2,1.07,666.1
2018,Andhra Pradesh,Guntur,Maize,Kharif,212.2,Black,7.55,611.0,29.8,Drip,145.5,65.3,44.1,0.67,142.2
2019,Andhra Pradesh,Guntur,Maize,Kharif,364.5,Black,7.46,824.7,28.7,Tube Well,68.3,35.8,55.3,0.51,185.9
2020,Andhra Pradesh,Guntur,Maize,Kharif,300.0,Black,7.7,872.1,31.0,Canal/Flood,78.1,68.5,36.2,0.24,72.0
2021,Andhra Pradesh,Guntur,Maize,Kharif,501.3,Black,7.63,564.3,29.8,Drip,123.7,61.5,36.1,0.86,431.1
2022,Andhra Pradesh,Guntur,Maize,Kharif,433.1,Black,7.4,576.9,32.7,Rainfed,107.7,39.7,39.0,0.87,376.8
2023,Andhra Pradesh,Guntur,Maize,Kharif,349.8,Black,7.46,733.6,30.1,Tube Well,113.1,61.1,30.2,0.34,118.9
2024,Andhra Pradesh,Guntur,Maize,Kharif,438.9,Black,7.19,520.3,29.9,Canal/Flood,78.5,41.7,41.0,1.77,776.9
2005,Andhra Pradesh,Guntur,Maize,Rabi,259.9,Black,7.49,219.2,23.8,Drip,152.7,56.1,35.5,2.78,722.5
2006,Andhra Pradesh,Guntur,Maize,Rabi,367.4,Black,7.19,221.5,23.6,Tube Well,97.2,45.1,40.7,3.03,1113.2
2007,Andhra Pradesh,Guntur,Maize,Rabi,639.5,Black,7.3,212.9,24.4,Canal/Flood,128.3,45.2,32.4,3.16,2020.8
2008,Andhra Pradesh,Guntur,Maize,Rabi,344.8,Black,7.44,217.2,23.8,Rainfed,101.9,63.2,37.4,0.6,206.9
2009,Andhra Pradesh,Guntur,Maize,Rabi,119.8,Black,7.81,172.8,24.5,Rainfed,105.5,62.9,33.6,0.58,69.5
2010,Andhra Pradesh,Guntur,Maize,Rabi,545.3,Black,7.39,219.6,23.8,Canal/Flood,71.1,32.2,29.2,2.57,1401.4
2011,Andhra Pradesh,Guntur,Maize,Rabi,228.7,Black,7.32,235.7,23.4,Rainfed,89.1,41.8,45.5,0.56,128.1
2012,Andhra Pradesh,Guntur,Maize,Rabi,318.6,Black,7.53,175.4,24.6,Rainfed,133.1,49.3,47.9,0.67,213.5
2013,Andhra Pradesh,Guntur,Maize,Rabi,222.6,Black,7.77,252.2,24.4,Canal/Flood,104.7,28.1,28.0,2.64,587.7
2014,Andhra Pradesh,Guntur,Maize,Rabi,235.0,Black,7.55,232.6,24.8,Tube Well,85.0,58.4,35.2,3.03,712.0
2015,Andhra Pradesh,Guntur,Maize,Rabi,350.5,Black,7.33,191.1,24.8,Rainfed,133.8,42.6,40.3,0.8,280.4
2016,Andhra Pradesh,Guntur,Maize,Rabi,402.5,Black,7.38,254.7,24.9,Rainfed,152.9,59.9,24.6,0.68,273.7
2017,Andhra Pradesh,Guntur,Maize,Rabi,205.5,Black,7.45,183.1,24.8,Canal/Flood,119.1,43.5,44.3,3.1,637.1
2018,Andhra Pradesh,Guntur,Maize,Rabi,264.3,Black,7.61,247.7,24.2,Rainfed,103.2,35.9,28.2,0.57,150.7
2019,Andhra Pradesh,Guntur,Maize,Rabi,462.0,Black,7.48,268.9,23.3,Canal/Flood,101.9,51.9,35.4,2.78,1284.4
2020,Andhra Pradesh,Guntur,Maize,Rabi,497.3,Black,7.51,232.3,24.0,Drip,97.9,40.6,34.2,3.15,1566.5
2021,Andhra Pradesh,Guntur,Maize,Rabi,441.5,Black,7.27,188.2,23.9,Rainfed,112.5,64.3,35.2,0.74,326.7
2022,Andhra Pradesh,Guntur,Maize,Rabi,239.1,Black,7.39,244.2,25.8,Rainfed,102.8,49.4,47.9,0.67,160.2
2023,Andhra Pradesh,Guntur,Maize,Rabi,209.2,Black,7.75,248.1,23.7,Tube Well,115.1,53.4,48.1,2.98,623.4
2024,Andhra Pradesh,Guntur,Maize,Rabi,767.2,Black,7.79,217.7,24.9,Rainfed,83.9,56.2,39.8,0.65,498.7
2022,Madhya Pradesh,Indore,Maize,Kharif,306.7,Black,7.38,956.3,30.0,Tube Well,82.8,49.3,45.2,0.45,138.0
2017,Madhya Pradesh,Indore,Maize,Rabi,504.5,Black,7.47,29.3,19.1,Tube Well,89.4,67.8,43.8,0.51,257.3
2019,Madhya Pradesh,Indore,Maize,Rabi,621.9,Black,7.33,42.1,19.4,Sprinkler,101.7,41.0,38.8,0.74,460.2
2021,Madhya Pradesh,Indore,Maize,Rabi,209.1,Black,7.51,25.3,18.9,Tube Well,137.3,52.6,44.3,0.5,104.5
2005,Haryana,Karnal,Maize,Kharif,235.1,Alluvial,7.65,551.3,29.9,Tube Well,158.8,54.3,38.1,1.12,263.3
2015,Haryana,Karnal,Maize,Kharif,423.3,Alluvial,7.35,488.4,31.0,Canal/Flood,118.0,52.5,39.9,1.09,461.4
2023,Haryana,Karnal,Maize,Kharif,204.1,Alluvial,7.26,586.5,31.1,Canal/Flood,122.8,69.2,45.1,0.83,169.4
2008,Haryana,Karnal,Maize,Rabi,883.7,Alluvial,7.22,81.3,15.5,Canal/Flood,119.8,45.2,43.7,0.63,556.7
2012,Haryana,Karnal,Maize,Rabi,433.7,Alluvial,7.22,93.2,16.3,Canal/Flood,147.4,42.8,41.6,0.7,303.6
2015,Haryana,Karnal,Maize,Rabi,354.5,Alluvial,7.68,57.7,16.7,Canal/Flood,136.3,44.7,33.8,0.53,187.9
2018,Haryana,Karnal,Maize,Rabi,248.7,Alluvial,7.41,96.9,15.4,Canal/Flood,96.2,53.9,24.4,0.63,156.7
2020,Haryana,Karnal,Maize,Rabi,569.9,Alluvial,7.54,106.7,16.5,Canal/Flood,99.8,40.6,30.5,0.57,324.8
2022,Haryana,Karnal,Maize,Rabi,240.8,Alluvial,7.24,83.9,17.5,Canal/Flood,157.8,42.0,39.2,0.72,173.4
2005,Rajasthan,Kota,Maize,Kharif,419.8,Clay Loam,7.5,612.7,30.5,Sprinkler,121.2,47.7,28.0,0.38,159.5
2006,Rajasthan,Kota,Maize,Kharif,657.6,Clay Loam,7.66,734.5,30.0,Sprinkler,97.1,46.6,37.7,0.32,210.4
2007,Rajasthan,Kota,Maize,Kharif,387.1,Clay Loam,7.75,666.9,30.4,Tube Well,133.4,60.4,39.2,0.35,135.5
2008,Rajasthan,Kota,Maize,Kharif,321.2,Clay Loam,7.76,574.3,30.7,Canal/Flood,117.0,42.2,36.1,0.6,192.7
2009,Rajasthan,Kota,Maize,Kharif,608.1,Clay Loam,7.58,575.2,29.7,Tube Well,94.5,42.3,35.6,0.85,516.9
2010,Rajasthan,Kota,Maize,Kharif,145.1,Clay Loam,7.82,741.6,31.1,Canal/Flood,131.5,45.1,53.1,0.22,31.9
2011,Rajasthan,Kota,Maize,Kharif,181.8,Clay Loam,7.6,607.1,30.1,Tube Well,123.9,50.5,40.9,0.62,112.7
2012,Rajasthan,Kota,Maize,Kharif,107.0,Clay Loam,7.83,560.4,29.6,Canal/Flood,123.2,66.8,34.6,1.02,109.1
2013,Rajasthan,Kota,Maize,Kharif,905.7,Clay Loam,7.73,619.9,30.9,Tube Well,142.5,59.0,35.0,0.44,398.5
2014,Rajasthan,Kota,Maize,Kharif,600.5,Clay Loam,7.81,742.1,30.6,Sprinkler,111.0,54.0,39.5,0.24,144.1
2015,Rajasthan,Kota,Maize,Kharif,468.5,Clay Loam,7.75,541.6,30.8,Tube Well,86.9,71.6,48.0,0.64,299.8
2016,Rajasthan,Kota,Maize,Kharif,410.9,Clay Loam,7.81,535.7,29.9,Tube Well,129.0,54.1,32.7,1.07,439.7
2017,Rajasthan,Kota,Maize,Kharif,342.7,Clay Loam,7.41,606.9,29.9,Canal/Flood,136.8,52.9,49.8,0.95,325.6
2018,Rajasthan,Kota,Maize,Kharif,412.1,Clay Loam,7.61,733.1,29.5,Sprinkler,88.3,46.7,50.5,0.38,156.6
2019,Rajasthan,Kota,Maize,Kharif,377.0,Clay Loam,7.85,748.9,29.7,Sprinkler,151.3,58.9,30.0,0.41,154.6
2020,Rajasthan,Kota,Maize,Kharif,100.7,Clay Loam,7.72,878.3,29.0,Tube Well,114.9,56.3,46.3,0.44,44.3
2021,Rajasthan,Kota,Maize,Kharif,299.2,Clay Loam,7.96,635.7,29.7,Canal/Flood,120.2,42.1,41.2,0.8,239.4
2022,Rajasthan,Kota,Maize,Kharif,298.6,Clay Loam,7.82,484.9,31.7,Tube Well,139.6,44.2,32.3,0.62,185.1
2023,Rajasthan,Kota,Maize,Kharif,390.9,Clay Loam,7.78,842.5,30.0,Tube Well,76.3,41.6,38.5,0.33,129.0
2024,Rajasthan,Kota,Maize,Kharif,424.2,Clay Loam,7.51,614.9,29.4,Tube Well,121.1,47.7,43.3,0.86,364.8
2005,Rajasthan,Kota,Maize,Rabi,276.0,Clay Loam,7.65,28.5,17.1,Tube Well,126.8,46.9,37.5,0.42,115.9
2006,Rajasthan,Kota,Maize,Rabi,749.1,Clay Loam,7.58,26.3,18.0,Tube Well,114.6,39.2,40.0,0.36,269.7
2007,Rajasthan,Kota,Maize,Rabi,269.3,Clay Loam,7.83,22.2,19.0,Canal/Flood,118.9,68.8,32.7,0.35,94.3
2008,Rajasthan,Kota,Maize,Rabi,117.1,Clay Loam,7.76,25.3,17.2,Tube Well,115.7,39.6,30.4,0.39,45.7
2009,Rajasthan,Kota,Maize,Rabi,144.6,Clay Loam,7.7,19.8,18.5,Tube Well,110.1,42.8,42.1,0.4,57.8
2010,Rajasthan,Kota,Maize,Rabi,263.9,Clay Loam,7.5,28.0,18.7,Tube Well,134.1,28.5,39.7,0.4,105.6
2011,Rajasthan,Kota,Maize,Rabi,304.6,Clay Loam,7.71,23.6,18.5,Tube Well,96.5,42.8,41.4,0.37,112.7
2012,Rajasthan,Kota,Maize,Rabi,179.2,Clay Loam,7.53,24.2,17.4,Tube Well,122.3,49.0,41.5,0.41,73.5
2013,Rajasthan,Kota,Maize,Rabi,220.5,Clay Loam,7.34,26.5,17.7,Sprinkler,127.2,59.0,40.7,0.6,132.3
2014,Rajasthan,Kota,Maize,Rabi,573.7,Clay Loam,7.86,21.5,17.6,Tube Well,118.2,40.9,38.3,0.41,235.2
2015,Rajasthan,Kota,Maize,Rabi,329.0,Clay Loam,7.81,24.5,18.8,Canal/Flood,106.6,41.5,43.0,0.35,115.1
2016,Rajasthan,Kota,Maize,Rabi,838.7,Clay Loam,7.93,27.8,17.7,Tube Well,101.2,52.1,52.6,0.4,335.5
2017,Rajasthan,Kota,Maize,Rabi,110.6,Clay Loam,7.74,24.8,16.0,Sprinkler,104.6,42.4,40.8,0.47,52.0
2018,Rajasthan,Kota,Maize,Rabi,92.6,Clay Loam,7.53,26.0,18.2,Canal/Flood,104.4,56.3,47.3,0.37,34.3
2019,Rajasthan,Kota,Maize,Rabi,1094.7,Clay Loam,7.72,32.0,17.7,Tube Well,89.4,44.5,44.3,0.41,448.8
2020,Rajasthan,Kota,Maize,Rabi,694.1,Clay Loam,7.75,33.5,17.4,Tube Well,120.2,46.8,43.0,0.41,284.6
2021,Rajasthan,Kota,Maize,Rabi,571.1,Clay Loam,7.73,22.2,18.5,Sprinkler,119.5,41.4,31.7,0.5,285.6
2022,Rajasthan,Kota,Maize,Rabi,485.9,Clay Loam,7.51,18.1,20.1,Sprinkler,103.3,48.4,50.4,0.73,354.7
2023,Rajasthan,Kota,Maize,Rabi,126.8,Clay Loam,7.54,24.1,18.9,Sprinkler,89.4,49.8,33.0,0.51,64.7
2024,Rajasthan,Kota,Maize,Rabi,593.6,Clay Loam,7.41,28.2,17.9,Sprinkler,110.4,41.1,46.6,0.55,326.5
2005,Punjab,Ludhiana,Maize,Kharif,185.9,Alluvial,7.42,614.6,30.9,Tube Well,98.5,45.3,35.9,0.46,85.5
2006,Punjab,Ludhiana,Maize,Kharif,280.2,Alluvial,7.25,600.6,31.6,Canal/Flood,85.7,55.4,45.0,0.58,162.5
2007,Punjab,Ludhiana,Maize,Kharif,425.2,Alluvial,7.46,492.8,31.2,Sprinkler,130.5,56.7,33.1,0.64,272.1
2008,Punjab,Ludhiana,Maize,Kharif,420.1,Alluvial,7.18,581.5,29.8,Tube Well,148.7,45.3,41.3,1.31,550.3
2009,Punjab,Ludhiana,Maize,Kharif,154.2,Alluvial,6.95,368.2,32.6,Canal/Flood,115.3,55.9,39.5,1.17,180.4
2010,Punjab,Ludhiana,Maize,Kharif,453.6,Alluvial,7.17,523.6,31.2,Sprinkler,136.4,55.2,37.7,0.7,317.5
2011,Punjab,Ludhiana,Maize,Kharif,426.0,Alluvial,7.45,723.7,31.1,Tube Well,91.2,66.3,45.2,0.23,98.0
2012,Punjab,Ludhiana,Maize,Kharif,127.2,Alluvial,7.67,381.6,31.3,Sprinkler,125.1,60.6,43.4,1.08,137.4
2013,Punjab,Ludhiana,Maize,Kharif,523.4,Alluvial,7.48,559.1,30.8,Canal/Flood,139.3,44.1,49.6,0.76,397.8
2014,Punjab,Ludhiana,Maize,Kharif,184.7,Alluvial,7.42,502.5,32.8,Tube Well,109.4,53.0,30.1,0.61,112.7
2015,Punjab,Ludhiana,Maize,Kharif,374.2,Alluvial,7.28,441.8,33.0,Tube Well,110.2,52.7,35.8,0.82,306.8
2016,Punjab,Ludhiana,Maize,Kharif,181.0,Alluvial,7.15,617.4,30.4,Sprinkler,72.2,49.7,38.3,0.58,105.0
2017,Punjab,Ludhiana,Maize,Kharif,876.9,Alluvial,7.04,599.5,31.2,Tube Well,120.5,56.4,32.3,0.69,605.1
2018,Punjab,Ludhiana,Maize,Kharif,130.7,Alluvial,7.13,476.1,31.7,Canal/Flood,109.4,61.2,31.7,0.9,117.6
2019,Punjab,Ludhiana,Maize,Kharif,947.1,Alluvial,7.3,830.1,30.9,Tube Well,99.7,40.4,38.3,0.29,274.7
2020,Punjab,Ludhiana,Maize,Kharif,157.2,Alluvial,7.46,746.6,30.1,Sprinkler,124.5,53.1,45.0,0.37,58.2
2021,Punjab,Ludhiana,Maize,Kharif,299.5,Alluvial,7.33,657.5,31.1,Tube Well,142.2,64.9,36.1,0.47,140.8
2022,Punjab,Ludhiana,Maize,Kharif,153.1,Alluvial,7.14,506.3,32.1,Sprinkler,157.4,59.8,33.3,0.77,117.9
2023,Punjab,Ludhiana,Maize,Kharif,376.7,Alluvial,7.44,590.5,31.8,Tube Well,102.1,40.4,38.9,0.49,184.6
2024,Punjab,Ludhiana,Maize,Kharif,306.5,Alluvial,7.29,544.8,30.6,Sprinkler,111.9,53.0,51.4,0.89,272.8
2005,Punjab,Ludhiana,Maize,Rabi,261.1,Alluvial,7.18,93.5,15.8,Sprinkler,80.1,59.9,38.7,0.85,221.9
2006,Punjab,Ludhiana,Maize,Rabi,550.8,Alluvial,7.37,97.8,15.8,Sprinkler,88.1,51.6,50.0,0.7,385.6
2007,Punjab,Ludhiana,Maize,Rabi,516.9,Alluvial,7.61,83.5,16.9,Tube Well,121.3,50.9,28.6,0.56,289.5
2008,Punjab,Ludhiana,Maize,Rabi,530.6,Alluvial,7.34,95.3,16.3,Tube Well,137.3,49.2,35.8,0.75,398.0
2009,Punjab,Ludhiana,Maize,Rabi,315.7,Alluvial,7.32,81.4,17.0,Canal/Flood,98.2,53.3,44.2,0.6,189.4
2010,Punjab,Ludhiana,Maize,Rabi,236.7,Alluvial,6.66,98.1,16.8,Canal/Flood,103.2,40.9,40.3,0.72,170.4
2011,Punjab,Ludhiana,Maize,Rabi,253.6,Alluvial,7.13,87.0,16.7,Sprinkler,97.7,44.7,29.7,0.84,213.0
2012,Punjab,Ludhiana,Maize,Rabi,397.4,Alluvial,7.03,75.5,15.7,Sprinkler,134.9,56.2,43.2,0.96,381.5
2013,Punjab,Ludhiana,Maize,Rabi,104.0,Alluvial,7.28,81.6,16.6,Tube Well,112.9,48.1,33.0,0.68,70.7
2014,Punjab,Ludhiana,Maize,Rabi,254.9,Alluvial,7.11,70.0,16.6,Sprinkler,85.1,46.3,45.0,0.83,211.6
2015,Punjab,Ludhiana,Maize,Rabi,213.8,Alluvial,7.2,54.7,16.6,Tube Well,134.5,66.8,36.4,0.74,158.2
2016,Punjab,Ludhiana,Maize,Rabi,563.1,Alluvial,7.57,92.6,16.4,Canal/Flood,125.3,48.0,43.4,0.58,326.6
2017,Punjab,Ludhiana,Maize,Rabi,444.5,Alluvial,7.38,108.5,16.7,Tube Well,111.6,49.9,49.4,0.75,333.4
2018,Punjab,Ludhiana,Maize,Rabi,524.6,Alluvial,7.18,102.6,15.4,Canal/Flood,97.0,38.4,44.8,0.71,372.5
2019,Punjab,Ludhiana,Maize,Rabi,387.8,Alluvial,7.27,104.3,15.4,Canal/Flood,144.6,45.2,37.1,0.77,298.6
2020,Punjab,Ludhiana,Maize,Rabi,221.1,Alluvial,6.94,127.3,16.1,Canal/Flood,127.2,46.0,50.0,0.92,203.4
2021,Punjab,Ludhiana,Maize,Rabi,433.3,Alluvial,7.13,77.9,15.2,Sprinkler,108.6,62.2,43.1,1.02,442.0
2022,Punjab,Ludhiana,Maize,Rabi,696.9,Alluvial,7.22,83.0,18.3,Canal/Flood,130.9,47.1,28.9,0.76,529.6
2023,Punjab,Ludhiana,Maize,Rabi,510.7,Alluvial,7.09,93.7,16.5,Sprinkler,96.9,47.7,38.5,1.01,515.8
2024,Punjab,Ludhiana,Maize,Rabi,166.0,Alluvial,7.36,78.9,16.5,Sprinkler,112.3,64.7,32.5,0.81,134.5
2005,Karnataka,Mandya,Maize,Kharif,395.2,Red,6.52,416.0,26.1,Canal/Flood,101.4,53.6,37.0,4.1,1620.3
2006,Karnataka,Mandya,Maize,Kharif,362.3,Red,6.43,446.8,25.8,Canal/Flood,108.0,61.0,40.3,3.33,1206.5
2007,Karnataka,Mandya,Maize,Kharif,61.6,Red,6.53,440.1,26.2,Rainfed,72.7,46.5,31.5,2.13,131.2
2008,Karnataka,Mandya,Maize,Kharif,154.2,Red,6.33,419.3,25.6,Drip,89.5,48.7,45.4,2.43,374.7
2009,Karnataka,Mandya,Maize,Kharif,340.9,Red,6.31,475.3,26.4,Drip,114.6,58.1,36.6,2.33,794.3
2010,Karnataka,Mandya,Maize,Kharif,134.6,Red,6.38,519.8,25.4,Drip,80.8,59.2,30.9,1.89,254.4
2011,Karnataka,Mandya,Maize,Kharif,322.3,Red,6.72,568.6,26.0,Rainfed,82.5,47.9,38.9,3.87,1247.3
2012,Karnataka,Mandya,Maize,Kharif,419.0,Red,6.23,448.6,26.5,Drip,117.3,44.7,31.0,2.19,917.6
2013,Karnataka,Mandya,Maize,Kharif,364.1,Red,6.07,437.7,26.5,Rainfed,118.9,63.3,36.3,1.67,608.0
2014,Karnataka,Mandya,Maize,Kharif,379.7,Red,6.53,481.1,26.4,Rainfed,121.0,44.5,46.4,3.08,1169.5
2015,Karnataka,Mandya,Maize,Kharif,196.8,Red,6.38,323.7,27.0,Drip,118.9,52.9,38.2,3.35,659.3
2016,Karnataka,Mandya,Maize,Kharif,612.5,Red,6.6,317.7,26.1,Drip,97.6,58.5,39.9,3.94,2413.2
2017,Karnataka,Mandya,Maize,Kharif,280.5,Red,6.52,531.4,25.5,Canal/Flood,83.9,56.1,43.8,3.1,869.6
2018,Karnataka,Mandya,Maize,Kharif,389.4,Red,6.34,488.0,25.0,Canal/Flood,104.9,60.8,45.0,3.14,1222.7
2019,Karnataka,Mandya,Maize,Kharif,554.8,Red,6.6,580.4,24.4,Drip,106.2,47.5,50.8,1.49,826.7
2020,Karnataka,Mandya,Maize,Kharif,208.1,Red,6.44,610.9,25.3,Canal/Flood,98.9,44.1,33.8,1.97,410.0
2021,Karnataka,Mandya,Maize,Kharif,77.0,Red,6.39,457.9,26.2,Canal/Flood,109.8,42.1,42.9,3.55,273.3
2022,Karnataka,Mandya,Maize,Kharif,433.3,Red,6.64,553.9,28.5,Rainfed,103.2,53.2,41.4,3.57,1546.9
2023,Karnataka,Mandya,Maize,Kharif,86.3,Red,6.52,381.6,25.3,Drip,95.2,40.3,35.9,3.42,295.1
2024,Karnataka,Mandya,Maize,Kharif,387.0,Red,6.74,416.8,26.2,Canal/Flood,150.1,47.6,41.4,4.62,1787.9
2005,Karnataka,Mandya,Maize,Rabi,861.7,Red,6.4,227.2,22.7,Rainfed,127.2,62.2,43.0,0.56,482.6
2006,Karnataka,Mandya,Maize,Rabi,271.3,Red,6.63,254.8,22.8,Rainfed,117.3,66.5,38.4,0.61,165.5
2007,Karnataka,Mandya,Maize,Rabi,271.2,Red,6.4,222.5,22.7,Canal/Flood,126.5,50.6,43.2,2.64,716.0
2008,Karnataka,Mandya,Maize,Rabi,374.0,Red,6.56,276.1,22.3,Rainfed,116.9,50.8,42.6,0.55,205.7
2009,Karnataka,Mandya,Maize,Rabi,812.3,Red,6.61,148.4,24.0,Rainfed,79.2,63.9,40.6,0.83,674.2
2010,Karnataka,Mandya,Maize,Rabi,413.4,Red,6.74,233.8,22.4,Rainfed,128.4,55.9,36.8,0.65,268.7
2011,Karnataka,Mandya,Maize,Rabi,635.7,Red,6.54,308.2,23.8,Rainfed,116.0,47.6,36.7,0.76,483.1
2012,Karnataka,Mandya,Maize,Rabi,195.5,Red,6.47,235.0,24.1,Canal/Flood,105.3,38.2,41.4,3.89,760.5
2013,Karnataka,Mandya,Maize,Rabi,183.9,Red,6.6,250.4,23.0,Drip,105.5,70.5,34.7,3.29,605.0
2014,Karnataka,Mandya,Maize,Rabi,520.0,Red,6.22,217.6,23.4,Rainfed,131.8,51.6,36.2,0.57,296.4
2015,Karnataka,Mandya,Maize,Rabi,314.1,Red,6.61,236.1,23.4,Canal/Flood,125.2,45.3,40.5,3.62,1137.0
2016,Karnataka,Mandya,Maize,Rabi,321.2,Red,6.65,231.5,22.5,Rainfed,120.4,42.1,30.8,0.62,199.1
2017,Karnataka,Mandya,Maize,Rabi,496.9,Red,6.5,220.8,22.7,Canal/Flood,104.6,62.6,37.5,3.12,1550.3
2018,Karnataka,Mandya,Maize,Rabi,278.9,Red,6.53,195.6,23.0,Canal/Flood,103.3,49.3,40.2,3.07,856.2
2019,Karnataka,Mandya,Maize,Rabi,410.2,Red,6.34,336.4,22.6,Drip,84.9,44.0,33.2,2.38,976.3
2020,Karnataka,Mandya,Maize,Rabi,223.1,Red,6.72,289.4,23.1,Drip,116.3,51.1,36.6,3.62,807.6
2021,Karnataka,Mandya,Maize,Rabi,165.9,Red,6.47,219.3,22.6,Rainfed,74.0,47.9,56.7,0.6,99.5
2022,Karnataka,Mandya,Maize,Rabi,431.2,Red,6.47,176.8,25.1,Canal/Flood,117.8,64.3,36.7,3.75,1617.0
2023,Karnataka,Mandya,Maize,Rabi,284.4,Red,6.46,258.9,22.2,Rainfed,136.3,26.9,37.3,0.56,159.3
2024,Karnataka,Mandya,Maize,Rabi,446.2,Red,6.79,264.8,23.2,Drip,104.1,49.6,39.8,3.55,1584.0
2008,Maharashtra,Nashik,Maize,Rabi,139.2,Black,7.02,35.9,20.0,Rainfed,88.9,42.9,41.7,0.25,34.8
2015,Maharashtra,Nashik,Maize,Rabi,377.5,Black,7.29,35.7,19.1,Canal/Flood,124.2,60.3,39.5,0.57,215.2
2005,Bihar,Patna,Maize,Kharif,292.1,Alluvial,7.53,991.8,28.9,Tube Well,95.9,44.0,40.5,0.47,137.3
2006,Bihar,Patna,Maize,Kharif,311.1,Alluvial,7.37,1077.1,29.6,Canal/Flood,101.3,51.3,42.9,0.44,136.9
2007,Bihar,Patna,Maize,Kharif,159.8,Alluvial,7.09,1066.7,29.2,Tube Well,141.0,42.3,43.8,0.61,97.5
2008,Bihar,Patna,Maize,Kharif,170.8,Alluvial,7.09,775.7,28.0,Tube Well,112.0,51.0,50.0,0.77,131.5
2009,Bihar,Patna,Maize,Kharif,563.5,Alluvial,7.01,624.7,29.7,Tube Well,108.2,48.4,44.7,1.13,636.8
2010,Bihar,Patna,Maize,Kharif,447.2,Alluvial,7.32,908.1,29.7,Tube Well,50.8,40.2,44.2,0.41,183.4
2011,Bihar,Patna,Maize,Kharif,451.2,Alluvial,7.08,993.2,27.8,Tube Well,38.7,43.7,33.7,0.6,270.7
2012,Bihar,Patna,Maize,Kharif,345.4,Alluvial,7.16,878.5,29.1,Canal/Flood,101.0,59.1,41.3,0.65,224.5
2013,Bihar,Patna,Maize,Kharif,213.9,Alluvial,7.4,1072.4,29.0,Canal/Flood,138.0,52.0,47.0,0.58,124.1
2014,Bihar,Patna,Maize,Kharif,301.1,Alluvial,7.22,893.9,30.4,Tube Well,118.2,38.6,38.3,0.35,105.4
2015,Bihar,Patna,Maize,Kharif,140.8,Alluvial,7.25,713.5,30.4,Rainfed,110.3,53.0,52.1,1.76,247.8
2016,Bihar,Patna,Maize,Kharif,308.1,Alluvial,7.0,1011.2,27.8,Rainfed,115.7,71.0,42.9,0.85,261.9
2017,Bihar,Patna,Maize,Kharif,824.1,Alluvial,7.17,936.6,29.7,Rainfed,107.5,66.4,33.2,0.81,667.5
2018,Bihar,Patna,Maize,Kharif,397.7,Alluvial,7.19,787.9,31.0,Canal/Flood,145.7,53.0,44.7,0.34,135.2
2019,Bihar,Patna,Maize,Kharif,481.5,Alluvial,7.12,1134.3,28.7,Rainfed,78.1,46.7,48.1,0.69,332.2
2020,Bihar,Patna,Maize,Kharif,238.3,Alluvial,7.19,1140.7,28.9,Canal/Flood,92.6,59.9,45.0,0.7,166.8
2021,Bihar,Patna,Maize,Kharif,659.6,Alluvial,7.11,750.4,28.6,Canal/Flood,113.3,57.9,46.0,0.8,527.7
2022,Bihar,Patna,Maize,Kharif,362.5,Alluvial,7.5,718.4,30.7,Tube Well,75.3,55.7,43.5,0.28,101.5
2023,Bihar,Patna,Maize,Kharif,626.5,Alluvial,7.3,996.2,28.8,Canal/Flood,86.6,55.5,48.7,0.61,382.2
2024,Bihar,Patna,Maize,Kharif,246.7,Alluvial,6.92,1020.9,29.6,Canal/Flood,100.2,58.8,44.5,0.67,165.3
2005,Bihar,Patna,Maize,Rabi,218.2,Alluvial,7.19,41.3,18.6,Rainfed,104.5,49.8,38.8,0.18,39.3
2006,Bihar,Patna,Maize,Rabi,292.3,Alluvial,7.06,49.4,18.4,Canal/Flood,90.2,56.7,36.3,0.57,166.6
2007,Bihar,Patna,Maize,Rabi,545.9,Alluvial,7.06,41.7,16.4,Tube Well,96.6,43.0,46.0,0.66,360.3
2008,Bihar,Patna,Maize,Rabi,78.9,Alluvial,6.88,53.4,18.0,Tube Well,78.7,41.5,36.0,0.68,53.7
2009,Bihar,Patna,Maize,Rabi,300.4,Alluvial,7.1,42.8,19.2,Canal/Flood,100.1,48.5,51.8,0.59,177.2
2010,Bihar,Patna,Maize,Rabi,549.2,Alluvial,6.98,53.3,16.3,Tube Well,144.5,38.4,40.4,0.75,411.9
2011,Bihar,Patna,Maize,Rabi,404.7,Alluvial,7.36,49.4,16.8,Canal/Flood,109.1,43.5,33.7,0.48,194.3
2012,Bihar,Patna,Maize,Rabi,173.2,Alluvial,6.82,48.7,17.1,Rainfed,116.9,48.6,43.7,0.23,39.8
2013,Bihar,Patna,Maize,Rabi,78.4,Alluvial,7.26,45.3,17.6,Rainfed,76.2,54.0,22.2,0.18,14.1
2014,Bihar,Patna,Maize,Rabi,654.3,Alluvial,7.26,43.6,18.2,Tube Well,97.7,33.9,47.3,0.6,392.6
2015,Bihar,Patna,Maize,Rabi,629.2,Alluvial,7.37,30.5,18.3,Tube Well,97.3,30.0,40.9,0.53,333.5
2016,Bihar,Patna,Maize,Rabi,361.5,Alluvial,7.24,45.1,17.2,Canal/Flood,95.6,45.0,38.7,0.57,206.1
2017,Bihar,Patna,Maize,Rabi,223.4,Alluvial,7.32,40.4,18.1,Tube Well,122.9,57.6,24.1,0.66,147.4
2018,Bihar,Patna,Maize,Rabi,837.1,Alluvial,7.27,46.0,18.6,Canal/Flood,110.7,46.9,27.8,0.57,477.1
2019,Bihar,Patna,Maize,Rabi,289.0,Alluvial,7.28,56.5,16.3,Tube Well,104.9,44.3,50.5,0.67,193.6
2020,Bihar,Patna,Maize,Rabi,177.6,Alluvial,7.25,49.7,16.8,Canal/Flood,135.2,70.6,49.1,0.62,110.1
2021,Bihar,Patna,Maize,Rabi,133.6,Alluvial,7.17,51.1,16.9,Canal/Flood,107.2,52.3,44.4,0.65,86.8
2022,Bihar,Patna,Maize,Rabi,100.5,Alluvial,7.54,46.8,19.4,Canal/Flood,131.0,41.3,53.2,0.53,53.3
2023,Bihar,Patna,Maize,Rabi,259.3,Alluvial,6.9,49.0,17.3,Rainfed,96.8,43.7,43.8,0.23,59.6
2024,Bihar,Patna,Maize,Rabi,428.2,Alluvial,7.67,50.6,17.6,Canal/Flood,107.2,39.3,52.0,0.5,214.1
2017,Gujarat,Rajkot,Maize,Kharif,420.2,Sandy Loam,7.88,661.7,29.5,Drip,119.5,54.1,34.9,0.47,197.5
2019,Gujarat,Rajkot,Maize,Rabi,245.9,Sandy Loam,7.5,15.4,21.4,Tube Well,98.5,49.5,39.3,0.99,243.4
2013,Tamil Nadu,Thanjavur,Maize,Kharif,415.8,Clay Loam,6.84,358.8,31.5,Tube Well,90.4,35.9,32.3,1.13,469.9
2015,Tamil Nadu,Thanjavur,Maize,Rabi,680.7,Clay Loam,6.74,411.0,25.8,Rainfed,123.1,41.9,38.5,1.69,1150.4
2021,Tamil Nadu,Thanjavur,Maize,Rabi,248.3,Clay Loam,7.13,638.6,25.3,Tube Well,109.6,29.2,36.0,1.21,300.4
2005,Uttar Pradesh,Varanasi,Maize,Kharif,590.2,Alluvial,6.83,958.2,29.0,Canal/Flood,144.9,52.1,34.2,0.69,407.2
2006,Uttar Pradesh,Varanasi,Maize,Kharif,267.5,Alluvial,7.1,855.0,29.5,Canal/Flood,120.5,27.3,40.5,0.52,139.1
2007,Uttar Pradesh,Varanasi,Maize,Kharif,275.1,Alluvial,7.15,987.0,30.1,Rainfed,143.6,50.4,38.2,0.38,104.5
2008,Uttar Pradesh,Varanasi,Maize,Kharif,717.0,Alluvial,6.85,1151.4,28.7,Rainfed,137.3,52.8,44.9,0.74,530.6
2009,Uttar Pradesh,Varanasi,Maize,Kharif,181.0,Alluvial,7.2,689.7,30.8,Rainfed,119.5,40.5,45.9,1.61,291.4
2010,Uttar Pradesh,Varanasi,Maize,Kharif,196.8,Alluvial,7.44,920.0,29.9,Rainfed,131.8,63.0,41.6,0.71,139.7
2011,Uttar Pradesh,Varanasi,Maize,Kharif,533.0,Alluvial,7.23,836.8,29.6,Rainfed,108.7,40.3,34.4,1.52,810.2
2012,Uttar Pradesh,Varanasi,Maize,Kharif,549.7,Alluvial,6.93,1010.4,28.4,Tube Well,98.7,67.3,32.1,0.81,445.3
2013,Uttar Pradesh,Varanasi,Maize,Kharif,422.5,Alluvial,7.24,998.0,29.1,Canal/Flood,107.7,58.5,34.9,0.58,245.0
2014,Uttar Pradesh,Varanasi,Maize,Kharif,574.2,Alluvial,7.17,682.5,30.8,Rainfed,84.6,62.0,45.5,1.65,947.4
2015,Uttar Pradesh,Varanasi,Maize,Kharif,465.4,Alluvial,7.38,899.8,30.2,Rainfed,110.5,59.1,39.4,0.66,307.2
2016,Uttar Pradesh,Varanasi,Maize,Kharif,333.5,Alluvial,7.24,842.4,29.2,Tube Well,101.4,36.5,40.1,0.57,190.1
2017,Uttar Pradesh,Varanasi,Maize,Kharif,244.3,Alluvial,7.13,817.2,29.9,Canal/Flood,140.9,30.3,43.3,0.56,136.8
2018,Uttar Pradesh,Varanasi,Maize,Kharif,188.7,Alluvial,7.31,887.8,28.0,Tube Well,95.9,56.2,34.7,0.69,130.2
2019,Uttar Pradesh,Varanasi,Maize,Kharif,474.8,Alluvial,7.19,1134.9,29.7,Rainfed,93.1,60.6,43.7,0.55,261.1
2020,Uttar Pradesh,Varanasi,Maize,Kharif,251.1,Alluvial,6.74,1043.5,29.6,Canal/Flood,100.1,34.2,37.9,0.67,168.2
2021,Uttar Pradesh,Varanasi,Maize,Kharif,680.7,Alluvial,7.28,845.5,28.8,Tube Well,151.8,54.7,46.7,0.66,449.3
2022,Uttar Pradesh,Varanasi,Maize,Kharif,295.0,Alluvial,7.11,793.1,32.1,Canal/Flood,138.0,59.0,42.1,0.25,73.8
2023,Uttar Pradesh,Varanasi,Maize,Kharif,295.8,Alluvial,7.2,880.0,30.4,Rainfed,126.5,48.5,37.7,0.88,260.3
2024,Uttar Pradesh,Varanasi,Maize,Kharif,217.5,Alluvial,7.14,749.6,30.4,Canal/Flood,104.4,40.4,38.7,0.42,91.3
2005,Uttar Pradesh,Varanasi,Maize,Rabi,526.4,Alluvial,7.02,54.1,17.0,Canal/Flood,157.3,66.6,49.8,0.61,321.1
2006,Uttar Pradesh,Varanasi,Maize,Rabi,332.0,Alluvial,7.04,48.7,18.7,Rainfed,117.8,36.7,41.3,0.22,73.0
2007,Uttar Pradesh,Varanasi,Maize,Rabi,285.0,Alluvial,7.26,52.9,17.3,Tube Well,76.0,52.6,45.8,0.59,168.1
2008,Uttar Pradesh,Varanasi,Maize,Rabi,644.6,Alluvial,6.77,46.2,18.3,Rainfed,84.4,43.7,33.4,0.21,135.4
2009,Uttar Pradesh,Varanasi,Maize,Rabi,155.3,Alluvial,7.35,41.5,19.0,Canal/Flood,100.8,56.9,40.9,0.51,79.2
2010,Uttar Pradesh,Varanasi,Maize,Rabi,273.8,Alluvial,7.21,44.0,17.5,Canal/Flood,97.5,61.2,48.8,0.53,145.1
2011,Uttar Pradesh,Varanasi,Maize,Rabi,678.9,Alluvial,7.12,51.4,18.1,Rainfed,109.0,67.2,48.4,0.22,149.4
2012,Uttar Pradesh,Varanasi,Maize,Rabi,459.3,Alluvial,6.83,50.6,18.1,Rainfed,145.8,53.6,35.7,0.22,101.0
2013,Uttar Pradesh,Varanasi,Maize,Rabi,183.9,Alluvial,7.06,46.8,18.5,Tube Well,117.8,49.2,51.6,0.67,123.2
2014,Uttar Pradesh,Varanasi,Maize,Rabi,639.4,Alluvial,7.11,36.4,19.3,Rainfed,126.1,44.1,46.6,0.21,134.3
2015,Uttar Pradesh,Varanasi,Maize,Rabi,415.4,Alluvial,7.1,44.2,18.9,Rainfed,86.4,39.1,31.2,0.19,78.9
2016,Uttar Pradesh,Varanasi,Maize,Rabi,199.3,Alluvial,7.23,43.1,18.4,Tube Well,120.0,39.5,50.1,0.73,145.5
2017,Uttar Pradesh,Varanasi,Maize,Rabi,211.0,Alluvial,7.42,61.8,17.6,Rainfed,100.5,43.6,29.0,0.18,38.0
2018,Uttar Pradesh,Varanasi,Maize,Rabi,638.3,Alluvial,7.35,49.8,18.1,Tube Well,110.2,53.8,38.1,0.64,408.5
2019,Uttar Pradesh,Varanasi,Maize,Rabi,391.9,Alluvial,6.93,62.9,17.7,Tube Well,127.4,42.3,31.2,0.81,317.4
2020,Uttar Pradesh,Varanasi,Maize,Rabi,343.2,Alluvial,7.18,63.0,17.7,Canal/Flood,102.9,44.8,36.4,0.64,219.6
2021,Uttar Pradesh,Varanasi,Maize,Rabi,25.4,Alluvial,7.17,50.1,17.1,Rainfed,132.2,57.1,43.3,0.25,6.3
2022,Uttar Pradesh,Varanasi,Maize,Rabi,791.2,Alluvial,6.82,46.8,20.0,Tube Well,97.1,58.4,35.3,0.99,783.3
2023,Uttar Pradesh,Varanasi,Maize,Rabi,96.2,Alluvial,7.05,51.9,19.0,Tube Well,67.6,54.0,44.6,0.7,67.3
2024,Uttar Pradesh,Varanasi,Maize,Rabi,410.3,Alluvial,6.86,55.4,18.0,Rainfed,157.3,51.0,50.9,0.27,110.8
2005,West Bengal,Burdwan,Mustard,Rabi,635.2,Alluvial,6.18,62.1,19.5,Canal/Flood,83.2,43.9,30.3,0.62,393.8
2006,West Bengal,Burdwan,Mustard,Rabi,444.6,Alluvial,5.94,63.5,19.8,Rainfed,91.6,33.0,32.6,0.33,146.7
2007,West Bengal,Burdwan,Mustard,Rabi,726.4,Alluvial,6.16,69.5,19.9,Canal/Flood,78.7,39.7,20.7,0.5,363.2
2008,West Bengal,Burdwan,Mustard,Rabi,166.6,Alluvial,6.59,73.2,20.1,Rainfed,78.1,36.2,22.7,0.35,58.3
2009,West Bengal,Burdwan,Mustard,Rabi,120.7,Alluvial,6.1,47.0,20.4,Canal/Flood,92.1,40.2,37.3,0.46,55.5
2010,West Bengal,Burdwan,Mustard,Rabi,491.7,Alluvial,6.35,64.4,20.7,Canal/Flood,70.1,45.9,24.9,0.3,147.5
2011,West Bengal,Burdwan,Mustard,Rabi,337.6,Alluvial,6.21,60.0,19.5,Tube Well,64.2,37.4,37.8,0.64,216.1
2012,West Bengal,Burdwan,Mustard,Rabi,56.1,Alluvial,6.05,58.2,20.8,Tube Well,76.6,39.5,29.2,0.31,17.4
2013,West Bengal,Burdwan,Mustard,Rabi,152.5,Alluvial,6.05,55.9,19.6,Tube Well,109.6,42.9,32.4,0.74,112.8
2014,West Bengal,Burdwan,Mustard,Rabi,394.7,Alluvial,6.44,57.9,21.2,Canal/Flood,82.8,45.5,33.4,0.32,126.3
2015,West Bengal,Burdwan,Mustard,Rabi,165.3,Alluvial,6.21,52.2,21.6,Tube Well,95.5,45.9,28.3,0.31,51.2
2016,West Bengal,Burdwan,Mustard,Rabi,348.4,Alluvial,6.29,72.2,20.4,Canal/Flood,81.2,55.8,36.5,0.47,163.7
2017,West Bengal,Burdwan,Mustard,Rabi,909.8,Alluvial,6.07,54.9,20.2,Canal/Flood,76.2,37.5,27.7,0.55,500.4
2018,West Bengal,Burdwan,Mustard,Rabi,124.2,Alluvial,6.64,64.5,20.2,Canal/Flood,99.6,47.7,33.3,0.52,64.6
2019,West Bengal,Burdwan,Mustard,Rabi,584.5,Alluvial,6.17,73.4,19.7,Tube Well,87.4,45.8,35.1,0.65,379.9
2020,West Bengal,Burdwan,Mustard,Rabi,262.4,Alluvial,6.31,76.8,20.0,Rainfed,87.9,50.6,26.7,0.45,118.1
2021,West Bengal,Burdwan,Mustard,Rabi,224.8,Alluvial,6.1,53.7,18.8,Canal/Flood,76.0,42.7,33.0,0.93,209.1
2022,West Bengal,Burdwan,Mustard,Rabi,254.7,Alluvial,6.29,73.9,22.5,Tube Well,107.0,33.6,29.6,0.33,84.1
2023,West Bengal,Burdwan,Mustard,Rabi,580.8,Alluvial,6.09,63.0,20.2,Canal/Flood,70.9,43.4,27.0,0.54,313.6
2024,West Bengal,Burdwan,Mustard,Rabi,239.3,Alluvial,6.5,49.0,21.3,Canal/Flood,78.1,40.6,20.5,0.3,71.8
2005,Andhra Pradesh,Guntur,Mustard,Rabi,910.9,Black,7.49,219.2,23.8,Canal/Flood,85.0,28.3,33.0,0.1,91.1
2014,Andhra Pradesh,Guntur,Mustard,Rabi,273.0,Black,7.55,232.6,24.8,Rainfed,78.6,41.5,27.5,0.1,27.3
2016,Andhra Pradesh,Guntur,Mustard,Rabi,277.6,Black,7.38,254.7,24.9,Drip,91.8,40.8,33.2,0.1,27.8
2020,Andhra Pradesh,Guntur,Mustard,Rabi,1229.7,Black,7.51,232.3,24.0,Rainfed,82.7,46.8,33.4,0.1,123.0
2006,Madhya Pradesh,Indore,Mustard,Rabi,659.6,Black,7.5,31.4,18.6,Sprinkler,62.4,46.0,25.0,0.97,639.8
2024,Madhya Pradesh,Indore,Mustard,Rabi,866.5,Black,7.26,36.2,19.8,Tube Well,48.2,32.6,22.9,0.75,649.9
2005,Haryana,Karnal,Mustard,Rabi,150.9,Alluvial,7.5,83.4,15.3,Tube Well,83.3,46.1,30.9,1.22,184.1
2006,Haryana,Karnal,Mustard,Rabi,494.8,Alluvial,7.38,86.7,14.7,Canal/Flood,83.2,41.0,29.2,1.22,603.7
2007,Haryana,Karnal,Mustard,Rabi,291.9,Alluvial,7.2,79.5,14.5,Tube Well,56.0,40.2,25.9,1.04,303.6
2008,Haryana,Karnal,Mustard,Rabi,761.8,Alluvial,7.22,81.3,15.5,Canal/Flood,71.4,47.8,27.0,1.44,1097.0
2009,Haryana,Karnal,Mustard,Rabi,416.8,Alluvial,7.41,79.3,16.3,Canal/Flood,61.1,28.9,27.1,1.48,616.9
2010,Haryana,Karnal,Mustard,Rabi,411.8,Alluvial,7.28,88.5,16.1,Tube Well,68.7,44.3,22.4,1.35,555.9
2011,Haryana,Karnal,Mustard,Rabi,225.2,Alluvial,7.24,72.8,14.2,Tube Well,74.1,43.9,24.2,1.18,265.7
2012,Haryana,Karnal,Mustard,Rabi,780.5,Alluvial,7.22,93.2,16.3,Canal/Flood,61.0,42.4,25.5,1.45,1131.7
2013,Haryana,Karnal,Mustard,Rabi,337.8,Alluvial,7.42,72.1,14.8,Tube Well,97.5,47.6,28.3,1.46,493.2
2014,Haryana,Karnal,Mustard,Rabi,122.8,Alluvial,7.56,55.3,15.7,Tube Well,65.8,33.6,24.0,1.54,189.1
2015,Haryana,Karnal,Mustard,Rabi,293.2,Alluvial,7.68,57.7,16.7,Canal/Flood,73.3,47.4,34.8,1.66,486.7
2016,Haryana,Karnal,Mustard,Rabi,327.8,Alluvial,7.57,81.8,15.6,Canal/Flood,91.1,36.7,27.7,1.37,449.1
2017,Haryana,Karnal,Mustard,Rabi,193.7,Alluvial,7.47,92.6,14.3,Tube Well,92.0,38.3,27.0,1.0,193.7
2018,Haryana,Karnal,Mustard,Rabi,547.2,Alluvial,7.41,96.9,15.4,Canal/Flood,69.1,49.5,27.6,1.28,700.4
2019,Haryana,Karnal,Mustard,Rabi,233.3,Alluvial,7.5,97.8,14.5,Tube Well,83.7,28.6,29.9,0.96,224.0
2020,Haryana,Karnal,Mustard,Rabi,385.7,Alluvial,7.54,106.7,16.5,Tube Well,98.0,35.5,32.1,1.22,470.6
2021,Haryana,Karnal,Mustard,Rabi,447.2,Alluvial,7.46,69.9,14.6,Canal/Flood,80.6,52.8,37.8,1.53,684.2
2022,Haryana,Karnal,Mustard,Rabi,278.4,Alluvial,7.24,83.9,17.5,Canal/Flood,97.7,24.7,30.5,1.57,437.1
2023,Haryana,Karnal,Mustard,Rabi,73.4,Alluvial,6.96,76.5,16.3,Tube Well,88.3,35.2,32.3,1.68,123.3
2024,Haryana,Karnal,Mustard,Rabi,348.8,Alluvial,7.42,74.1,15.8,Canal/Flood,74.4,42.6,34.6,1.7,593.0
2005,Rajasthan,Kota,Mustard,Rabi,432.1,Clay Loam,7.65,28.5,17.1,Sprinkler,71.5,40.1,30.8,1.51,652.5
2006,Rajasthan,Kota,Mustard,Rabi,701.6,Clay Loam,7.58,26.3,18.0,Canal/Flood,77.4,35.3,37.1,1.22,856.0
2007,Rajasthan,Kota,Mustard,Rabi,166.7,Clay Loam,7.83,22.2,19.0,Sprinkler,108.4,39.9,25.5,0.96,160.0
2008,Rajasthan,Kota,Mustard,Rabi,567.8,Clay Loam,7.76,25.3,17.2,Sprinkler,106.9,49.0,33.8,1.42,806.3
2009,Rajasthan,Kota,Mustard,Rabi,357.7,Clay Loam,7.7,19.8,18.5,Tube Well,54.9,42.9,28.5,1.02,364.9
2010,Rajasthan,Kota,Mustard,Rabi,246.8,Clay Loam,7.5,28.0,18.7,Canal/Flood,95.6,42.4,16.5,1.18,291.2
2011,Rajasthan,Kota,Mustard,Rabi,240.7,Clay Loam,7.71,23.6,18.5,Sprinkler,94.1,46.7,31.6,1.2,288.8
2012,Rajasthan,Kota,Mustard,Rabi,89.3,Clay Loam,7.53,24.2,17.4,Sprinkler,90.0,51.9,33.0,1.56,139.3
2013,Rajasthan,Kota,Mustard,Rabi,541.8,Clay Loam,7.34,26.5,17.7,Tube Well,59.3,41.0,31.3,1.57,850.6
2014,Rajasthan,Kota,Mustard,Rabi,304.6,Clay Loam,7.86,21.5,17.6,Tube Well,87.9,45.9,20.7,1.17,356.4
2015,Rajasthan,Kota,Mustard,Rabi,212.4,Clay Loam,7.81,24.5,18.8,Sprinkler,86.8,37.2,28.2,1.06,225.1
2016,Rajasthan,Kota,Mustard,Rabi,477.4,Clay Loam,7.93,27.8,17.7,Sprinkler,99.0,44.1,30.3,1.26,601.5
2017,Rajasthan,Kota,Mustard,Rabi,992.0,Clay Loam,7.74,24.8,16.0,Tube Well,66.6,38.2,38.2,1.43,1418.6
2018,Rajasthan,Kota,Mustard,Rabi,205.4,Clay Loam,7.53,26.0,18.2,Tube Well,67.8,49.9,17.0,1.29,265.0
2019,Rajasthan,Kota,Mustard,Rabi,262.0,Clay Loam,7.72,32.0,17.7,Sprinkler,78.4,30.1,31.0,1.32,345.8
2020,Rajasthan,Kota,Mustard,Rabi,394.2,Clay Loam,7.75,33.5,17.4,Canal/Flood,102.4,42.0,36.7,1.64,646.5
2021,Rajasthan,Kota,Mustard,Rabi,759.6,Clay Loam,7.73,22.2,18.5,Canal/Flood,73.1,44.1,17.4,1.08,820.4
2022,Rajasthan,Kota,Mustard,Rabi,336.5,Clay Loam,7.51,18.1,20.1,Sprinkler,76.6,45.8,32.0,0.77,259.1
2023,Rajasthan,Kota,Mustard,Rabi,58.5,Clay Loam,7.54,24.1,18.9,Tube Well,81.7,38.5,24.2,1.25,73.1
2024,Rajasthan,Kota,Mustard,Rabi,206.4,Clay Loam,7.41,28.2,17.9,Tube Well,111.8,38.4,32.3,1.69,348.8
2005,Punjab,Ludhiana,Mustard,Rabi,524.6,Alluvial,7.18,93.5,15.8,Sprinkler,79.5,51.3,15.9,1.04,545.6
2006,Punjab,Ludhiana,Mustard,Rabi,694.4,Alluvial,7.37,97.8,15.8,Sprinkler,60.8,41.2,24.9,1.03,715.2
2007,Punjab,Ludhiana,Mustard,Rabi,442.8,Alluvial,7.61,83.5,16.9,Sprinkler,75.4,52.9,31.2,1.24,549.1
2008,Punjab,Ludhiana,Mustard,Rabi,424.1,Alluvial,7.34,95.3,16.3,Canal/Flood,71.3,39.4,32.3,1.37,581.0
2009,Punjab,Ludhiana,Mustard,Rabi,492.5,Alluvial,7.32,81.4,17.0,Canal/Flood,75.7,42.0,28.4,1.44,709.2
2010,Punjab,Ludhiana,Mustard,Rabi,239.9,Alluvial,6.66,98.1,16.8,Sprinkler,64.9,42.1,30.8,0.8,191.9
2011,Punjab,Ludhiana,Mustard,Rabi,457.1,Alluvial,7.13,87.0,16.7,Tube Well,108.7,53.2,25.3,1.47,671.9
2012,Punjab,Ludhiana,Mustard,Rabi,449.4,Alluvial,7.03,75.5,15.7,Canal/Flood,90.7,45.5,28.4,1.42,638.1
2013,Punjab,Ludhiana,Mustard,Rabi,132.9,Alluvial,7.28,81.6,16.6,Canal/Flood,90.0,34.4,28.6,1.58,210.0
2014,Punjab,Ludhiana,Mustard,Rabi,227.8,Alluvial,7.11,70.0,16.6,Canal/Flood,81.1,47.6,24.1,1.64,373.6
2015,Punjab,Ludhiana,Mustard,Rabi,135.0,Alluvial,7.2,54.7,16.6,Canal/Flood,70.7,34.7,27.2,1.83,247.1
2016,Punjab,Ludhiana,Mustard,Rabi,288.8,Alluvial,7.57,92.6,16.4,Sprinkler,56.8,42.4,25.8,1.19,343.7
2017,Punjab,Ludhiana,Mustard,Rabi,259.9,Alluvial,7.38,108.5,16.7,Sprinkler,72.4,45.5,21.9,0.98,254.7
2018,Punjab,Ludhiana,Mustard,Rabi,509.0,Alluvial,7.18,102.6,15.4,Canal/Flood,74.9,42.6,30.3,1.22,621.0
2019,Punjab,Ludhiana,Mustard,Rabi,569.9,Alluvial,7.27,104.3,15.4,Tube Well,57.6,39.2,23.5,1.09,621.2
2020,Punjab,Ludhiana,Mustard,Rabi,385.0,Alluvial,6.94,127.3,16.1,Canal/Flood,73.4,41.1,30.3,0.83,319.6
2021,Punjab,Ludhiana,Mustard,Rabi,223.6,Alluvial,7.13,77.9,15.2,Tube Well,92.2,45.7,34.9,1.58,353.3
2022,Punjab,Ludhiana,Mustard,Rabi,454.1,Alluvial,7.22,83.0,18.3,Sprinkler,105.9,37.4,27.8,1.18,535.8
2023,Punjab,Ludhiana,Mustard,Rabi,159.0,Alluvial,7.09,93.7,16.5,Canal/Flood,64.6,46.1,28.0,1.46,232.1
2024,Punjab,Ludhiana,Mustard,Rabi,223.5,Alluvial,7.36,78.9,16.5,Canal/Flood,96.1,36.9,28.8,1.78,397.8
2012,Karnataka,Mandya,Mustard,Rabi,501.0,Red,6.47,235.0,24.1,Rainfed,67.2,35.5,24.1,0.1,50.1
2006,Maharashtra,Nashik,Mustard,Rabi,283.0,Black,7.1,37.0,20.2,Drip,45.1,46.4,34.0,0.53,150.0
2008,Maharashtra,Nashik,Mustard,Rabi,751.7,Black,7.02,35.9,20.0,Drip,98.8,38.5,31.2,0.64,481.1
2013,Maharashtra,Nashik,Mustard,Rabi,175.7,Black,7.28,35.6,20.7,Drip,80.0,32.3,23.2,0.38,66.8
2005,Bihar,Patna,Mustard,Rabi,539.6,Alluvial,7.19,41.3,18.6,Canal/Flood,79.9,31.7,38.1,1.18,636.7
2006,Bihar,Patna,Mustard,Rabi,359.3,Alluvial,7.06,49.4,18.4,Tube Well,83.1,47.6,26.1,1.38,495.8
2007,Bihar,Patna,Mustard,Rabi,472.2,Alluvial,7.06,41.7,16.4,Tube Well,69.0,45.2,24.4,1.5,708.3
2008,Bihar,Patna,Mustard,Rabi,855.0,Alluvial,6.88,53.4,18.0,Tube Well,84.1,47.5,32.4,1.38,1179.9
2009,Bihar,Patna,Mustard,Rabi,697.6,Alluvial,7.1,42.8,19.2,Rainfed,78.3,30.1,35.2,0.32,223.2
2010,Bihar,Patna,Mustard,Rabi,610.4,Alluvial,6.98,53.3,16.3,Canal/Flood,89.9,45.2,38.9,1.66,1013.3
2011,Bihar,Patna,Mustard,Rabi,683.0,Alluvial,7.36,49.4,16.8,Tube Well,70.5,32.7,27.3,1.65,1127.0
2012,Bihar,Patna,Mustard,Rabi,510.1,Alluvial,6.82,48.7,17.1,Rainfed,67.5,39.8,32.6,0.57,290.8
2013,Bihar,Patna,Mustard,Rabi,425.9,Alluvial,7.26,45.3,17.6,Rainfed,85.6,32.6,33.5,0.57,242.8
2014,Bihar,Patna,Mustard,Rabi,747.5,Alluvial,7.26,43.6,18.2,Tube Well,65.1,35.7,28.8,1.37,1024.1
2015,Bihar,Patna,Mustard,Rabi,142.2,Alluvial,7.37,30.5,18.3,Rainfed,86.5,38.1,35.0,0.29,41.2
2016,Bihar,Patna,Mustard,Rabi,240.6,Alluvial,7.24,45.1,17.2,Tube Well,94.7,43.6,26.1,1.92,462.0
2017,Bihar,Patna,Mustard,Rabi,176.7,Alluvial,7.32,40.4,18.1,Canal/Flood,66.8,41.9,32.0,1.53,270.4
2018,Bihar,Patna,Mustard,Rabi,543.1,Alluvial,7.27,46.0,18.6,Tube Well,68.9,44.7,27.9,1.37,744.0
2019,Bihar,Patna,Mustard,Rabi,436.5,Alluvial,7.28,56.5,16.3,Tube Well,51.8,40.8,15.8,1.66,724.6
2020,Bihar,Patna,Mustard,Rabi,395.4,Alluvial,7.25,49.7,16.8,Tube Well,62.0,41.5,26.3,1.74,688.0
2021,Bihar,Patna,Mustard,Rabi,213.0,Alluvial,7.17,51.1,16.9,Rainfed,87.5,39.7,24.6,0.8,170.4
2022,Bihar,Patna,Mustard,Rabi,189.8,Alluvial,7.54,46.8,19.4,Tube Well,84.3,38.5,31.7,1.01,191.7
2023,Bihar,Patna,Mustard,Rabi,354.0,Alluvial,6.9,49.0,17.3,Rainfed,108.9,41.9,37.8,0.68,240.7
2024,Bihar,Patna,Mustard,Rabi,358.9,Alluvial,7.67,50.6,17.6,Tube Well,69.0,36.9,27.9,1.59,570.7
2008,Gujarat,Rajkot,Mustard,Rabi,658.3,Sandy Loam,7.79,14.7,20.2,Drip,85.2,42.8,31.4,0.53,348.9
2019,Tamil Nadu,Thanjavur,Mustard,Rabi,721.3,Clay Loam,7.08,517.9,24.1,Canal/Flood,93.3,50.8,23.1,0.1,72.1
2024,Tamil Nadu,Thanjavur,Mustard,Rabi,419.1,Clay Loam,6.67,525.4,25.2,Rainfed,82.9,46.7,32.9,0.1,41.9
2005,Uttar Pradesh,Varanasi,Mustard,Rabi,957.0,Alluvial,7.02,54.1,17.0,Tube Well,85.8,30.9,35.0,1.6,1531.2
2006,Uttar Pradesh,Varanasi,Mustard,Rabi,261.7,Alluvial,7.04,48.7,18.7,Rainfed,96.4,31.9,21.4,0.5,130.8
2007,Uttar Pradesh,Varanasi,Mustard,Rabi,247.8,Alluvial,7.26,52.9,17.3,Rainfed,52.4,39.9,26.3,0.71,175.9
2008,Uttar Pradesh,Varanasi,Mustard,Rabi,617.6,Alluvial,6.77,46.2,18.3,Tube Well,73.2,37.4,30.0,1.14,704.1
2009,Uttar Pradesh,Varanasi,Mustard,Rabi,395.5,Alluvial,7.35,41.5,19.0,Rainfed,79.3,32.5,32.6,0.37,146.3
2010,Uttar Pradesh,Varanasi,Mustard,Rabi,174.4,Alluvial,7.21,44.0,17.5,Rainfed,91.3,30.9,30.5,0.57,99.4
2011,Uttar Pradesh,Varanasi,Mustard,Rabi,556.6,Alluvial,7.12,51.4,18.1,Tube Well,94.3,35.8,36.0,1.45,807.1
2012,Uttar Pradesh,Varanasi,Mustard,Rabi,170.1,Alluvial,6.83,50.6,18.1,Tube Well,76.2,43.2,27.2,1.3,221.1
2013,Uttar Pradesh,Varanasi,Mustard,Rabi,326.0,Alluvial,7.06,46.8,18.5,Canal/Flood,76.0,34.6,28.8,1.34,436.8
2014,Uttar Pradesh,Varanasi,Mustard,Rabi,143.5,Alluvial,7.11,36.4,19.3,Canal/Flood,79.5,40.5,29.7,1.03,147.8
2015,Uttar Pradesh,Varanasi,Mustard,Rabi,289.8,Alluvial,7.1,44.2,18.9,Canal/Flood,78.0,37.7,30.6,1.2,347.8
2016,Uttar Pradesh,Varanasi,Mustard,Rabi,197.1,Alluvial,7.23,43.1,18.4,Canal/Flood,85.6,55.7,36.1,1.4,275.9
2017,Uttar Pradesh,Varanasi,Mustard,Rabi,635.3,Alluvial,7.42,61.8,17.6,Tube Well,91.8,40.0,21.8,1.6,1016.5
2018,Uttar Pradesh,Varanasi,Mustard,Rabi,533.5,Alluvial,7.35,49.8,18.1,Canal/Flood,78.1,47.4,38.3,1.64,874.9
2019,Uttar Pradesh,Varanasi,Mustard,Rabi,141.8,Alluvial,6.93,62.9,17.7,Tube Well,96.6,40.9,35.3,1.63,231.1
2020,Uttar Pradesh,Varanasi,Mustard,Rabi,239.5,Alluvial,7.18,63.0,17.7,Rainfed,108.3,41.4,25.4,1.0,239.5
2021,Uttar Pradesh,Varanasi,Mustard,Rabi,157.5,Alluvial,7.17,50.1,17.1,Rainfed,88.4,43.5,36.1,0.77,121.3
2022,Uttar Pradesh,Varanasi,Mustard,Rabi,157.2,Alluvial,6.82,46.8,20.0,Tube Well,91.0,43.0,27.0,0.74,116.3
2023,Uttar Pradesh,Varanasi,Mustard,Rabi,582.2,Alluvial,7.05,51.9,19.0,Rainfed,62.5,36.8,25.4,0.5,291.1
2024,Uttar Pradesh,Varanasi,Mustard,Rabi,256.0,Alluvial,6.86,55.4,18.0,Canal/Flood,74.0,41.2,35.0,1.49,381.4
2008,West Bengal,Burdwan,Onion,Kharif,441.7,Alluvial,6.64,960.5,29.3,Rainfed,139.3,61.8,111.6,1.02,450.5
2009,West Bengal,Burdwan,Onion,Kharif,275.0,Alluvial,6.14,1000.3,30.7,Rainfed,105.1,60.5,76.6,0.74,203.5
2006,West Bengal,Burdwan,Onion,Rabi,333.2,Alluvial,5.94,63.5,19.8,Canal/Flood,102.2,72.1,80.0,6.51,2169.1
2015,West Bengal,Burdwan,Onion,Rabi,346.2,Alluvial,6.21,52.2,21.6,Tube Well,111.0,67.6,83.4,10.53,3645.5
2005,Andhra Pradesh,Guntur,Onion,Kharif,668.3,Black,7.49,577.3,29.7,Tube Well,158.1,46.6,68.2,0.64,427.7
2006,Andhra Pradesh,Guntur,Onion,Kharif,223.8,Black,7.13,455.7,29.9,Canal/Flood,117.2,60.8,76.8,0.96,214.8
2007,Andhra Pradesh,Guntur,Onion,Kharif,512.8,Black,7.23,577.6,30.2,Tube Well,116.0,42.4,97.4,0.87,446.1
2008,Andhra Pradesh,Guntur,Onion,Kharif,187.2,Black,7.36,569.5,29.8,Tube Well,103.4,68.2,96.2,0.76,142.3
2009,Andhra Pradesh,Guntur,Onion,Kharif,144.7,Black,7.52,520.8,30.9,Rainfed,103.5,47.8,84.5,1.96,283.6
2010,Andhra Pradesh,Guntur,Onion,Kharif,303.7,Black,7.44,550.9,29.3,Tube Well,100.0,58.8,77.9,0.75,227.8
2011,Andhra Pradesh,Guntur,Onion,Kharif,515.6,Black,7.61,660.2,30.3,Canal/Flood,158.1,90.2,81.3,0.78,402.2
2012,Andhra Pradesh,Guntur,Onion,Kharif,253.3,Black,7.95,487.6,30.6,Tube Well,133.8,64.2,69.4,0.73,184.9
2013,Andhra Pradesh,Guntur,Onion,Kharif,712.1,Black,7.41,629.5,30.4,Canal/Flood,123.6,74.6,115.4,0.79,562.6
2014,Andhra Pradesh,Guntur,Onion,Kharif,247.1,Black,7.43,657.8,30.2,Tube Well,82.4,55.1,76.3,0.66,163.1
2015,Andhra Pradesh,Guntur,Onion,Kharif,50.2,Black,7.42,570.4,30.9,Tube Well,102.2,47.0,98.3,0.7,35.1
2016,Andhra Pradesh,Guntur,Onion,Kharif,138.1,Black,7.34,672.2,30.8,Tube Well,131.1,57.4,83.6,0.81,111.9
2017,Andhra Pradesh,Guntur,Onion,Kharif,133.7,Black,7.62,589.7,29.9,Tube Well,100.2,65.1,85.9,0.68,90.9
2018,Andhra Pradesh,Guntur,Onion,Kharif,133.0,Black,7.55,611.0,29.8,Canal/Flood,104.0,68.0,78.3,0.75,99.8
2019,Andhra Pradesh,Guntur,Onion,Kharif,742.9,Black,7.46,824.7,28.7,Rainfed,161.5,60.0,74.7,0.83,616.6
2020,Andhra Pradesh,Guntur,Onion,Kharif,505.5,Black,7.7,872.1,31.0,Rainfed,106.9,53.9,62.7,0.63,318.5
2021,Andhra Pradesh,Guntur,Onion,Kharif,504.9,Black,7.63,564.3,29.8,Canal/Flood,85.6,74.2,63.6,0.72,363.5
2022,Andhra Pradesh,Guntur,Onion,Kharif,504.7,Black,7.4,576.9,32.7,Canal/Flood,91.6,58.5,99.8,0.83,418.9
2023,Andhra Pradesh,Guntur,Onion,Kharif,369.8,Black,7.46,733.6,30.1,Drip,130.8,55.8,79.2,0.79,292.1
2024,Andhra Pradesh,Guntur,Onion,Kharif,398.8,Black,7.19,520.3,29.9,Tube Well,95.7,55.9,54.2,0.94,374.9
2005,Andhra Pradesh,Guntur,Onion,Rabi,447.5,Black,7.49,219.2,23.8,Rainfed,137.4,53.3,80.4,3.39,1517.0
2006,Andhra Pradesh,Guntur,Onion,Rabi,309.4,Black,7.19,221.5,23.6,Rainfed,151.0,63.1,83.7,4.95,1531.5
2007,Andhra Pradesh,Guntur,Onion,Rabi,453.8,Black,7.3,212.9,24.4,Tube Well,98.2,73.6,67.8,14.39,6530.2
2008,Andhra Pradesh,Guntur,Onion,Rabi,309.8,Black,7.44,217.2,23.8,Rainfed,136.6,66.4,71.5,3.64,1127.7
2009,Andhra Pradesh,Guntur,Onion,Rabi,263.8,Black,7.81,172.8,24.5,Tube Well,135.6,60.7,90.9,13.37,3527.0
2010,Andhra Pradesh,Guntur,Onion,Rabi,410.3,Black,7.39,219.6,23.8,Tube Well,105.4,58.1,95.8,14.34,5883.7
2011,Andhra Pradesh,Guntur,Onion,Rabi,544.0,Black,7.32,235.7,23.4,Drip,149.5,59.4,80.4,13.84,7529.0
2012,Andhra Pradesh,Guntur,Onion,Rabi,370.3,Black,7.53,175.4,24.6,Rainfed,113.3,35.6,86.2,2.4,888.7
2013,Andhra Pradesh,Guntur,Onion,Rabi,464.4,Black,7.77,252.2,24.4,Tube Well,141.8,57.3,86.4,12.08,5610.0
2014,Andhra Pradesh,Guntur,Onion,Rabi,246.7,Black,7.55,232.6,24.8,Canal/Flood,111.6,74.4,85.9,12.2,3009.7
2015,Andhra Pradesh,Guntur,Onion,Rabi,410.1,Black,7.33,191.1,24.8,Rainfed,110.5,62.2,59.7,3.16,1295.9
2016,Andhra Pradesh,Guntur,Onion,Rabi,408.5,Black,7.38,254.7,24.9,Tube Well,110.3,50.0,79.6,10.78,4403.6
2017,Andhra Pradesh,Guntur,Onion,Rabi,455.5,Black,7.45,183.1,24.8,Rainfed,67.6,56.0,88.8,2.41,1097.8
2018,Andhra Pradesh,Guntur,Onion,Rabi,178.5,Black,7.61,247.7,24.2,Rainfed,98.5,65.0,108.6,5.46,974.6
2019,Andhra Pradesh,Guntur,Onion,Rabi,337.2,Black,7.48,268.9,23.3,Tube Well,127.8,59.1,81.1,12.98,4376.9
2020,Andhra Pradesh,Guntur,Onion,Rabi,321.8,Black,7.51,232.3,24.0,Tube Well,111.5,60.1,78.0,13.96,4492.3
2021,Andhra Pradesh,Guntur,Onion,Rabi,409.5,Black,7.27,188.2,23.9,Rainfed,155.0,48.8,69.8,3.26,1335.0
2022,Andhra Pradesh,Guntur,Onion,Rabi,204.2,Black,7.39,244.2,25.8,Drip,106.3,62.1,84.2,8.82,1801.0
2023,Andhra Pradesh,Guntur,Onion,Rabi,322.1,Black,7.75,248.1,23.7,Rainfed,87.1,57.6,89.6,5.8,1868.2
2024,Andhra Pradesh,Guntur,Onion,Rabi,467.3,Black,7.79,217.7,24.9,Canal/Flood,133.5,54.2,116.5,14.06,6570.2
2005,Madhya Pradesh,Indore,Onion,Kharif,466.4,Black,7.77,786.5,26.8,Sprinkler,127.0,58.6,81.4,1.42,662.3
2006,Madhya Pradesh,Indore,Onion,Kharif,171.6,Black,7.65,944.6,27.0,Sprinkler,102.4,69.6,90.6,1.46,250.5
2007,Madhya Pradesh,Indore,Onion,Kharif,552.4,Black,7.71,899.2,27.3,Rainfed,63.1,60.0,84.7,0.94,519.3
2008,Madhya Pradesh,Indore,Onion,Kharif,465.2,Black,7.6,696.2,26.3,Sprinkler,145.8,46.4,90.5,1.87,869.9
2009,Madhya Pradesh,Indore,Onion,Kharif,968.1,Black,7.42,727.3,28.1,Tube Well,108.8,59.4,78.0,0.88,851.9
2010,Madhya Pradesh,Indore,Onion,Kharif,122.4,Black,7.8,681.5,26.4,Sprinkler,107.0,72.6,56.0,1.74,213.0
2011,Madhya Pradesh,Indore,Onion,Kharif,86.3,Black,7.53,825.2,27.5,Tube Well,134.4,58.6,68.6,1.04,89.8
2012,Madhya Pradesh,Indore,Onion,Kharif,265.2,Black,7.68,829.3,27.1,Sprinkler,109.1,43.6,93.3,1.07,283.8
2013,Madhya Pradesh,Indore,Onion,Kharif,583.2,Black,7.79,898.9,27.1,Rainfed,152.3,73.8,65.6,1.12,653.2
2014,Madhya Pradesh,Indore,Onion,Kharif,543.1,Black,7.71,927.3,28.1,Rainfed,94.8,55.2,87.8,0.81,439.9
2015,Madhya Pradesh,Indore,Onion,Kharif,780.4,Black,7.83,756.9,28.3,Tube Well,132.4,53.7,68.3,0.73,569.7
2016,Madhya Pradesh,Indore,Onion,Kharif,110.7,Black,7.21,1005.1,26.7,Tube Well,123.0,56.5,87.2,2.1,232.5
2017,Madhya Pradesh,Indore,Onion,Kharif,627.6,Black,7.61,729.3,28.2,Rainfed,133.7,55.4,53.4,0.79,495.8
2018,Madhya Pradesh,Indore,Onion,Kharif,886.2,Black,7.56,877.2,26.7,Tube Well,172.6,45.6,78.8,1.75,1550.9
2019,Madhya Pradesh,Indore,Onion,Kharif,386.6,Black,7.25,1015.4,25.6,Sprinkler,156.4,38.2,95.7,2.84,1097.9
2020,Madhya Pradesh,Indore,Onion,Kharif,417.1,Black,7.59,1003.5,27.0,Tube Well,148.5,52.0,62.5,1.68,700.7
2021,Madhya Pradesh,Indore,Onion,Kharif,272.5,Black,7.56,758.1,26.9,Rainfed,119.2,51.7,78.6,1.67,455.1
2022,Madhya Pradesh,Indore,Onion,Kharif,335.1,Black,7.38,956.3,30.0,Rainfed,98.8,59.2,89.0,0.74,248.0
2023,Madhya Pradesh,Indore,Onion,Kharif,698.6,Black,7.53,688.0,26.5,Rainfed,91.1,64.2,79.3,1.78,1243.5
2024,Madhya Pradesh,Indore,Onion,Kharif,293.0,Black,7.71,782.8,28.0,Rainfed,87.4,46.5,88.5,0.79,231.5
2005,Madhya Pradesh,Indore,Onion,Rabi,325.6,Black,7.72,28.4,19.5,Sprinkler,113.5,60.0,70.2,6.29,2048.0
2006,Madhya Pradesh,Indore,Onion,Rabi,75.1,Black,7.5,31.4,18.6,Rainfed,110.2,51.1,68.2,1.22,91.6
2007,Madhya Pradesh,Indore,Onion,Rabi,343.8,Black,7.45,26.7,19.3,Sprinkler,114.0,70.2,87.1,6.06,2083.4
2008,Madhya Pradesh,Indore,Onion,Rabi,592.4,Black,7.81,28.5,19.5,Rainfed,133.1,70.1,76.8,1.84,1090.0
2009,Madhya Pradesh,Indore,Onion,Rabi,364.3,Black,7.55,17.8,19.7,Tube Well,141.7,73.8,74.6,5.59,2036.4
2010,Madhya Pradesh,Indore,Onion,Rabi,176.5,Black,7.51,27.7,19.4,Rainfed,94.0,62.6,87.0,1.74,307.1
2011,Madhya Pradesh,Indore,Onion,Rabi,293.1,Black,7.74,32.6,19.8,Sprinkler,84.1,66.7,69.9,6.84,2004.8
2012,Madhya Pradesh,Indore,Onion,Rabi,488.2,Black,7.1,30.7,18.7,Sprinkler,119.4,66.0,89.1,7.31,3568.7
2013,Madhya Pradesh,Indore,Onion,Rabi,526.8,Black,7.42,27.9,19.1,Sprinkler,142.3,70.7,93.5,6.64,3498.0
2014,Madhya Pradesh,Indore,Onion,Rabi,434.6,Black,7.82,26.2,19.8,Rainfed,78.4,55.8,93.7,1.83,795.3
2015,Madhya Pradesh,Indore,Onion,Rabi,437.3,Black,7.48,27.5,20.7,Rainfed,119.3,33.4,72.3,2.28,997.0
2016,Madhya Pradesh,Indore,Onion,Rabi,349.3,Black,7.72,31.7,19.1,Tube Well,122.8,34.5,94.3,4.86,1697.6
2017,Madhya Pradesh,Indore,Onion,Rabi,826.6,Black,7.47,29.3,19.1,Rainfed,126.5,35.8,84.7,1.53,1264.7
2018,Madhya Pradesh,Indore,Onion,Rabi,428.7,Black,7.52,34.9,19.1,Tube Well,155.4,63.4,89.3,5.46,2340.7
2019,Madhya Pradesh,Indore,Onion,Rabi,105.3,Black,7.33,42.1,19.4,Rainfed,133.3,53.4,67.2,2.14,225.3
2020,Madhya Pradesh,Indore,Onion,Rabi,151.7,Black,7.85,34.7,18.7,Tube Well,161.4,68.6,83.1,4.97,753.9
2021,Madhya Pradesh,Indore,Onion,Rabi,328.4,Black,7.51,25.3,18.9,Tube Well,120.9,61.2,83.2,5.22,1714.2
2022,Madhya Pradesh,Indore,Onion,Rabi,252.7,Black,8.04,28.3,20.9,Tube Well,143.9,65.7,85.2,8.55,2160.6
2023,Madhya Pradesh,Indore,Onion,Rabi,365.2,Black,7.5,29.2,19.0,Sprinkler,116.8,67.9,76.2,6.2,2264.2
2024,Madhya Pradesh,Indore,Onion,Rabi,130.3,Black,7.26,36.2,19.8,Rainfed,144.2,71.4,85.1,2.54,331.0
2009,Haryana,Karnal,Onion,Kharif,192.2,Alluvial,7.37,596.9,31.4,Canal/Flood,159.6,52.1,70.4,0.83,159.5
2010,Haryana,Karnal,Onion,Kharif,149.1,Alluvial,7.52,578.8,30.3,Canal/Flood,119.6,49.5,79.3,0.68,101.4
2013,Haryana,Karnal,Onion,Kharif,406.6,Alluvial,7.13,596.6,30.4,Tube Well,151.4,43.6,70.3,0.98,398.5
2015,Haryana,Karnal,Onion,Kharif,640.6,Alluvial,7.35,488.4,31.0,Tube Well,108.9,61.6,101.1,0.85,544.5
2006,Rajasthan,Kota,Onion,Kharif,413.4,Clay Loam,7.66,734.5,30.0,Tube Well,115.7,46.7,86.4,0.53,219.1
2007,Rajasthan,Kota,Onion,Kharif,656.1,Clay Loam,7.75,666.9,30.4,Canal/Flood,115.4,75.3,44.2,0.57,374.0
2019,Rajasthan,Kota,Onion,Kharif,271.2,Clay Loam,7.85,748.9,29.7,Tube Well,156.0,82.6,95.6,0.64,173.6
2023,Rajasthan,Kota,Onion,Kharif,163.3,Clay Loam,7.78,842.5,30.0,Tube Well,114.3,57.2,88.0,0.65,106.1
2012,Rajasthan,Kota,Onion,Rabi,517.1,Clay Loam,7.53,24.2,17.4,Sprinkler,129.4,51.9,34.8,2.25,1163.5
2021,Rajasthan,Kota,Onion,Rabi,891.2,Clay Loam,7.73,22.2,18.5,Tube Well,143.8,39.6,90.1,3.19,2842.9
2022,Rajasthan,Kota,Onion,Rabi,461.4,Clay Loam,7.51,18.1,20.1,Canal/Flood,50.9,58.5,108.5,4.13,1905.6
2005,Punjab,Ludhiana,Onion,Kharif,511.8,Alluvial,7.42,614.6,30.9,Tube Well,139.0,49.1,57.2,0.69,353.1
2005,Punjab,Ludhiana,Onion,Rabi,403.8,Alluvial,7.18,93.5,15.8,Sprinkler,102.5,54.6,93.2,4.27,1724.2
2019,Punjab,Ludhiana,Onion,Rabi,336.0,Alluvial,7.27,104.3,15.4,Sprinkler,106.1,44.2,81.8,4.1,1377.6
2022,Punjab,Ludhiana,Onion,Rabi,250.7,Alluvial,7.22,83.0,18.3,Sprinkler,112.4,72.6,83.9,7.3,1830.1
2014,Karnataka,Mandya,Onion,Kharif,155.2,Red,6.53,481.1,26.4,Rainfed,151.0,50.4,89.7,9.63,1494.6
2005,Karnataka,Mandya,Onion,Rabi,429.7,Red,6.4,227.2,22.7,Rainfed,158.5,66.4,83.1,5.62,2414.9
2011,Karnataka,Mandya,Onion,Rabi,666.8,Red,6.54,308.2,23.8,Drip,102.3,54.6,97.0,9.45,6301.3
2014,Karnataka,Mandya,Onion,Rabi,816.2,Red,6.22,217.6,23.4,Canal/Flood,114.9,63.5,91.7,16.19,13214.3
2019,Karnataka,Mandya,Onion,Rabi,182.2,Red,6.34,336.4,22.6,Drip,131.5,74.0,96.4,7.44,1355.6
2005,Maharashtra,Nashik,Onion,Kharif,359.2,Black,7.22,770.2,26.0,Rainfed,133.5,48.5,77.9,2.4,862.1
2006,Maharashtra,Nashik,Onion,Kharif,156.1,Black,7.35,919.8,25.6,Canal/Flood,116.8,65.5,72.3,2.09,326.2
2007,Maharashtra,Nashik,Onion,Kharif,604.1,Black,7.47,939.9,26.2,Rainfed,122.1,59.4,59.5,1.86,1123.6
2008,Maharashtra,Nashik,Onion,Kharif,600.6,Black,7.17,1041.9,27.4,Rainfed,117.7,55.1,71.7,1.29,774.8
2009,Maharashtra,Nashik,Onion,Kharif,195.3,Black,7.27,544.2,27.3,Drip,140.9,70.7,99.8,1.36,265.6
2010,Maharashtra,Nashik,Onion,Kharif,524.1,Black,7.41,800.3,25.1,Canal/Flood,100.8,69.3,55.6,2.53,1326.0
2011,Maharashtra,Nashik,Onion,Kharif,290.4,Black,7.02,536.9,26.2,Drip,122.2,33.2,56.2,2.42,702.8
2012,Maharashtra,Nashik,Onion,Kharif,302.1,Black,7.31,714.1,25.7,Canal/Flood,103.8,76.6,76.1,2.62,791.5
2013,Maharashtra,Nashik,Onion,Kharif,70.8,Black,7.13,629.6,25.3,Rainfed,112.8,49.1,82.4,3.07,217.4
2014,Maharashtra,Nashik,Onion,Kharif,811.0,Black,7.29,652.2,26.5,Drip,129.0,39.1,69.7,1.92,1557.1
2015,Maharashtra,Nashik,Onion,Kharif,211.0,Black,7.18,739.4,26.5,Canal/Flood,116.1,83.5,53.7,2.22,468.4
2016,Maharashtra,Nashik,Onion,Kharif,609.1,Black,7.03,627.6,25.9,Canal/Flood,104.7,55.3,63.5,2.91,1772.5
2017,Maharashtra,Nashik,Onion,Kharif,338.9,Black,7.05,670.9,26.3,Canal/Flood,118.2,72.7,61.5,2.5,847.2
2018,Maharashtra,Nashik,Onion,Kharif,353.8,Black,7.35,852.9,26.6,Rainfed,95.3,65.4,62.0,1.98,700.5
2019,Maharashtra,Nashik,Onion,Kharif,439.1,Black,7.44,1011.6,25.6,Canal/Flood,153.8,67.2,78.6,2.33,1023.1
2020,Maharashtra,Nashik,Onion,Kharif,584.7,Black,7.34,929.8,25.1,Canal/Flood,125.5,54.5,81.2,2.68,1567.0
2021,Maharashtra,Nashik,Onion,Kharif,201.9,Black,7.11,616.8,26.3,Canal/Flood,101.2,60.9,78.1,2.58,520.9
2022,Maharashtra,Nashik,Onion,Kharif,216.6,Black,7.17,563.9,28.4,Canal/Flood,111.0,55.0,74.1,0.93,201.4
2023,Maharashtra,Nashik,Onion,Kharif,764.7,Black,7.2,724.2,27.3,Canal/Flood,99.5,50.3,88.8,1.45,1108.8
2024,Maharashtra,Nashik,Onion,Kharif,201.3,Black,7.3,708.7,25.6,Drip,123.9,44.6,59.2,2.81,565.7
2005,Maharashtra,Nashik,Onion,Rabi,412.3,Black,7.41,35.5,20.1,Drip,128.7,45.9,89.6,8.79,3624.1
2006,Maharashtra,Nashik,Onion,Rabi,111.4,Black,7.1,37.0,20.2,Drip,96.0,66.1,60.8,11.92,1327.9
2007,Maharashtra,Nashik,Onion,Rabi,474.9,Black,7.25,32.1,20.3,Rainfed,94.1,67.5,99.2,2.52,1196.7
2008,Maharashtra,Nashik,Onion,Rabi,341.9,Black,7.02,35.9,20.0,Canal/Flood,71.8,50.4,87.4,6.48,2215.5
2009,Maharashtra,Nashik,Onion,Rabi,189.2,Black,7.32,19.5,20.4,Rainfed,139.2,64.0,81.4,2.61,493.8
2010,Maharashtra,Nashik,Onion,Rabi,799.7,Black,6.96,41.4,20.5,Rainfed,131.5,62.0,86.5,3.06,2447.1
2011,Maharashtra,Nashik,Onion,Rabi,476.7,Black,7.13,31.3,20.4,Rainfed,103.6,55.2,71.8,2.77,1320.5
2012,Maharashtra,Nashik,Onion,Rabi,276.9,Black,7.1,30.6,20.7,Canal/Flood,92.7,50.7,96.4,8.79,2434.0
2013,Maharashtra,Nashik,Onion,Rabi,410.4,Black,7.28,35.6,20.7,Rainfed,92.2,64.8,84.9,2.8,1149.1
2014,Maharashtra,Nashik,Onion,Rabi,485.0,Black,7.0,26.6,20.9,Rainfed,141.7,59.4,106.4,3.29,1595.7
2015,Maharashtra,Nashik,Onion,Rabi,111.5,Black,7.29,35.7,19.1,Canal/Flood,141.0,58.9,55.8,5.47,609.9
2016,Maharashtra,Nashik,Onion,Rabi,181.0,Black,7.43,34.0,20.1,Canal/Flood,112.6,87.0,80.4,6.32,1143.9
2017,Maharashtra,Nashik,Onion,Rabi,208.9,Black,7.04,33.2,20.8,Drip,91.8,62.0,54.2,13.72,2866.1
2018,Maharashtra,Nashik,Onion,Rabi,458.9,Black,7.83,40.1,21.0,Rainfed,95.5,77.1,80.5,2.48,1138.1
2019,Maharashtra,Nashik,Onion,Rabi,663.4,Black,7.08,39.1,19.9,Rainfed,108.2,62.2,90.6,2.91,1930.5
2020,Maharashtra,Nashik,Onion,Rabi,858.1,Black,7.03,41.0,19.8,Drip,137.1,64.6,76.9,11.96,10262.9
2021,Maharashtra,Nashik,Onion,Rabi,688.2,Black,7.3,38.7,20.3,Rainfed,132.7,52.2,77.9,2.66,1830.6
2022,Maharashtra,Nashik,Onion,Rabi,207.2,Black,7.01,38.6,23.2,Rainfed,134.5,33.1,70.4,4.01,830.9
2023,Maharashtra,Nashik,Onion,Rabi,168.2,Black,7.15,36.8,21.3,Canal/Flood,141.6,68.0,103.3,10.83,1821.6
2024,Maharashtra,Nashik,Onion,Rabi,185.5,Black,7.22,35.1,19.8,Rainfed,98.4,51.2,97.0,2.33,432.2
2005,Bihar,Patna,Onion,Kharif,647.5,Alluvial,7.53,991.8,28.9,Rainfed,144.1,49.8,84.7,0.71,459.7
2006,Bihar,Patna,Onion,Kharif,523.5,Alluvial,7.37,1077.1,29.6,Canal/Flood,134.5,48.4,57.6,0.78,408.3
2007,Bihar,Patna,Onion,Kharif,695.7,Alluvial,7.09,1066.7,29.2,Canal/Flood,103.7,65.2,70.0,0.87,605.3
2008,Bihar,Patna,Onion,Kharif,375.7,Alluvial,7.09,775.7,28.0,Rainfed,134.7,47.5,90.9,1.1,413.3
2009,Bihar,Patna,Onion,Kharif,821.6,Alluvial,7.01,624.7,29.7,Rainfed,136.3,57.6,60.6,1.05,862.7
2010,Bihar,Patna,Onion,Kharif,117.8,Alluvial,7.32,908.1,29.7,Canal/Flood,113.8,62.6,76.1,0.81,95.4
2011,Bihar,Patna,Onion,Kharif,231.7,Alluvial,7.08,993.2,27.8,Rainfed,114.9,57.9,85.9,1.23,285.0
2012,Bihar,Patna,Onion,Kharif,247.5,Alluvial,7.16,878.5,29.1,Tube Well,140.6,67.1,106.7,0.94,232.6
2013,Bihar,Patna,Onion,Kharif,244.2,Alluvial,7.4,1072.4,29.0,Canal/Flood,138.0,61.8,83.8,0.82,200.2
2014,Bihar,Patna,Onion,Kharif,976.9,Alluvial,7.22,893.9,30.4,Rainfed,151.4,53.6,77.3,0.92,898.7
2015,Bihar,Patna,Onion,Kharif,371.5,Alluvial,7.25,713.5,30.4,Tube Well,88.9,48.9,100.5,0.87,323.2
2016,Bihar,Patna,Onion,Kharif,208.7,Alluvial,7.0,1011.2,27.8,Tube Well,121.2,64.7,68.1,1.28,267.1
2017,Bihar,Patna,Onion,Kharif,169.4,Alluvial,7.17,936.6,29.7,Tube Well,101.5,65.3,91.1,0.92,155.8
2018,Bihar,Patna,Onion,Kharif,138.5,Alluvial,7.19,787.9,31.0,Rainfed,143.4,49.2,62.7,0.89,123.3
2019,Bihar,Patna,Onion,Kharif,285.4,Alluvial,7.12,1134.3,28.7,Canal/Flood,81.6,66.7,77.4,0.98,279.7
2020,Bihar,Patna,Onion,Kharif,392.8,Alluvial,7.19,1140.7,28.9,Tube Well,127.9,63.0,86.4,0.98,384.9
2021,Bihar,Patna,Onion,Kharif,390.1,Alluvial,7.11,750.4,28.6,Rainfed,101.8,62.9,76.2,1.0,390.1
2022,Bihar,Patna,Onion,Kharif,234.1,Alluvial,7.5,718.4,30.7,Rainfed,114.6,58.3,84.0,0.78,182.6
2023,Bihar,Patna,Onion,Kharif,342.6,Alluvial,7.3,996.2,28.8,Rainfed,112.3,54.6,77.7,0.86,294.6
2024,Bihar,Patna,Onion,Kharif,266.7,Alluvial,6.92,1020.9,29.6,Rainfed,106.7,58.2,67.4,1.08,288.0
2005,Bihar,Patna,Onion,Rabi,202.6,Alluvial,7.19,41.3,18.6,Rainfed,109.3,55.2,84.0,1.56,316.1
2006,Bihar,Patna,Onion,Rabi,370.2,Alluvial,7.06,49.4,18.4,Tube Well,88.3,61.8,80.7,5.39,1995.4
2007,Bihar,Patna,Onion,Rabi,284.5,Alluvial,7.06,41.7,16.4,Rainfed,116.0,56.5,81.1,0.89,253.2
2008,Bihar,Patna,Onion,Rabi,58.9,Alluvial,6.88,53.4,18.0,Rainfed,122.9,70.7,89.3,1.59,93.7
2009,Bihar,Patna,Onion,Rabi,249.3,Alluvial,7.1,42.8,19.2,Canal/Flood,131.5,61.8,60.1,6.59,1642.9
2010,Bihar,Patna,Onion,Rabi,223.1,Alluvial,6.98,53.3,16.3,Canal/Flood,124.2,63.9,79.4,3.01,671.5
2011,Bihar,Patna,Onion,Rabi,358.6,Alluvial,7.36,49.4,16.8,Rainfed,125.3,55.6,80.0,0.75,269.0
2012,Bihar,Patna,Onion,Rabi,559.3,Alluvial,6.82,48.7,17.1,Tube Well,158.1,69.3,62.3,3.59,2007.9
2013,Bihar,Patna,Onion,Rabi,189.0,Alluvial,7.26,45.3,17.6,Rainfed,158.3,63.3,90.1,1.19,224.9
2014,Bihar,Patna,Onion,Rabi,323.0,Alluvial,7.26,43.6,18.2,Rainfed,154.7,65.3,84.7,1.45,468.3
2015,Bihar,Patna,Onion,Rabi,278.8,Alluvial,7.37,30.5,18.3,Tube Well,119.1,75.0,70.9,4.45,1240.7
2016,Bihar,Patna,Onion,Rabi,343.5,Alluvial,7.24,45.1,17.2,Canal/Flood,93.1,51.1,67.5,2.82,968.7
2017,Bihar,Patna,Onion,Rabi,674.4,Alluvial,7.32,40.4,18.1,Canal/Flood,128.7,70.3,73.3,4.14,2792.0
2018,Bihar,Patna,Onion,Rabi,94.5,Alluvial,7.27,46.0,18.6,Tube Well,89.5,59.6,85.2,5.74,542.4
2019,Bihar,Patna,Onion,Rabi,212.6,Alluvial,7.28,56.5,16.3,Rainfed,133.4,53.3,72.8,0.95,202.0
2020,Bihar,Patna,Onion,Rabi,507.9,Alluvial,7.25,49.7,16.8,Canal/Flood,142.8,68.9,99.5,3.13,1589.7
2021,Bihar,Patna,Onion,Rabi,267.8,Alluvial,7.17,51.1,16.9,Rainfed,98.3,80.9,80.4,0.99,265.1
2022,Bihar,Patna,Onion,Rabi,666.1,Alluvial,7.54,46.8,19.4,Rainfed,168.7,63.5,95.3,1.9,1265.6
2023,Bihar,Patna,Onion,Rabi,246.0,Alluvial,6.9,49.0,17.3,Tube Well,110.8,69.8,65.2,4.14,1018.4
2024,Bihar,Patna,Onion,Rabi,136.2,Alluvial,7.67,50.6,17.6,Canal/Flood,99.5,52.7,63.8,2.81,382.7
2005,Gujarat,Rajkot,Onion,Kharif,375.1,Sandy Loam,7.76,671.0,28.2,Sprinkler,116.0,55.3,100.8,0.63,236.3
2006,Gujarat,Rajkot,Onion,Kharif,893.5,Sandy Loam,7.73,619.0,28.3,Sprinkler,100.1,63.2,93.0,0.61,545.0
2007,Gujarat,Rajkot,Onion,Kharif,116.2,Sandy Loam,7.53,548.7,29.6,Drip,75.7,64.4,86.2,0.57,66.2
2008,Gujarat,Rajkot,Onion,Kharif,304.5,Sandy Loam,7.82,404.5,28.8,Sprinkler,141.3,52.3,57.8,0.75,228.4
2009,Gujarat,Rajkot,Onion,Kharif,524.8,Sandy Loam,7.68,506.2,29.8,Drip,96.7,63.0,99.5,0.61,320.1
2010,Gujarat,Rajkot,Onion,Kharif,341.7,Sandy Loam,7.61,595.9,29.9,Rainfed,139.5,55.3,71.4,0.63,215.3
2011,Gujarat,Rajkot,Onion,Kharif,789.9,Sandy Loam,8.11,533.3,28.7,Sprinkler,120.3,49.4,90.7,0.6,473.9
2012,Gujarat,Rajkot,Onion,Kharif,293.7,Sandy Loam,7.9,569.7,28.3,Tube Well,125.4,38.7,48.3,0.57,167.4
2013,Gujarat,Rajkot,Onion,Kharif,295.1,Sandy Loam,7.6,615.8,29.3,Drip,35.3,63.1,59.5,0.47,138.7
2014,Gujarat,Rajkot,Onion,Kharif,449.2,Sandy Loam,7.79,517.6,29.4,Tube Well,121.8,65.1,79.6,0.61,274.0
2015,Gujarat,Rajkot,Onion,Kharif,386.9,Sandy Loam,7.71,678.7,30.2,Drip,117.9,68.7,104.1,0.64,247.6
2016,Gujarat,Rajkot,Onion,Kharif,207.7,Sandy Loam,7.79,480.6,29.7,Rainfed,119.7,58.4,83.8,2.3,477.7
2017,Gujarat,Rajkot,Onion,Kharif,283.2,Sandy Loam,7.88,661.7,29.5,Rainfed,112.8,52.5,63.3,0.57,161.4
2018,Gujarat,Rajkot,Onion,Kharif,436.4,Sandy Loam,7.78,693.0,29.4,Rainfed,153.3,64.7,70.7,0.65,283.7
2019,Gujarat,Rajkot,Onion,Kharif,455.5,Sandy Loam,7.69,652.7,29.6,Tube Well,151.4,83.4,80.9,0.65,296.1
2020,Gujarat,Rajkot,Onion,Kharif,228.3,Sandy Loam,7.7,716.3,29.4,Sprinkler,142.6,59.4,96.7,0.66,150.7
2021,Gujarat,Rajkot,Onion,Kharif,676.8,Sandy Loam,7.88,512.6,29.3,Drip,101.9,56.2,56.0,0.66,446.7
2022,Gujarat,Rajkot,Onion,Kharif,148.4,Sandy Loam,7.64,732.2,30.6,Rainfed,108.7,66.2,97.7,0.68,100.9
2023,Gujarat,Rajkot,Onion,Kharif,145.7,Sandy Loam,8.49,617.6,28.9,Drip,123.2,50.5,93.2,0.64,93.2
2024,Gujarat,Rajkot,Onion,Kharif,264.0,Sandy Loam,7.72,447.1,28.2,Tube Well,111.8,65.9,71.3,0.7,184.8
2005,Gujarat,Rajkot,Onion,Rabi,622.5,Sandy Loam,7.81,15.5,21.4,Rainfed,102.2,84.9,70.4,2.19,1363.3
2006,Gujarat,Rajkot,Onion,Rabi,352.9,Sandy Loam,7.96,15.5,20.6,Sprinkler,131.3,67.0,88.0,6.99,2466.8
2007,Gujarat,Rajkot,Onion,Rabi,904.8,Sandy Loam,7.7,18.1,20.5,Drip,135.0,75.8,71.9,7.88,7129.8
2008,Gujarat,Rajkot,Onion,Rabi,220.0,Sandy Loam,7.79,14.7,20.2,Sprinkler,132.3,42.2,88.7,5.58,1227.6
2009,Gujarat,Rajkot,Onion,Rabi,321.2,Sandy Loam,7.53,14.2,22.4,Drip,122.0,61.9,66.1,10.01,3215.2
2010,Gujarat,Rajkot,Onion,Rabi,396.3,Sandy Loam,7.53,13.0,20.6,Rainfed,142.4,50.2,76.5,1.87,741.1
2011,Gujarat,Rajkot,Onion,Rabi,326.7,Sandy Loam,7.53,14.2,21.7,Rainfed,120.6,43.9,70.7,1.96,640.3
2012,Gujarat,Rajkot,Onion,Rabi,546.3,Sandy Loam,7.58,14.6,20.7,Tube Well,118.5,72.9,75.1,5.39,2944.6
2013,Gujarat,Rajkot,Onion,Rabi,154.6,Sandy Loam,7.88,14.9,21.1,Tube Well,118.9,64.1,78.3,6.01,929.1
2014,Gujarat,Rajkot,Onion,Rabi,135.5,Sandy Loam,7.75,11.4,21.9,Tube Well,97.9,56.9,103.4,6.35,860.4
2015,Gujarat,Rajkot,Onion,Rabi,216.7,Sandy Loam,7.96,13.7,22.2,Sprinkler,127.5,82.0,90.9,8.81,1909.1
2016,Gujarat,Rajkot,Onion,Rabi,638.9,Sandy Loam,7.94,17.4,21.4,Rainfed,108.0,65.6,86.4,2.42,1546.1
2017,Gujarat,Rajkot,Onion,Rabi,289.2,Sandy Loam,7.6,16.0,21.8,Sprinkler,130.6,63.1,62.5,9.05,2617.3
2018,Gujarat,Rajkot,Onion,Rabi,177.1,Sandy Loam,7.71,14.1,22.0,Sprinkler,101.0,72.9,96.1,9.19,1627.5
2019,Gujarat,Rajkot,Onion,Rabi,328.3,Sandy Loam,7.5,15.4,21.4,Drip,132.6,69.4,79.1,9.49,3115.6
2020,Gujarat,Rajkot,Onion,Rabi,764.6,Sandy Loam,7.7,20.4,21.7,Tube Well,118.2,67.4,63.8,7.53,5757.4
2021,Gujarat,Rajkot,Onion,Rabi,290.5,Sandy Loam,7.52,13.6,21.9,Sprinkler,136.1,49.6,92.9,8.3,2411.2
2022,Gujarat,Rajkot,Onion,Rabi,212.4,Sandy Loam,7.6,14.1,23.4,Rainfed,117.5,52.8,38.6,2.5,531.0
2023,Gujarat,Rajkot,Onion,Rabi,685.6,Sandy Loam,7.73,10.9,20.0,Drip,108.7,52.1,81.2,7.44,5100.9
2024,Gujarat,Rajkot,Onion,Rabi,329.3,Sandy Loam,7.6,16.8,20.4,Drip,95.2,52.7,71.7,7.87,2591.6
2007,Tamil Nadu,Thanjavur,Onion,Kharif,208.2,Clay Loam,7.07,356.9,30.4,Canal/Flood,118.4,55.1,82.8,2.11,439.3
2013,Tamil Nadu,Thanjavur,Onion,Kharif,304.5,Clay Loam,6.84,358.8,31.5,Tube Well,93.0,56.2,85.3,1.94,590.7
2022,Tamil Nadu,Thanjavur,Onion,Kharif,394.1,Clay Loam,6.9,322.3,33.7,Canal/Flood,118.7,81.0,93.2,3.24,1276.9
2024,Tamil Nadu,Thanjavur,Onion,Kharif,288.8,Clay Loam,6.67,404.6,30.0,Tube Well,126.0,85.3,97.9,1.47,424.5
2007,Tamil Nadu,Thanjavur,Onion,Rabi,222.4,Clay Loam,6.84,602.7,24.9,Rainfed,115.8,52.8,77.4,2.75,611.6
2010,Tamil Nadu,Thanjavur,Onion,Rabi,431.2,Clay Loam,6.95,454.0,24.4,Canal/Flood,103.3,50.6,90.4,2.91,1254.8
2006,Uttar Pradesh,Varanasi,Onion,Kharif,428.5,Alluvial,7.1,855.0,29.5,Rainfed,111.1,61.7,80.0,0.96,411.4
2008,Uttar Pradesh,Varanasi,Onion,Kharif,381.0,Alluvial,6.85,1151.4,28.7,Tube Well,165.8,62.5,95.5,1.09,415.3
2009,Uttar Pradesh,Varanasi,Onion,Kharif,391.1,Alluvial,7.2,689.7,30.8,Tube Well,92.5,46.5,75.8,0.85,332.4
2011,Uttar Pradesh,Varanasi,Onion,Kharif,112.3,Alluvial,7.23,836.8,29.6,Tube Well,141.8,45.6,65.3,0.84,94.3
2011,Uttar Pradesh,Varanasi,Onion,Rabi,350.3,Alluvial,7.12,51.4,18.1,Canal/Flood,116.5,65.7,80.8,4.92,1723.5
2013,Uttar Pradesh,Varanasi,Onion,Rabi,394.5,Alluvial,7.06,46.8,18.5,Rainfed,139.5,50.3,74.0,1.72,678.5
2021,Uttar Pradesh,Varanasi,Onion,Rabi,211.6,Alluvial,7.17,50.1,17.1,Tube Well,156.3,56.8,72.9,3.41,721.6
2022,Uttar Pradesh,Varanasi,Onion,Rabi,229.9,Alluvial,6.82,46.8,20.0,Tube Well,120.1,53.6,77.9,10.99,2526.6
2023,Uttar Pradesh,Varanasi,Onion,Rabi,98.1,Alluvial,7.05,51.9,19.0,Rainfed,119.1,44.4,62.7,2.22,217.8
2005,West Bengal,Burdwan,Potato,Rabi,262.1,Alluvial,6.18,62.1,19.5,Canal/Flood,165.1,96.6,96.6,17.26,4523.8
2006,West Bengal,Burdwan,Potato,Rabi,217.3,Alluvial,5.94,63.5,19.8,Rainfed,161.9,89.6,68.2,2.97,645.4
2007,West Bengal,Burdwan,Potato,Rabi,531.3,Alluvial,6.16,69.5,19.9,Canal/Flood,169.8,97.7,95.2,14.2,7544.5
2008,West Bengal,Burdwan,Potato,Rabi,120.8,Alluvial,6.59,73.2,20.1,Tube Well,143.1,88.9,106.6,13.39,1617.5
2009,West Bengal,Burdwan,Potato,Rabi,355.6,Alluvial,6.1,47.0,20.4,Tube Well,122.6,78.7,102.9,11.41,4057.4
2010,West Bengal,Burdwan,Potato,Rabi,99.9,Alluvial,6.35,64.4,20.7,Rainfed,145.8,94.5,51.9,2.09,208.8
2011,West Bengal,Burdwan,Potato,Rabi,261.7,Alluvial,6.21,60.0,19.5,Canal/Flood,166.3,111.0,68.2,18.42,4820.5
2012,West Bengal,Burdwan,Potato,Rabi,517.6,Alluvial,6.05,58.2,20.8,Canal/Flood,129.2,65.0,126.5,9.57,4953.4
2013,West Bengal,Burdwan,Potato,Rabi,351.2,Alluvial,6.05,55.9,19.6,Canal/Flood,148.4,103.3,126.3,17.27,6065.2
2014,West Bengal,Burdwan,Potato,Rabi,611.1,Alluvial,6.44,57.9,21.2,Canal/Flood,165.3,71.8,68.5,7.24,4424.4
2015,West Bengal,Burdwan,Potato,Rabi,356.2,Alluvial,6.21,52.2,21.6,Rainfed,127.9,101.3,82.9,1.32,470.2
2016,West Bengal,Burdwan,Potato,Rabi,350.5,Alluvial,6.29,72.2,20.4,Rainfed,167.3,73.6,96.2,3.22,1128.6
2017,West Bengal,Burdwan,Potato,Rabi,710.5,Alluvial,6.07,54.9,20.2,Rainfed,138.1,63.2,86.3,2.82,2003.6
2018,West Bengal,Burdwan,Potato,Rabi,207.7,Alluvial,6.64,64.5,20.2,Canal/Flood,147.9,89.1,106.5,11.27,2340.8
2019,West Bengal,Burdwan,Potato,Rabi,453.6,Alluvial,6.17,73.4,19.7,Tube Well,167.7,81.1,85.6,19.43,8813.4
2020,West Bengal,Burdwan,Potato,Rabi,159.7,Alluvial,6.31,76.8,20.0,Rainfed,118.6,94.2,112.1,4.15,662.8
2021,West Bengal,Burdwan,Potato,Rabi,537.8,Alluvial,6.1,53.7,18.8,Canal/Flood,125.6,94.8,116.9,19.62,10551.6
2022,West Bengal,Burdwan,Potato,Rabi,543.8,Alluvial,6.29,73.9,22.5,Canal/Flood,113.8,101.8,97.4,6.55,3561.9
2023,West Bengal,Burdwan,Potato,Rabi,848.6,Alluvial,6.09,63.0,20.2,Canal/Flood,139.5,89.5,122.4,14.36,12185.9
2024,West Bengal,Burdwan,Potato,Rabi,71.7,Alluvial,6.5,49.0,21.3,Canal/Flood,178.1,78.1,93.4,7.78,557.8
2005,Madhya Pradesh,Indore,Potato,Rabi,534.2,Black,7.72,28.4,19.5,Tube Well,199.2,95.0,126.6,9.25,4941.4
2006,Madhya Pradesh,Indore,Potato,Rabi,311.9,Black,7.5,31.4,18.6,Sprinkler,201.9,77.3,111.7,12.78,3986.1
2021,Madhya Pradesh,Indore,Potato,Rabi,285.6,Black,7.51,25.3,18.9,Sprinkler,153.4,76.1,82.8,12.04,3438.6
2005,Haryana,Karnal,Potato,Rabi,510.8,Alluvial,7.5,83.4,15.3,Canal/Flood,178.9,77.8,79.7,12.12,6190.9
2006,Haryana,Karnal,Potato,Rabi,445.2,Alluvial,7.38,86.7,14.7,Tube Well,137.4,68.4,66.9,9.36,4167.1
2007,Haryana,Karnal,Potato,Rabi,223.8,Alluvial,7.2,79.5,14.5,Tube Well,106.8,74.9,73.1,7.12,1593.5
2008,Haryana,Karnal,Potato,Rabi,288.4,Alluvial,7.22,81.3,15.5,Canal/Flood,173.7,92.6,93.4,12.33,3556.0
2009,Haryana,Karnal,Potato,Rabi,39.0,Alluvial,7.41,79.3,16.3,Tube Well,175.1,70.2,63.7,16.27,634.5
2010,Haryana,Karnal,Potato,Rabi,487.3,Alluvial,7.28,88.5,16.1,Canal/Flood,180.1,103.8,77.1,15.54,7572.6
2011,Haryana,Karnal,Potato,Rabi,285.5,Alluvial,7.24,72.8,14.2,Tube Well,161.6,99.3,110.7,7.33,2092.7
2012,Haryana,Karnal,Potato,Rabi,460.3,Alluvial,7.22,93.2,16.3,Canal/Flood,155.0,101.6,123.0,17.3,7963.2
2013,Haryana,Karnal,Potato,Rabi,129.4,Alluvial,7.42,72.1,14.8,Tube Well,157.6,112.3,60.5,9.99,1292.7
2014,Haryana,Karnal,Potato,Rabi,509.1,Alluvial,7.56,55.3,15.7,Tube Well,181.8,83.2,73.0,14.26,7259.8
2015,Haryana,Karnal,Potato,Rabi,319.5,Alluvial,7.68,57.7,16.7,Tube Well,161.6,88.3,77.0,16.96,5418.7
2016,Haryana,Karnal,Potato,Rabi,353.5,Alluvial,7.57,81.8,15.6,Canal/Flood,175.9,69.2,79.0,13.46,4758.1
2017,Haryana,Karnal,Potato,Rabi,141.1,Alluvial,7.47,92.6,14.3,Canal/Flood,108.6,91.2,120.8,7.69,1085.1
2018,Haryana,Karnal,Potato,Rabi,397.6,Alluvial,7.41,96.9,15.4,Tube Well,145.9,110.9,97.2,14.35,5705.6
2019,Haryana,Karnal,Potato,Rabi,283.0,Alluvial,7.5,97.8,14.5,Tube Well,199.9,92.2,96.8,8.64,2445.1
2020,Haryana,Karnal,Potato,Rabi,221.3,Alluvial,7.54,106.7,16.5,Tube Well,157.0,107.6,94.0,17.07,3777.6
2021,Haryana,Karnal,Potato,Rabi,290.8,Alluvial,7.46,69.9,14.6,Canal/Flood,174.7,109.1,66.1,9.38,2727.7
2022,Haryana,Karnal,Potato,Rabi,493.2,Alluvial,7.24,83.9,17.5,Canal/Flood,201.2,52.2,111.0,20.36,10041.6
2023,Haryana,Karnal,Potato,Rabi,146.8,Alluvial,6.96,76.5,16.3,Tube Well,180.8,88.8,86.5,18.37,2696.7
2024,Haryana,Karnal,Potato,Rabi,393.6,Alluvial,7.42,74.1,15.8,Canal/Flood,148.2,89.7,89.4,16.07,6325.2
2011,Rajasthan,Kota,Potato,Rabi,199.1,Clay Loam,7.71,23.6,18.5,Sprinkler,178.5,85.6,103.9,11.94,2377.3
2005,Punjab,Ludhiana,Potato,Rabi,720.8,Alluvial,7.18,93.5,15.8,Sprinkler,190.0,86.4,106.4,13.48,9716.4
2006,Punjab,Ludhiana,Potato,Rabi,147.9,Alluvial,7.37,97.8,15.8,Sprinkler,140.9,67.3,131.5,12.65,1870.9
2007,Punjab,Ludhiana,Potato,Rabi,429.1,Alluvial,7.61,83.5,16.9,Canal/Flood,179.5,81.0,80.2,17.37,7453.5
2008,Punjab,Ludhiana,Potato,Rabi,435.4,Alluvial,7.34,95.3,16.3,Canal/Flood,143.9,97.2,119.8,16.65,7249.4
2009,Punjab,Ludhiana,Potato,Rabi,196.5,Alluvial,7.32,81.4,17.0,Tube Well,153.0,97.0,87.6,18.35,3605.8
2010,Punjab,Ludhiana,Potato,Rabi,320.5,Alluvial,6.66,98.1,16.8,Sprinkler,155.3,89.6,89.4,19.88,6371.5
2011,Punjab,Ludhiana,Potato,Rabi,429.7,Alluvial,7.13,87.0,16.7,Sprinkler,127.6,87.2,92.2,15.87,6819.3
2012,Punjab,Ludhiana,Potato,Rabi,405.7,Alluvial,7.03,75.5,15.7,Tube Well,148.9,81.9,127.6,13.82,5606.8
2013,Punjab,Ludhiana,Potato,Rabi,379.4,Alluvial,7.28,81.6,16.6,Sprinkler,198.3,87.6,65.9,17.33,6575.0
2014,Punjab,Ludhiana,Potato,Rabi,53.7,Alluvial,7.11,70.0,16.6,Tube Well,225.0,94.6,98.2,18.19,976.8
2015,Punjab,Ludhiana,Potato,Rabi,98.3,Alluvial,7.2,54.7,16.6,Tube Well,150.5,109.1,133.0,16.13,1585.6
2016,Punjab,Ludhiana,Potato,Rabi,226.9,Alluvial,7.57,92.6,16.4,Canal/Flood,166.7,94.8,88.4,16.15,3664.4
2017,Punjab,Ludhiana,Potato,Rabi,345.1,Alluvial,7.38,108.5,16.7,Sprinkler,207.8,100.4,109.1,17.89,6173.8
2018,Punjab,Ludhiana,Potato,Rabi,538.7,Alluvial,7.18,102.6,15.4,Canal/Flood,122.6,98.5,124.5,13.06,7035.4
2019,Punjab,Ludhiana,Potato,Rabi,210.1,Alluvial,7.27,104.3,15.4,Tube Well,199.6,83.4,130.2,14.19,2981.3
2020,Punjab,Ludhiana,Potato,Rabi,835.9,Alluvial,6.94,127.3,16.1,Tube Well,160.3,89.4,118.3,15.15,12663.9
2021,Punjab,Ludhiana,Potato,Rabi,203.6,Alluvial,7.13,77.9,15.2,Tube Well,154.3,92.7,94.6,12.26,2496.1
2022,Punjab,Ludhiana,Potato,Rabi,152.9,Alluvial,7.22,83.0,18.3,Tube Well,182.0,98.5,110.5,19.34,2957.1
2023,Punjab,Ludhiana,Potato,Rabi,146.6,Alluvial,7.09,93.7,16.5,Tube Well,150.9,113.3,78.7,17.18,2518.6
2024,Punjab,Ludhiana,Potato,Rabi,253.4,Alluvial,7.36,78.9,16.5,Canal/Flood,115.8,59.8,123.6,16.91,4285.0
2017,Karnataka,Mandya,Potato,Rabi,207.7,Red,6.5,220.8,22.7,Canal/Flood,179.3,90.1,101.4,2.65,550.4
2016,Maharashtra,Nashik,Potato,Rabi,176.4,Black,7.43,34.0,20.1,Drip,150.3,95.0,117.6,9.63,1698.7
2022,Maharashtra,Nashik,Potato,Rabi,285.7,Black,7.01,38.6,23.2,Drip,109.6,110.3,116.2,3.66,1045.7
2023,Maharashtra,Nashik,Potato,Rabi,133.9,Black,7.15,36.8,21.3,Canal/Flood,143.5,80.0,119.1,4.15,555.7
2005,Bihar,Patna,Potato,Rabi,832.4,Alluvial,7.19,41.3,18.6,Canal/Flood,161.1,73.8,94.9,13.73,11428.9
2006,Bihar,Patna,Potato,Rabi,210.5,Alluvial,7.06,49.4,18.4,Canal/Flood,153.2,93.1,117.7,14.12,2972.3
2007,Bihar,Patna,Potato,Rabi,259.9,Alluvial,7.06,41.7,16.4,Canal/Flood,190.9,95.3,94.8,13.07,3396.9
2008,Bihar,Patna,Potato,Rabi,201.8,Alluvial,6.88,53.4,18.0,Tube Well,162.8,84.8,97.8,15.68,3164.2
2009,Bihar,Patna,Potato,Rabi,65.8,Alluvial,7.1,42.8,19.2,Tube Well,142.0,92.3,121.7,13.2,868.6
2010,Bihar,Patna,Potato,Rabi,863.2,Alluvial,6.98,53.3,16.3,Canal/Flood,163.9,101.4,59.9,13.04,11256.1
2011,Bihar,Patna,Potato,Rabi,193.9,Alluvial,7.36,49.4,16.8,Tube Well,115.5,111.5,128.4,16.86,3269.2
2012,Bihar,Patna,Potato,Rabi,285.2,Alluvial,6.82,48.7,17.1,Rainfed,164.6,95.1,101.2,3.87,1103.7
2013,Bihar,Patna,Potato,Rabi,758.3,Alluvial,7.26,45.3,17.6,Canal/Flood,131.4,101.2,95.8,16.26,12330.0
2014,Bihar,Patna,Potato,Rabi,635.7,Alluvial,7.26,43.6,18.2,Rainfed,159.2,109.6,93.6,3.18,2021.5
2015,Bihar,Patna,Potato,Rabi,144.8,Alluvial,7.37,30.5,18.3,Rainfed,210.6,103.2,121.2,3.84,556.0
2016,Bihar,Patna,Potato,Rabi,643.8,Alluvial,7.24,45.1,17.2,Rainfed,154.8,88.5,109.2,3.71,2388.5
2017,Bihar,Patna,Potato,Rabi,217.4,Alluvial,7.32,40.4,18.1,Tube Well,118.6,111.5,94.4,15.92,3461.0
2018,Bihar,Patna,Potato,Rabi,313.5,Alluvial,7.27,46.0,18.6,Rainfed,137.4,103.0,86.6,3.4,1065.9
2019,Bihar,Patna,Potato,Rabi,663.8,Alluvial,7.28,56.5,16.3,Canal/Flood,151.8,93.6,103.8,16.82,11165.1
2020,Bihar,Patna,Potato,Rabi,108.3,Alluvial,7.25,49.7,16.8,Canal/Flood,228.0,85.1,108.3,16.82,1821.6
2021,Bihar,Patna,Potato,Rabi,668.4,Alluvial,7.17,51.1,16.9,Canal/Flood,162.3,106.0,74.8,18.37,12278.5
2022,Bihar,Patna,Potato,Rabi,595.9,Alluvial,7.54,46.8,19.4,Canal/Flood,201.5,118.2,114.1,14.63,8718.0
2023,Bihar,Patna,Potato,Rabi,89.1,Alluvial,6.9,49.0,17.3,Canal/Flood,142.5,76.7,101.3,16.45,1465.7
2024,Bihar,Patna,Potato,Rabi,327.8,Alluvial,7.67,50.6,17.6,Tube Well,165.8,131.1,87.0,18.31,6002.0
2005,Gujarat,Rajkot,Potato,Rabi,176.5,Sandy Loam,7.81,15.5,21.4,Sprinkler,159.0,93.8,127.9,4.48,790.7
2009,Gujarat,Rajkot,Potato,Rabi,453.0,Sandy Loam,7.53,14.2,22.4,Sprinkler,116.5,86.4,96.5,3.73,1689.7
2010,Gujarat,Rajkot,Potato,Rabi,1286.9,Sandy Loam,7.53,13.0,20.6,Sprinkler,140.9,56.4,117.9,6.82,8776.7
2015,Gujarat,Rajkot,Potato,Rabi,722.4,Sandy Loam,7.96,13.7,22.2,Rainfed,170.0,84.5,108.9,0.93,671.8
2017,Gujarat,Rajkot,Potato,Rabi,601.9,Sandy Loam,7.6,16.0,21.8,Rainfed,191.3,113.1,85.4,0.92,553.7
2017,Tamil Nadu,Thanjavur,Potato,Rabi,260.2,Clay Loam,6.59,590.8,25.1,Canal/Flood,215.3,105.0,108.1,1.05,273.2
2022,Tamil Nadu,Thanjavur,Potato,Rabi,416.2,Clay Loam,6.89,520.7,26.1,Canal/Flood,143.7,97.7,100.6,0.81,337.1
2024,Tamil Nadu,Thanjavur,Potato,Rabi,131.8,Clay Loam,6.67,525.4,25.2,Tube Well,140.6,98.9,89.9,0.95,125.2
2005,Uttar Pradesh,Varanasi,Potato,Rabi,512.1,Alluvial,7.02,54.1,17.0,Tube Well,196.5,78.5,108.0,16.36,8378.0
2006,Uttar Pradesh,Varanasi,Potato,Rabi,225.2,Alluvial,7.04,48.7,18.7,Tube Well,142.6,94.5,114.4,14.5,3265.4
2007,Uttar Pradesh,Varanasi,Potato,Rabi,406.4,Alluvial,7.26,52.9,17.3,Rainfed,152.0,85.5,114.2,3.39,1377.7
2008,Uttar Pradesh,Varanasi,Potato,Rabi,457.7,Alluvial,6.77,46.2,18.3,Rainfed,137.2,76.9,69.5,3.53,1615.7
2009,Uttar Pradesh,Varanasi,Potato,Rabi,493.1,Alluvial,7.35,41.5,19.0,Tube Well,137.2,90.6,75.4,11.36,5601.6
2010,Uttar Pradesh,Varanasi,Potato,Rabi,307.8,Alluvial,7.21,44.0,17.5,Canal/Flood,116.8,67.5,91.3,13.56,4173.8
2011,Uttar Pradesh,Varanasi,Potato,Rabi,260.4,Alluvial,7.12,51.4,18.1,Canal/Flood,151.4,85.5,99.9,15.34,3994.5
2012,Uttar Pradesh,Varanasi,Potato,Rabi,621.2,Alluvial,6.83,50.6,18.1,Tube Well,161.2,132.7,120.8,18.04,11206.4
2013,Uttar Pradesh,Varanasi,Potato,Rabi,633.1,Alluvial,7.06,46.8,18.5,Rainfed,194.9,98.6,88.9,3.55,2247.5
2014,Uttar Pradesh,Varanasi,Potato,Rabi,170.2,Alluvial,7.11,36.4,19.3,Tube Well,158.1,69.6,92.7,12.06,2052.6
2015,Uttar Pradesh,Varanasi,Potato,Rabi,703.0,Alluvial,7.1,44.2,18.9,Canal/Flood,126.5,87.4,91.6,13.51,9497.5
2016,Uttar Pradesh,Varanasi,Potato,Rabi,338.9,Alluvial,7.23,43.1,18.4,Tube Well,204.8,101.1,102.0,16.63,5635.9
2017,Uttar Pradesh,Varanasi,Potato,Rabi,417.7,Alluvial,7.42,61.8,17.6,Tube Well,139.7,102.0,110.1,17.96,7501.9
2018,Uttar Pradesh,Varanasi,Potato,Rabi,269.5,Alluvial,7.35,49.8,18.1,Canal/Flood,162.6,106.0,111.1,17.54,4727.0
2019,Uttar Pradesh,Varanasi,Potato,Rabi,247.1,Alluvial,6.93,62.9,17.7,Rainfed,182.0,93.2,73.4,3.98,983.5
2020,Uttar Pradesh,Varanasi,Potato,Rabi,523.2,Alluvial,7.18,63.0,17.7,Rainfed,220.4,94.9,85.0,3.82,1998.6
2021,Uttar Pradesh,Varanasi,Potato,Rabi,587.5,Alluvial,7.17,50.1,17.1,Rainfed,208.5,71.1,94.8,3.93,2308.9
2022,Uttar Pradesh,Varanasi,Potato,Rabi,280.8,Alluvial,6.82,46.8,20.0,Rainfed,152.9,123.4,81.6,2.6,730.1
2023,Uttar Pradesh,Varanasi,Potato,Rabi,585.2,Alluvial,7.05,51.9,19.0,Rainfed,188.8,97.0,97.5,3.5,2048.2
2024,Uttar Pradesh,Varanasi,Potato,Rabi,528.7,Alluvial,6.86,55.4,18.0,Canal/Flood,170.0,96.5,100.3,19.87,10505.3
2006,West Bengal,Burdwan,Ragi,Kharif,252.5,Alluvial,6.43,1281.5,29.3,Tube Well,58.4,40.2,33.3,0.12,30.3
2016,West Bengal,Burdwan,Ragi,Kharif,291.3,Alluvial,6.44,1041.5,29.2,Canal/Flood,50.2,37.0,28.8,0.13,37.9
2018,Andhra Pradesh,Guntur,Ragi,Kharif,432.4,Black,7.55,611.0,29.8,Rainfed,66.9,42.5,44.3,0.32,138.4
2007,Andhra Pradesh,Guntur,Ragi,Summer,138.2,Black,7.48,50.6,34.4,Drip,55.5,53.6,33.0,0.24,33.2
2009,Andhra Pradesh,Guntur,Ragi,Summer,329.8,Black,7.42,55.6,35.5,Tube Well,69.0,51.4,28.3,0.22,72.6
2014,Andhra Pradesh,Guntur,Ragi,Summer,183.5,Black,7.4,39.9,35.4,Rainfed,74.0,48.4,34.9,0.1,18.4
2019,Andhra Pradesh,Guntur,Ragi,Summer,555.8,Black,7.45,61.2,34.1,Drip,47.3,38.9,27.1,0.29,161.2
2022,Andhra Pradesh,Guntur,Ragi,Summer,118.1,Black,7.38,47.4,38.1,Drip,47.2,35.3,22.7,0.27,31.9
2010,Madhya Pradesh,Indore,Ragi,Kharif,644.7,Black,7.8,681.5,26.4,Sprinkler,67.6,37.9,27.8,0.22,141.8
2011,Madhya Pradesh,Indore,Ragi,Kharif,467.0,Black,7.53,825.2,27.5,Sprinkler,81.1,44.9,38.3,0.18,84.1
2014,Madhya Pradesh,Indore,Ragi,Kharif,462.4,Black,7.71,927.3,28.1,Tube Well,46.7,37.0,39.8,0.15,69.4
2017,Madhya Pradesh,Indore,Ragi,Kharif,429.4,Black,7.61,729.3,28.2,Tube Well,68.8,37.9,25.6,0.17,73.0
2019,Madhya Pradesh,Indore,Ragi,Summer,559.4,Black,7.6,30.3,32.2,Sprinkler,54.4,35.6,25.6,0.21,117.5
2015,Haryana,Karnal,Ragi,Kharif,344.8,Alluvial,7.35,488.4,31.0,Tube Well,60.8,56.7,34.3,0.13,44.8
2024,Haryana,Karnal,Ragi,Kharif,201.4,Alluvial,7.21,655.3,30.4,Tube Well,70.4,41.8,30.6,0.1,20.1
2009,Haryana,Karnal,Ragi,Summer,217.7,Alluvial,7.36,28.5,33.6,Canal/Flood,61.3,33.4,41.4,0.16,34.8
2014,Haryana,Karnal,Ragi,Summer,544.4,Alluvial,7.25,33.7,34.4,Tube Well,55.3,39.8,30.2,0.18,98.0
2015,Haryana,Karnal,Ragi,Summer,212.6,Alluvial,7.17,30.1,34.9,Canal/Flood,52.5,38.0,30.2,0.16,34.0
2016,Haryana,Karnal,Ragi,Summer,206.6,Alluvial,7.5,30.5,33.5,Canal/Flood,63.5,38.5,27.2,0.16,33.1
2008,Rajasthan,Kota,Ragi,Kharif,252.0,Clay Loam,7.76,574.3,30.7,Canal/Flood,35.9,47.2,32.9,0.1,25.2
2018,Rajasthan,Kota,Ragi,Kharif,244.6,Clay Loam,7.61,733.1,29.5,Sprinkler,53.3,42.1,31.8,0.1,24.5
2021,Rajasthan,Kota,Ragi,Kharif,928.4,Clay Loam,7.96,635.7,29.7,Sprinkler,59.2,43.7,32.1,0.1,92.8
2010,Rajasthan,Kota,Ragi,Summer,301.1,Clay Loam,7.56,14.3,34.1,Tube Well,49.7,43.7,27.3,0.16,48.2
2017,Rajasthan,Kota,Ragi,Summer,316.8,Clay Loam,7.57,14.2,35.7,Sprinkler,76.6,36.6,19.2,0.22,69.7
2019,Rajasthan,Kota,Ragi,Summer,458.8,Clay Loam,7.56,21.4,35.4,Sprinkler,50.9,37.2,20.8,0.22,100.9
2008,Punjab,Ludhiana,Ragi,Summer,239.2,Alluvial,7.07,48.1,33.2,Tube Well,46.9,38.5,27.2,0.18,43.1
2020,Punjab,Ludhiana,Ragi,Summer,267.9,Alluvial,7.42,53.8,34.0,Canal/Flood,50.1,39.6,32.3,0.18,48.2
2024,Punjab,Ludhiana,Ragi,Summer,199.9,Alluvial,7.38,42.8,33.7,Canal/Flood,55.6,39.6,27.9,0.18,36.0
2005,Karnataka,Mandya,Ragi,Kharif,262.8,Red,6.52,416.0,26.1,Canal/Flood,61.8,44.1,25.3,1.27,333.8
2006,Karnataka,Mandya,Ragi,Kharif,422.2,Red,6.43,446.8,25.8,Canal/Flood,45.8,44.6,36.0,1.06,447.5
2007,Karnataka,Mandya,Ragi,Kharif,749.4,Red,6.53,440.1,26.2,Rainfed,44.1,27.7,25.0,1.41,1056.7
2008,Karnataka,Mandya,Ragi,Kharif,448.2,Red,6.33,419.3,25.6,Canal/Flood,63.4,53.2,23.7,1.31,587.1
2009,Karnataka,Mandya,Ragi,Kharif,495.1,Red,6.31,475.3,26.4,Drip,69.0,31.2,23.9,0.52,257.5
2010,Karnataka,Mandya,Ragi,Kharif,448.3,Red,6.38,519.8,25.4,Drip,60.2,39.4,40.2,0.41,183.8
2011,Karnataka,Mandya,Ragi,Kharif,162.1,Red,6.72,568.6,26.0,Drip,59.0,41.6,19.5,0.38,61.6
2012,Karnataka,Mandya,Ragi,Kharif,228.7,Red,6.23,448.6,26.5,Canal/Flood,68.8,32.7,26.5,1.05,240.1
2013,Karnataka,Mandya,Ragi,Kharif,202.7,Red,6.07,437.7,26.5,Rainfed,78.6,45.9,27.5,1.59,322.3
2014,Karnataka,Mandya,Ragi,Kharif,195.6,Red,6.53,481.1,26.4,Rainfed,57.9,37.2,21.0,1.88,367.7
2015,Karnataka,Mandya,Ragi,Kharif,237.2,Red,6.38,323.7,27.0,Drip,44.0,43.3,37.7,1.16,275.2
2016,Karnataka,Mandya,Ragi,Kharif,472.5,Red,6.6,317.7,26.1,Rainfed,42.8,45.3,34.8,0.69,326.0
2017,Karnataka,Mandya,Ragi,Kharif,182.6,Red,6.52,531.4,25.5,Rainfed,70.7,39.2,28.9,2.15,392.6
2018,Karnataka,Mandya,Ragi,Kharif,152.8,Red,6.34,488.0,25.0,Drip,69.9,46.3,30.0,0.6,91.7
2019,Karnataka,Mandya,Ragi,Kharif,198.6,Red,6.6,580.4,24.4,Drip,44.7,36.2,29.7,0.38,75.5
2020,Karnataka,Mandya,Ragi,Kharif,366.1,Red,6.44,610.9,25.3,Canal/Flood,55.5,46.1,25.3,0.42,153.8
2021,Karnataka,Mandya,Ragi,Kharif,432.0,Red,6.39,457.9,26.2,Rainfed,37.3,24.9,32.5,1.61,695.5
2022,Karnataka,Mandya,Ragi,Kharif,455.3,Red,6.64,553.9,28.5,Rainfed,37.1,53.5,31.9,1.19,541.8
2023,Karnataka,Mandya,Ragi,Kharif,38.5,Red,6.52,381.6,25.3,Drip,47.8,21.3,23.3,1.03,39.7
2024,Karnataka,Mandya,Ragi,Kharif,377.4,Red,6.74,416.8,26.2,Drip,63.5,40.0,30.2,0.81,305.7
2005,Karnataka,Mandya,Ragi,Summer,163.5,Red,6.51,88.2,29.5,Rainfed,80.0,48.1,28.5,0.14,22.9
2006,Karnataka,Mandya,Ragi,Summer,425.5,Red,6.17,118.6,30.6,Rainfed,60.3,38.2,17.0,0.1,42.6
2007,Karnataka,Mandya,Ragi,Summer,1885.7,Red,6.47,101.2,29.2,Rainfed,68.3,41.6,32.7,0.16,301.7
2008,Karnataka,Mandya,Ragi,Summer,234.4,Red,6.49,114.8,28.5,Rainfed,49.4,41.4,29.6,0.23,53.9
2009,Karnataka,Mandya,Ragi,Summer,275.4,Red,6.51,84.0,30.6,Canal/Flood,76.7,34.7,21.1,0.33,90.9
2010,Karnataka,Mandya,Ragi,Summer,492.4,Red,6.31,119.8,28.9,Drip,53.6,35.6,24.4,1.06,521.9
2011,Karnataka,Mandya,Ragi,Summer,378.7,Red,6.6,99.6,29.9,Rainfed,56.3,43.8,32.5,0.12,45.4
2012,Karnataka,Mandya,Ragi,Summer,213.1,Red,6.4,102.2,29.3,Rainfed,64.5,32.9,33.1,0.15,32.0
2013,Karnataka,Mandya,Ragi,Summer,653.6,Red,6.55,91.4,28.1,Drip,66.2,37.7,18.1,1.35,882.4
2014,Karnataka,Mandya,Ragi,Summer,124.0,Red,6.15,124.7,28.9,Canal/Flood,66.9,34.9,27.7,0.87,107.9
2015,Karnataka,Mandya,Ragi,Summer,155.5,Red,6.32,87.6,29.8,Canal/Flood,54.7,41.9,24.4,0.44,68.4
2016,Karnataka,Mandya,Ragi,Summer,235.4,Red,6.26,135.4,28.6,Rainfed,53.7,42.4,32.8,0.27,63.6
2017,Karnataka,Mandya,Ragi,Summer,218.7,Red,6.2,109.2,28.0,Drip,61.7,32.7,32.0,1.42,310.6
2018,Karnataka,Mandya,Ragi,Summer,465.5,Red,6.58,106.0,29.4,Drip,62.0,28.1,33.4,0.78,363.1
2019,Karnataka,Mandya,Ragi,Summer,142.7,Red,6.36,114.3,28.9,Drip,55.3,30.4,23.4,1.07,152.7
2020,Karnataka,Mandya,Ragi,Summer,188.7,Red,6.5,117.9,28.6,Drip,55.2,33.7,40.4,1.27,239.6
2021,Karnataka,Mandya,Ragi,Summer,334.0,Red,6.35,100.9,29.0,Canal/Flood,58.0,37.9,22.1,0.83,277.2
2022,Karnataka,Mandya,Ragi,Summer,124.4,Red,6.46,96.8,30.3,Rainfed,55.3,56.3,36.6,0.12,14.9
2023,Karnataka,Mandya,Ragi,Summer,172.3,Red,6.68,102.7,28.7,Rainfed,63.3,43.9,22.1,0.22,37.9
2024,Karnataka,Mandya,Ragi,Summer,572.7,Red,6.65,102.2,28.5,Rainfed,44.2,40.6,26.1,0.24,137.4
2005,Maharashtra,Nashik,Ragi,Kharif,400.2,Black,7.22,770.2,26.0,Rainfed,62.8,42.2,38.2,0.22,88.0
2018,Maharashtra,Nashik,Ragi,Kharif,544.3,Black,7.35,852.9,26.6,Rainfed,55.3,29.5,31.0,0.23,125.2
2024,Maharashtra,Nashik,Ragi,Kharif,63.3,Black,7.3,708.7,25.6,Drip,52.4,36.9,32.7,0.26,16.5
2018,Maharashtra,Nashik,Ragi,Summer,56.7,Black,6.98,23.6,31.5,Drip,45.5,40.3,30.7,0.28,15.9
2022,Maharashtra,Nashik,Ragi,Summer,555.0,Black,7.37,27.3,33.6,Rainfed,64.9,38.3,30.2,0.1,55.5
2021,Bihar,Patna,Ragi,Kharif,377.8,Alluvial,7.11,750.4,28.6,Rainfed,52.2,39.7,26.3,0.2,75.6
2023,Bihar,Patna,Ragi,Kharif,783.8,Alluvial,7.3,996.2,28.8,Rainfed,72.7,52.3,36.2,0.16,125.4
2005,Bihar,Patna,Ragi,Summer,472.2,Alluvial,7.31,50.7,34.0,Rainfed,83.6,32.6,27.1,0.1,47.2
2023,Bihar,Patna,Ragi,Summer,234.1,Alluvial,7.17,54.3,34.3,Rainfed,44.7,42.2,33.7,0.1,23.4
2024,Bihar,Patna,Ragi,Summer,338.9,Alluvial,7.22,49.9,32.3,Tube Well,56.1,44.9,31.0,0.22,74.6
2009,Gujarat,Rajkot,Ragi,Kharif,350.7,Sandy Loam,7.68,506.2,29.8,Sprinkler,44.1,30.9,25.8,0.12,42.1
2017,Gujarat,Rajkot,Ragi,Kharif,312.5,Sandy Loam,7.88,661.7,29.5,Rainfed,86.0,32.3,31.3,0.32,100.0
2014,Gujarat,Rajkot,Ragi,Summer,52.9,Sandy Loam,7.82,10.3,32.7,Rainfed,60.5,44.9,27.8,0.1,5.3
2023,Gujarat,Rajkot,Ragi,Summer,736.4,Sandy Loam,7.47,11.9,34.4,Sprinkler,73.9,52.1,28.8,0.28,206.2
2005,Tamil Nadu,Thanjavur,Ragi,Kharif,140.9,Clay Loam,6.95,351.4,29.7,Canal/Flood,55.8,35.2,37.5,0.34,47.9
2006,Tamil Nadu,Thanjavur,Ragi,Kharif,452.1,Clay Loam,6.69,350.5,31.0,Canal/Flood,63.9,49.9,36.4,0.35,158.2
2007,Tamil Nadu,Thanjavur,Ragi,Kharif,817.0,Clay Loam,7.07,356.9,30.4,Tube Well,93.1,42.8,28.9,0.26,212.4
2008,Tamil Nadu,Thanjavur,Ragi,Kharif,359.5,Clay Loam,6.87,361.9,31.7,Tube Well,67.2,34.2,35.4,0.26,93.5
2009,Tamil Nadu,Thanjavur,Ragi,Kharif,182.4,Clay Loam,6.67,279.4,32.1,Tube Well,54.0,49.4,18.8,0.39,71.1
2010,Tamil Nadu,Thanjavur,Ragi,Kharif,654.4,Clay Loam,6.91,412.2,31.1,Tube Well,57.8,34.4,35.1,0.21,137.4
2011,Tamil Nadu,Thanjavur,Ragi,Kharif,184.8,Clay Loam,6.73,432.7,32.4,Tube Well,57.9,38.1,31.5,0.21,38.8
2012,Tamil Nadu,Thanjavur,Ragi,Kharif,313.0,Clay Loam,6.47,385.9,30.6,Tube Well,68.5,43.3,34.0,0.33,103.3
2013,Tamil Nadu,Thanjavur,Ragi,Kharif,274.0,Clay Loam,6.84,358.8,31.5,Tube Well,58.4,47.7,34.1,0.31,84.9
2014,Tamil Nadu,Thanjavur,Ragi,Kharif,249.9,Clay Loam,6.29,342.8,31.8,Tube Well,83.9,49.3,33.5,0.41,102.5
2015,Tamil Nadu,Thanjavur,Ragi,Kharif,246.7,Clay Loam,6.91,252.8,32.3,Canal/Flood,56.3,43.8,37.3,0.37,91.3
2016,Tamil Nadu,Thanjavur,Ragi,Kharif,403.5,Clay Loam,6.61,442.6,31.3,Tube Well,62.5,38.6,31.6,0.23,92.8
2017,Tamil Nadu,Thanjavur,Ragi,Kharif,206.2,Clay Loam,6.86,381.8,30.6,Tube Well,45.6,30.9,23.8,0.25,51.5
2018,Tamil Nadu,Thanjavur,Ragi,Kharif,172.6,Clay Loam,7.01,389.0,31.2,Canal/Flood,48.7,35.3,41.3,0.25,43.1
2019,Tamil Nadu,Thanjavur,Ragi,Kharif,220.6,Clay Loam,6.91,474.0,30.3,Tube Well,46.1,51.9,28.0,0.15,33.1
2020,Tamil Nadu,Thanjavur,Ragi,Kharif,418.7,Clay Loam,6.32,447.6,31.3,Rainfed,61.5,39.6,32.3,0.4,167.5
2021,Tamil Nadu,Thanjavur,Ragi,Kharif,185.1,Clay Loam,6.82,353.1,30.6,Canal/Flood,63.1,39.7,33.8,0.35,64.8
2022,Tamil Nadu,Thanjavur,Ragi,Kharif,191.5,Clay Loam,6.9,322.3,33.7,Rainfed,62.3,28.5,29.6,0.14,26.8
2023,Tamil Nadu,Thanjavur,Ragi,Kharif,203.1,Clay Loam,6.87,322.8,30.0,Rainfed,67.3,54.7,36.8,0.18,36.6
2024,Tamil Nadu,Thanjavur,Ragi,Kharif,131.2,Clay Loam,6.67,404.6,30.0,Rainfed,58.6,45.4,35.6,0.36,47.2
2005,Tamil Nadu,Thanjavur,Ragi,Summer,511.3,Clay Loam,6.62,87.3,32.7,Rainfed,53.5,45.5,36.0,0.1,51.1
2006,Tamil Nadu,Thanjavur,Ragi,Summer,176.4,Clay Loam,6.9,91.4,34.6,Canal/Flood,53.4,49.3,29.9,0.24,42.3
2007,Tamil Nadu,Thanjavur,Ragi,Summer,328.9,Clay Loam,6.79,77.5,32.9,Rainfed,54.0,37.0,25.0,0.1,32.9
2008,Tamil Nadu,Thanjavur,Ragi,Summer,660.7,Clay Loam,6.87,81.7,33.9,Tube Well,54.0,54.0,26.0,0.27,178.4
2009,Tamil Nadu,Thanjavur,Ragi,Summer,323.8,Clay Loam,6.99,67.8,33.3,Rainfed,82.1,41.1,32.1,0.1,32.4
2010,Tamil Nadu,Thanjavur,Ragi,Summer,737.3,Clay Loam,6.96,76.4,31.8,Rainfed,84.2,33.2,25.0,0.1,73.7
2011,Tamil Nadu,Thanjavur,Ragi,Summer,205.9,Clay Loam,6.96,78.6,32.6,Canal/Flood,59.3,39.4,34.2,0.24,49.4
2012,Tamil Nadu,Thanjavur,Ragi,Summer,112.7,Clay Loam,6.84,83.0,32.5,Tube Well,53.6,43.0,23.7,0.27,30.4
2013,Tamil Nadu,Thanjavur,Ragi,Summer,850.9,Clay Loam,6.71,78.4,33.7,Canal/Flood,74.3,41.3,24.5,0.29,246.8
2014,Tamil Nadu,Thanjavur,Ragi,Summer,612.8,Clay Loam,6.86,69.6,34.3,Canal/Flood,40.0,43.3,29.4,0.22,134.8
2015,Tamil Nadu,Thanjavur,Ragi,Summer,319.6,Clay Loam,6.79,50.5,34.0,Rainfed,59.2,37.5,25.5,0.1,32.0
2016,Tamil Nadu,Thanjavur,Ragi,Summer,119.1,Clay Loam,6.77,84.9,32.5,Tube Well,47.3,49.4,35.1,0.29,34.5
2017,Tamil Nadu,Thanjavur,Ragi,Summer,530.9,Clay Loam,6.47,71.5,33.6,Tube Well,50.2,48.8,27.9,0.32,169.9
2018,Tamil Nadu,Thanjavur,Ragi,Summer,475.5,Clay Loam,6.61,76.7,33.5,Canal/Flood,79.1,31.8,30.4,0.3,142.7
2019,Tamil Nadu,Thanjavur,Ragi,Summer,405.6,Clay Loam,6.84,105.8,31.7,Canal/Flood,54.1,22.2,20.6,0.25,101.4
2020,Tamil Nadu,Thanjavur,Ragi,Summer,304.0,Clay Loam,7.15,99.6,33.8,Rainfed,73.2,37.2,29.3,0.1,30.4
2021,Tamil Nadu,Thanjavur,Ragi,Summer,156.1,Clay Loam,6.72,79.7,33.2,Rainfed,47.0,39.3,32.2,0.1,15.6
2022,Tamil Nadu,Thanjavur,Ragi,Summer,595.1,Clay Loam,6.37,69.9,34.6,Tube Well,49.9,40.7,26.2,0.32,190.4
2023,Tamil Nadu,Thanjavur,Ragi,Summer,688.1,Clay Loam,6.34,73.3,32.6,Rainfed,61.2,34.6,26.9,0.1,68.8
2024,Tamil Nadu,Thanjavur,Ragi,Summer,417.4,Clay Loam,7.0,77.9,32.9,Rainfed,56.4,46.4,29.5,0.1,41.7
2007,Uttar Pradesh,Varanasi,Ragi,Kharif,217.9,Alluvial,7.15,987.0,30.1,Rainfed,63.2,38.3,25.8,0.1,21.8
2010,Uttar Pradesh,Varanasi,Ragi,Kharif,102.6,Alluvial,7.44,920.0,29.9,Rainfed,68.9,44.8,39.6,0.1,10.3
2017,Uttar Pradesh,Varanasi,Ragi,Kharif,338.8,Alluvial,7.13,817.2,29.9,Rainfed,56.2,40.6,37.6,0.1,33.9
2017,Uttar Pradesh,Varanasi,Ragi,Summer,60.8,Alluvial,7.08,37.9,34.7,Rainfed,60.6,46.0,34.3,0.1,6.1
2005,West Bengal,Burdwan,Rice,Kharif,146.4,Alluvial,6.5,1172.7,29.3,Tube Well,101.6,61.1,27.4,0.71,103.9
2006,West Bengal,Burdwan,Rice,Kharif,518.9,Alluvial,6.43,1281.5,29.3,Canal/Flood,131.1,53.1,43.1,0.77,399.6
2007,West Bengal,Burdwan,Rice,Kharif,585.6,Alluvial,6.28,899.1,29.5,Rainfed,129.1,50.7,49.2,2.84,1663.1
2008,West Bengal,Burdwan,Rice,Kharif,115.3,Alluvial,6.64,960.5,29.3,Tube Well,129.1,63.0,40.1,1.85,213.3
2009,West Bengal,Burdwan,Rice,Kharif,248.7,Alluvial,6.14,1000.3,30.7,Canal/Flood,125.6,59.7,38.9,1.21,300.9
2010,West Bengal,Burdwan,Rice,Kharif,482.4,Alluvial,6.16,1209.5,29.3,Rainfed,82.3,50.0,32.0,3.1,1495.4
2011,West Bengal,Burdwan,Rice,Kharif,710.5,Alluvial,6.15,1204.7,29.1,Rainfed,133.1,51.8,39.3,3.26,2316.2
2012,West Bengal,Burdwan,Rice,Kharif,366.7,Alluvial,6.4,1162.0,29.1,Rainfed,116.5,67.3,40.5,3.88,1422.8
2013,West Bengal,Burdwan,Rice,Kharif,548.6,Alluvial,6.26,1178.9,29.0,Canal/Flood,135.8,56.0,35.9,0.85,466.3
2014,West Bengal,Burdwan,Rice,Kharif,208.6,Alluvial,6.47,1106.9,29.6,Tube Well,146.1,53.0,45.7,1.15,239.9
2015,West Bengal,Burdwan,Rice,Kharif,495.0,Alluvial,6.42,965.0,29.7,Rainfed,124.9,74.5,35.7,3.5,1732.5
2016,West Bengal,Burdwan,Rice,Kharif,150.8,Alluvial,6.44,1041.5,29.2,Canal/Flood,128.1,78.6,51.2,1.53,230.7
2017,West Bengal,Burdwan,Rice,Kharif,768.3,Alluvial,6.56,1065.4,28.8,Canal/Flood,95.8,52.1,34.5,1.53,1175.5
2018,West Bengal,Burdwan,Rice,Kharif,887.1,Alluvial,6.27,998.5,29.2,Tube Well,79.2,48.4,45.7,1.5,1330.7
2019,West Bengal,Burdwan,Rice,Kharif,569.0,Alluvial,6.41,1499.6,28.2,Canal/Flood,119.2,56.9,49.7,0.87,495.0
2020,West Bengal,Burdwan,Rice,Kharif,868.7,Alluvial,6.47,1307.5,28.1,Rainfed,95.1,46.5,38.2,3.3,2866.7
2021,West Bengal,Burdwan,Rice,Kharif,282.9,Alluvial,6.16,1156.4,30.3,Rainfed,111.7,43.5,42.6,3.09,874.2
2022,West Bengal,Burdwan,Rice,Kharif,121.4,Alluvial,6.53,930.3,31.3,Rainfed,78.4,66.6,38.7,2.59,314.4
2023,West Bengal,Burdwan,Rice,Kharif,166.8,Alluvial,6.55,1076.6,28.8,Rainfed,70.0,46.6,34.8,4.06,677.2
2024,West Bengal,Burdwan,Rice,Kharif,508.9,Alluvial,6.5,1474.3,29.8,Canal/Flood,125.3,63.9,22.5,0.77,391.9
2005,West Bengal,Burdwan,Rice,Summer,173.7,Alluvial,6.04,130.7,33.1,Canal/Flood,72.5,64.8,36.4,0.65,112.9
2006,West Bengal,Burdwan,Rice,Summer,417.8,Alluvial,6.35,132.0,32.5,Canal/Flood,124.2,69.2,39.0,0.98,409.4
2007,West Bengal,Burdwan,Rice,Summer,36.5,Alluvial,6.28,128.1,31.6,Tube Well,100.6,69.1,37.3,1.62,59.1
2008,West Bengal,Burdwan,Rice,Summer,178.2,Alluvial,6.52,115.1,31.9,Tube Well,87.0,48.6,40.9,1.43,254.8
2009,West Bengal,Burdwan,Rice,Summer,451.6,Alluvial,5.96,110.4,33.5,Rainfed,126.7,47.2,37.1,0.2,90.3
2010,West Bengal,Burdwan,Rice,Summer,283.1,Alluvial,6.3,146.6,32.3,Tube Well,145.0,64.3,34.6,1.17,331.2
2011,West Bengal,Burdwan,Rice,Summer,787.2,Alluvial,6.51,133.5,31.9,Tube Well,87.1,63.2,41.6,1.58,1243.8
2012,West Bengal,Burdwan,Rice,Summer,511.1,Alluvial,5.93,154.9,31.8,Tube Well,144.7,48.6,43.9,1.48,756.4
2013,West Bengal,Burdwan,Rice,Summer,387.8,Alluvial,6.4,119.9,32.3,Canal/Flood,96.4,58.5,37.6,0.97,376.2
2014,West Bengal,Burdwan,Rice,Summer,302.0,Alluvial,6.25,130.5,32.5,Canal/Flood,105.5,52.0,48.0,0.94,283.9
2015,West Bengal,Burdwan,Rice,Summer,335.1,Alluvial,5.94,85.1,32.7,Canal/Flood,101.2,43.6,42.8,0.65,217.8
2016,West Bengal,Burdwan,Rice,Summer,348.0,Alluvial,6.51,152.2,31.2,Rainfed,137.7,57.2,40.2,0.61,212.3
2017,West Bengal,Burdwan,Rice,Summer,319.7,Alluvial,6.28,160.4,31.8,Rainfed,111.5,57.6,48.3,0.52,166.2
2018,West Bengal,Burdwan,Rice,Summer,38.2,Alluvial,6.14,137.8,32.0,Canal/Flood,115.2,41.0,42.2,1.34,51.2
2019,West Bengal,Burdwan,Rice,Summer,430.7,Alluvial,6.17,145.5,31.8,Rainfed,111.6,67.9,44.5,0.49,211.0
2020,West Bengal,Burdwan,Rice,Summer,355.5,Alluvial,6.24,153.3,31.4,Tube Well,127.2,59.7,52.2,2.03,721.7
2021,West Bengal,Burdwan,Rice,Summer,180.4,Alluvial,6.33,135.9,31.3,Tube Well,111.0,66.4,39.9,1.94,350.0
2022,West Bengal,Burdwan,Rice,Summer,1079.8,Alluvial,6.17,127.1,33.7,Rainfed,101.5,48.5,35.0,0.21,226.8
2023,West Bengal,Burdwan,Rice,Summer,270.5,Alluvial,6.3,143.8,32.5,Rainfed,147.2,66.4,32.0,0.39,105.5
2024,West Bengal,Burdwan,Rice,Summer,342.0,Alluvial,6.09,148.0,32.3,Canal/Flood,125.0,51.5,32.7,1.0,342.0
2005,Andhra Pradesh,Guntur,Rice,Kharif,287.6,Black,7.49,577.3,29.7,Drip,108.3,52.3,40.8,2.12,609.7
2006,Andhra Pradesh,Guntur,Rice,Kharif,220.9,Black,7.13,455.7,29.9,Rainfed,129.8,46.6,33.6,0.5,110.5
2007,Andhra Pradesh,Guntur,Rice,Kharif,254.7,Black,7.23,577.6,30.2,Tube Well,136.2,55.5,31.9,2.43,618.9
2008,Andhra Pradesh,Guntur,Rice,Kharif,535.4,Black,7.36,569.5,29.8,Rainfed,114.4,77.3,45.8,0.49,262.3
2009,Andhra Pradesh,Guntur,Rice,Kharif,705.8,Black,7.52,520.8,30.9,Rainfed,131.2,64.6,40.3,0.45,317.6
2010,Andhra Pradesh,Guntur,Rice,Kharif,562.1,Black,7.44,550.9,29.3,Tube Well,107.3,57.6,29.6,2.68,1506.4
2011,Andhra Pradesh,Guntur,Rice,Kharif,169.2,Black,7.61,660.2,30.3,Tube Well,150.4,64.4,45.9,2.24,379.0
2012,Andhra Pradesh,Guntur,Rice,Kharif,134.4,Black,7.95,487.6,30.6,Canal/Flood,110.2,80.5,38.1,2.32,311.8
2013,Andhra Pradesh,Guntur,Rice,Kharif,578.1,Black,7.41,629.5,30.4,Drip,79.5,55.1,42.9,1.62,936.5
2014,Andhra Pradesh,Guntur,Rice,Kharif,198.8,Black,7.43,657.8,30.2,Rainfed,88.6,70.5,41.0,0.69,137.2
2015,Andhra Pradesh,Guntur,Rice,Kharif,105.1,Black,7.42,570.4,30.9,Rainfed,143.3,61.9,52.5,0.49,51.5
2016,Andhra Pradesh,Guntur,Rice,Kharif,137.6,Black,7.34,672.2,30.8,Tube Well,109.5,78.8,33.0,2.18,300.0
2017,Andhra Pradesh,Guntur,Rice,Kharif,308.1,Black,7.62,589.7,29.9,Rainfed,159.7,41.9,30.9,0.54,166.4
2018,Andhra Pradesh,Guntur,Rice,Kharif,637.6,Black,7.55,611.0,29.8,Tube Well,149.1,64.9,35.1,2.65,1689.6
2019,Andhra Pradesh,Guntur,Rice,Kharif,409.4,Black,7.46,824.7,28.7,Canal/Flood,135.5,28.3,49.6,2.12,867.9
2020,Andhra Pradesh,Guntur,Rice,Kharif,151.3,Black,7.7,872.1,31.0,Rainfed,112.0,60.0,37.7,1.55,234.5
2021,Andhra Pradesh,Guntur,Rice,Kharif,226.1,Black,7.63,564.3,29.8,Canal/Flood,77.0,74.0,38.5,2.58,583.3
2022,Andhra Pradesh,Guntur,Rice,Kharif,873.7,Black,7.4,576.9,32.7,Canal/Flood,113.8,67.2,39.8,1.27,1109.6
2023,Andhra Pradesh,Guntur,Rice,Kharif,752.3,Black,7.46,733.6,30.1,Rainfed,116.8,66.4,35.6,1.09,820.0
2024,Andhra Pradesh,Guntur,Rice,Kharif,719.6,Black,7.19,520.3,29.9,Tube Well,154.6,64.3,41.0,2.93,2108.4
2005,Andhra Pradesh,Guntur,Rice,Summer,120.1,Black,7.45,56.3,36.2,Canal/Flood,122.1,61.9,44.4,0.36,43.2
2006,Andhra Pradesh,Guntur,Rice,Summer,636.5,Black,7.42,47.5,34.4,Canal/Flood,121.1,58.3,29.8,0.29,184.6
2007,Andhra Pradesh,Guntur,Rice,Summer,940.4,Black,7.48,50.6,34.4,Canal/Flood,123.2,52.7,43.0,0.32,300.9
2008,Andhra Pradesh,Guntur,Rice,Summer,954.8,Black,7.3,51.4,34.6,Canal/Flood,107.3,75.3,32.2,0.32,305.5
2009,Andhra Pradesh,Guntur,Rice,Summer,836.0,Black,7.42,55.6,35.5,Tube Well,129.0,66.5,46.9,0.4,334.4
2010,Andhra Pradesh,Guntur,Rice,Summer,751.1,Black,7.58,49.2,34.2,Drip,156.8,59.6,40.0,0.56,420.6
2011,Andhra Pradesh,Guntur,Rice,Summer,230.8,Black,7.55,57.4,35.3,Rainfed,137.5,57.1,34.4,0.14,32.3
2012,Andhra Pradesh,Guntur,Rice,Summer,235.5,Black,7.95,48.7,35.2,Rainfed,113.1,61.5,46.1,0.14,33.0
2013,Andhra Pradesh,Guntur,Rice,Summer,480.9,Black,7.58,54.1,35.0,Tube Well,91.5,64.2,44.6,0.38,182.7
2014,Andhra Pradesh,Guntur,Rice,Summer,198.4,Black,7.4,39.9,35.4,Drip,107.2,46.2,31.9,0.57,113.1
2015,Andhra Pradesh,Guntur,Rice,Summer,271.3,Black,7.37,47.3,35.9,Rainfed,144.3,61.3,38.4,0.15,40.7
2016,Andhra Pradesh,Guntur,Rice,Summer,441.3,Black,7.43,57.3,34.4,Tube Well,118.7,57.1,60.2,0.4,176.5
2017,Andhra Pradesh,Guntur,Rice,Summer,371.1,Black,7.37,50.4,35.0,Canal/Flood,140.0,49.3,40.5,0.37,137.3
2018,Andhra Pradesh,Guntur,Rice,Summer,387.7,Black,7.76,45.3,35.4,Drip,129.0,57.8,50.3,0.64,248.1
2019,Andhra Pradesh,Guntur,Rice,Summer,301.6,Black,7.45,61.2,34.1,Rainfed,113.6,65.9,42.2,0.16,48.3
2020,Andhra Pradesh,Guntur,Rice,Summer,435.4,Black,7.39,62.3,34.3,Rainfed,84.3,71.2,37.5,0.15,65.3
2021,Andhra Pradesh,Guntur,Rice,Summer,506.6,Black,7.56,53.6,35.3,Tube Well,131.0,66.6,48.3,0.42,212.8
2022,Andhra Pradesh,Guntur,Rice,Summer,335.2,Black,7.38,47.4,38.1,Rainfed,137.6,57.9,32.8,0.16,53.6
2023,Andhra Pradesh,Guntur,Rice,Summer,336.2,Black,7.4,41.2,35.0,Drip,102.9,61.3,53.3,0.63,211.8
2024,Andhra Pradesh,Guntur,Rice,Summer,437.8,Black,7.67,53.8,34.2,Drip,91.9,66.9,35.3,0.64,280.2
2010,Madhya Pradesh,Indore,Rice,Kharif,648.5,Black,7.8,681.5,26.4,Tube Well,124.5,67.0,32.1,2.32,1504.5
2018,Madhya Pradesh,Indore,Rice,Kharif,250.5,Black,7.56,877.2,26.7,Tube Well,157.8,46.7,46.9,1.81,453.4
2022,Madhya Pradesh,Indore,Rice,Kharif,481.7,Black,7.38,956.3,30.0,Tube Well,127.0,51.0,26.6,1.23,592.5
2008,Madhya Pradesh,Indore,Rice,Summer,128.0,Black,7.42,22.4,32.6,Tube Well,113.5,64.6,40.3,0.54,69.1
2010,Madhya Pradesh,Indore,Rice,Summer,452.4,Black,7.63,18.0,34.1,Tube Well,157.7,64.7,37.2,0.36,162.9
2019,Madhya Pradesh,Indore,Rice,Summer,597.5,Black,7.6,30.3,32.2,Rainfed,102.0,33.8,42.5,0.27,161.3
2005,Haryana,Karnal,Rice,Kharif,177.2,Alluvial,7.65,551.3,29.9,Canal/Flood,119.6,41.9,32.3,2.33,412.9
2006,Haryana,Karnal,Rice,Kharif,603.8,Alluvial,7.26,486.6,30.7,Tube Well,89.0,39.3,47.0,2.07,1249.9
2007,Haryana,Karnal,Rice,Kharif,71.3,Alluvial,7.53,610.5,30.1,Tube Well,129.1,65.3,36.2,2.42,172.5
2008,Haryana,Karnal,Rice,Kharif,336.9,Alluvial,7.34,569.0,29.1,Tube Well,115.7,62.0,34.8,2.79,940.0
2009,Haryana,Karnal,Rice,Kharif,332.7,Alluvial,7.37,596.9,31.4,Canal/Flood,135.7,61.5,48.8,2.07,688.7
2010,Haryana,Karnal,Rice,Kharif,267.8,Alluvial,7.52,578.8,30.3,Tube Well,106.4,60.8,28.3,2.21,591.8
2011,Haryana,Karnal,Rice,Kharif,341.0,Alluvial,7.57,644.9,30.2,Canal/Flood,103.0,50.6,52.2,2.3,784.3
2012,Haryana,Karnal,Rice,Kharif,223.2,Alluvial,7.7,642.6,30.5,Tube Well,131.0,72.5,33.8,2.34,522.3
2013,Haryana,Karnal,Rice,Kharif,420.1,Alluvial,7.13,596.6,30.4,Canal/Flood,144.9,58.9,40.3,2.48,1041.8
2014,Haryana,Karnal,Rice,Kharif,383.0,Alluvial,7.29,590.7,31.7,Canal/Flood,182.9,46.2,32.2,2.06,789.0
2015,Haryana,Karnal,Rice,Kharif,269.4,Alluvial,7.35,488.4,31.0,Tube Well,126.5,59.5,45.7,2.35,633.1
2016,Haryana,Karnal,Rice,Kharif,388.3,Alluvial,7.12,478.7,30.5,Canal/Flood,167.2,49.6,38.8,2.6,1009.6
2017,Haryana,Karnal,Rice,Kharif,497.9,Alluvial,7.41,475.3,29.7,Canal/Flood,99.9,27.9,49.7,2.5,1244.8
2018,Haryana,Karnal,Rice,Kharif,327.6,Alluvial,7.46,637.4,30.7,Tube Well,129.0,34.3,38.3,2.22,727.3
2019,Haryana,Karnal,Rice,Kharif,254.6,Alluvial,7.74,721.0,31.3,Canal/Flood,119.9,81.1,50.7,1.79,455.7
2020,Haryana,Karnal,Rice,Kharif,243.1,Alluvial,7.6,755.6,30.3,Tube Well,139.9,69.8,37.8,2.05,498.4
2021,Haryana,Karnal,Rice,Kharif,528.3,Alluvial,7.27,628.4,31.0,Canal/Flood,90.4,56.7,49.3,2.08,1098.9
2022,Haryana,Karnal,Rice,Kharif,497.1,Alluvial,7.27,619.8,33.2,Canal/Flood,126.5,58.0,32.1,1.0,497.1
2023,Haryana,Karnal,Rice,Kharif,326.9,Alluvial,7.26,586.5,31.1,Tube Well,129.8,63.3,51.4,2.14,699.6
2024,Haryana,Karnal,Rice,Kharif,250.6,Alluvial,7.21,655.3,30.4,Canal/Flood,108.7,62.6,35.6,2.27,568.9
2005,Haryana,Karnal,Rice,Summer,439.2,Alluvial,7.89,47.0,33.3,Canal/Flood,133.5,50.7,32.3,0.41,180.1
2006,Haryana,Karnal,Rice,Summer,402.3,Alluvial,7.38,34.6,33.5,Tube Well,139.9,56.9,41.9,0.44,177.0
2007,Haryana,Karnal,Rice,Summer,676.1,Alluvial,7.43,39.4,33.1,Canal/Flood,108.2,57.1,52.0,0.45,304.2
2008,Haryana,Karnal,Rice,Summer,46.9,Alluvial,7.22,41.9,33.0,Canal/Flood,113.9,74.8,31.6,0.45,21.1
2009,Haryana,Karnal,Rice,Summer,473.4,Alluvial,7.36,28.5,33.6,Canal/Flood,114.6,66.8,40.3,0.35,165.7
2010,Haryana,Karnal,Rice,Summer,334.1,Alluvial,7.73,38.4,32.5,Tube Well,114.3,58.1,43.2,0.61,203.8
2011,Haryana,Karnal,Rice,Summer,257.8,Alluvial,7.53,42.8,33.4,Tube Well,104.4,50.3,37.1,0.48,123.7
2012,Haryana,Karnal,Rice,Summer,210.8,Alluvial,7.39,40.3,33.4,Canal/Flood,111.8,74.5,34.7,0.42,88.5
2013,Haryana,Karnal,Rice,Summer,391.7,Alluvial,7.58,43.2,33.8,Canal/Flood,146.4,81.7,41.8,0.38,148.8
2014,Haryana,Karnal,Rice,Summer,292.3,Alluvial,7.25,33.7,34.4,Canal/Flood,132.6,50.2,40.2,0.33,96.5
2015,Haryana,Karnal,Rice,Summer,398.7,Alluvial,7.17,30.1,34.9,Tube Well,96.5,61.9,46.1,0.36,143.5
2016,Haryana,Karnal,Rice,Summer,369.7,Alluvial,7.5,30.5,33.5,Canal/Flood,104.5,66.9,32.7,0.35,129.4
2017,Haryana,Karnal,Rice,Summer,1056.8,Alluvial,7.17,37.3,32.7,Tube Well,85.2,53.2,47.6,0.59,623.5
2018,Haryana,Karnal,Rice,Summer,335.0,Alluvial,7.62,39.4,33.4,Canal/Flood,120.3,63.5,47.2,0.45,150.8
2019,Haryana,Karnal,Rice,Summer,668.8,Alluvial,7.3,54.6,34.1,Canal/Flood,106.2,70.9,36.6,0.34,227.4
2020,Haryana,Karnal,Rice,Summer,389.5,Alluvial,7.31,42.4,33.0,Canal/Flood,150.2,84.0,40.6,0.54,210.3
2021,Haryana,Karnal,Rice,Summer,261.9,Alluvial,7.37,39.9,33.3,Canal/Flood,125.8,59.3,36.7,0.49,128.3
2022,Haryana,Karnal,Rice,Summer,208.0,Alluvial,7.4,46.1,35.4,Tube Well,149.4,68.3,38.7,0.41,85.3
2023,Haryana,Karnal,Rice,Summer,560.9,Alluvial,7.36,41.3,32.4,Canal/Flood,137.8,55.3,33.8,0.6,336.5
2024,Haryana,Karnal,Rice,Summer,839.1,Alluvial,7.29,35.6,34.2,Canal/Flood,103.6,40.8,41.9,0.33,276.9
2008,Rajasthan,Kota,Rice,Kharif,440.3,Clay Loam,7.76,574.3,30.7,Sprinkler,116.4,71.7,46.8,2.15,946.6
2012,Rajasthan,Kota,Rice,Kharif,652.5,Clay Loam,7.83,560.4,29.6,Canal/Flood,98.1,56.5,47.0,2.54,1657.4
2005,Punjab,Ludhiana,Rice,Kharif,754.9,Alluvial,7.42,614.6,30.9,Sprinkler,152.9,57.5,38.3,1.92,1449.4
2006,Punjab,Ludhiana,Rice,Kharif,409.9,Alluvial,7.25,600.6,31.6,Tube Well,127.4,75.5,44.1,1.9,778.8
2007,Punjab,Ludhiana,Rice,Kharif,428.4,Alluvial,7.46,492.8,31.2,Sprinkler,110.9,31.9,41.4,1.85,792.5
2008,Punjab,Ludhiana,Rice,Kharif,562.4,Alluvial,7.18,581.5,29.8,Canal/Flood,100.0,57.4,38.5,2.36,1327.3
2009,Punjab,Ludhiana,Rice,Kharif,280.7,Alluvial,6.95,368.2,32.6,Sprinkler,126.8,58.0,43.6,1.47,412.6
2010,Punjab,Ludhiana,Rice,Kharif,204.8,Alluvial,7.17,523.6,31.2,Tube Well,138.7,61.6,42.1,2.18,446.5
2011,Punjab,Ludhiana,Rice,Kharif,73.2,Alluvial,7.45,723.7,31.1,Tube Well,115.8,63.2,52.0,1.8,131.8
2012,Punjab,Ludhiana,Rice,Kharif,253.2,Alluvial,7.67,381.6,31.3,Sprinkler,123.2,44.7,35.4,1.91,483.6
2013,Punjab,Ludhiana,Rice,Kharif,382.1,Alluvial,7.48,559.1,30.8,Tube Well,147.9,64.6,41.0,2.28,871.2
2014,Punjab,Ludhiana,Rice,Kharif,697.0,Alluvial,7.42,502.5,32.8,Canal/Flood,126.6,55.7,35.8,1.15,801.5
2015,Punjab,Ludhiana,Rice,Kharif,975.9,Alluvial,7.28,441.8,33.0,Sprinkler,119.3,63.1,58.7,1.09,1063.7
2016,Punjab,Ludhiana,Rice,Kharif,432.7,Alluvial,7.15,617.4,30.4,Tube Well,121.3,61.9,26.9,2.43,1051.5
2017,Punjab,Ludhiana,Rice,Kharif,427.1,Alluvial,7.04,599.5,31.2,Canal/Flood,147.8,61.3,38.5,2.52,1076.3
2018,Punjab,Ludhiana,Rice,Kharif,467.9,Alluvial,7.13,476.1,31.7,Sprinkler,93.2,60.4,37.7,2.13,996.6
2019,Punjab,Ludhiana,Rice,Kharif,146.3,Alluvial,7.3,830.1,30.9,Canal/Flood,100.8,59.0,38.5,1.62,237.0
2020,Punjab,Ludhiana,Rice,Kharif,302.5,Alluvial,7.46,746.6,30.1,Sprinkler,113.9,66.6,41.1,1.8,544.5
2021,Punjab,Ludhiana,Rice,Kharif,224.9,Alluvial,7.33,657.5,31.1,Tube Well,116.6,52.2,48.1,2.12,476.8
2022,Punjab,Ludhiana,Rice,Kharif,267.0,Alluvial,7.14,506.3,32.1,Sprinkler,77.3,68.0,49.6,1.4,373.8
2023,Punjab,Ludhiana,Rice,Kharif,97.0,Alluvial,7.44,590.5,31.8,Canal/Flood,70.5,48.6,42.4,1.69,163.9
2024,Punjab,Ludhiana,Rice,Kharif,521.2,Alluvial,7.29,544.8,30.6,Tube Well,100.3,51.8,42.2,2.64,1376.0
2005,Punjab,Ludhiana,Rice,Summer,407.6,Alluvial,7.23,45.9,33.8,Tube Well,147.5,56.8,20.9,0.39,159.0
2006,Punjab,Ludhiana,Rice,Summer,476.0,Alluvial,7.15,41.4,34.2,Canal/Flood,166.3,47.2,42.2,0.33,157.1
2007,Punjab,Ludhiana,Rice,Summer,120.2,Alluvial,7.43,39.1,33.8,Sprinkler,138.3,56.8,39.5,0.52,62.5
2008,Punjab,Ludhiana,Rice,Summer,363.4,Alluvial,7.07,48.1,33.2,Canal/Flood,126.3,61.6,35.6,0.52,189.0
2009,Punjab,Ludhiana,Rice,Summer,622.0,Alluvial,7.15,34.3,34.8,Sprinkler,113.8,54.6,36.8,0.45,279.9
2010,Punjab,Ludhiana,Rice,Summer,271.9,Alluvial,7.25,33.7,34.8,Canal/Flood,81.0,62.9,40.9,0.3,81.6
2011,Punjab,Ludhiana,Rice,Summer,278.4,Alluvial,7.07,43.6,33.8,Canal/Flood,93.0,69.0,40.1,0.39,108.6
2012,Punjab,Ludhiana,Rice,Summer,195.2,Alluvial,7.09,52.3,32.4,Tube Well,123.2,76.5,31.9,0.7,136.6
2013,Punjab,Ludhiana,Rice,Summer,321.3,Alluvial,7.27,51.9,34.0,Canal/Flood,139.4,64.6,31.9,0.35,112.5
2014,Punjab,Ludhiana,Rice,Summer,320.0,Alluvial,7.42,49.2,35.3,Canal/Flood,127.7,52.9,38.6,0.34,108.8
2015,Punjab,Ludhiana,Rice,Summer,177.2,Alluvial,7.34,36.2,34.6,Canal/Flood,120.8,52.2,24.3,0.3,53.2
2016,Punjab,Ludhiana,Rice,Summer,258.8,Alluvial,7.26,46.7,33.9,Sprinkler,150.4,65.9,36.2,0.55,142.3
2017,Punjab,Ludhiana,Rice,Summer,350.8,Alluvial,7.19,48.2,33.5,Canal/Flood,74.9,56.8,32.2,0.37,129.8
2018,Punjab,Ludhiana,Rice,Summer,539.2,Alluvial,7.26,41.7,32.3,Canal/Flood,113.8,57.3,43.8,0.63,339.7
2019,Punjab,Ludhiana,Rice,Summer,163.1,Alluvial,7.5,52.9,34.5,Tube Well,160.6,79.8,29.4,0.41,66.9
2020,Punjab,Ludhiana,Rice,Summer,562.4,Alluvial,7.42,53.8,34.0,Sprinkler,119.2,73.5,35.9,0.56,314.9
2021,Punjab,Ludhiana,Rice,Summer,506.0,Alluvial,7.32,49.3,35.0,Canal/Flood,113.9,54.0,39.1,0.35,177.1
2022,Punjab,Ludhiana,Rice,Summer,514.6,Alluvial,7.4,34.9,36.5,Sprinkler,111.4,82.5,23.5,0.52,267.6
2023,Punjab,Ludhiana,Rice,Summer,555.3,Alluvial,7.64,44.9,34.8,Canal/Flood,125.6,31.3,42.1,0.33,183.2
2024,Punjab,Ludhiana,Rice,Summer,334.5,Alluvial,7.38,42.8,33.7,Canal/Flood,129.9,70.7,41.4,0.39,130.5
2005,Karnataka,Mandya,Rice,Kharif,357.8,Red,6.52,416.0,26.1,Drip,130.5,77.1,39.1,2.87,1026.9
2006,Karnataka,Mandya,Rice,Kharif,637.7,Red,6.43,446.8,25.8,Canal/Flood,100.1,77.4,37.7,2.91,1855.7
2007,Karnataka,Mandya,Rice,Kharif,316.7,Red,6.53,440.1,26.2,Rainfed,178.2,63.8,32.8,0.58,183.7
2008,Karnataka,Mandya,Rice,Kharif,853.7,Red,6.33,419.3,25.6,Drip,117.5,78.0,33.6,2.7,2305.0
2009,Karnataka,Mandya,Rice,Kharif,148.7,Red,6.31,475.3,26.4,Rainfed,110.5,73.9,40.1,0.64,95.2
2010,Karnataka,Mandya,Rice,Kharif,128.5,Red,6.38,519.8,25.4,Drip,140.7,30.7,38.9,2.25,289.1
2011,Karnataka,Mandya,Rice,Kharif,535.8,Red,6.72,568.6,26.0,Drip,97.2,71.6,47.5,2.4,1285.9
2012,Karnataka,Mandya,Rice,Kharif,360.3,Red,6.23,448.6,26.5,Rainfed,141.4,64.9,29.5,0.66,237.8
2013,Karnataka,Mandya,Rice,Kharif,377.4,Red,6.07,437.7,26.5,Canal/Flood,98.0,70.6,38.2,2.55,962.4
2014,Karnataka,Mandya,Rice,Kharif,657.5,Red,6.53,481.1,26.4,Drip,126.4,64.0,38.1,2.8,1841.0
2015,Karnataka,Mandya,Rice,Kharif,117.1,Red,6.38,323.7,27.0,Rainfed,144.0,77.3,44.9,0.75,87.8
2016,Karnataka,Mandya,Rice,Kharif,311.1,Red,6.6,317.7,26.1,Drip,113.0,74.8,47.4,3.13,973.7
2017,Karnataka,Mandya,Rice,Kharif,204.8,Red,6.52,531.4,25.5,Canal/Flood,103.1,56.6,39.7,2.77,567.3
2018,Karnataka,Mandya,Rice,Kharif,266.3,Red,6.34,488.0,25.0,Rainfed,94.9,58.7,46.8,0.51,135.8
2019,Karnataka,Mandya,Rice,Kharif,396.2,Red,6.6,580.4,24.4,Drip,88.6,51.3,46.4,1.92,760.7
2020,Karnataka,Mandya,Rice,Kharif,381.4,Red,6.44,610.9,25.3,Canal/Flood,139.5,44.6,25.8,2.79,1064.1
2021,Karnataka,Mandya,Rice,Kharif,265.0,Red,6.39,457.9,26.2,Canal/Flood,88.0,63.0,55.9,3.37,893.1
2022,Karnataka,Mandya,Rice,Kharif,524.4,Red,6.64,553.9,28.5,Drip,143.3,56.4,40.5,3.13,1641.4
2023,Karnataka,Mandya,Rice,Kharif,568.7,Red,6.52,381.6,25.3,Drip,59.3,53.6,50.1,2.53,1438.8
2024,Karnataka,Mandya,Rice,Kharif,579.8,Red,6.74,416.8,26.2,Rainfed,99.3,64.9,34.0,0.66,382.7
2005,Karnataka,Mandya,Rice,Summer,786.1,Red,6.51,88.2,29.5,Rainfed,92.1,46.0,37.6,0.54,424.5
2006,Karnataka,Mandya,Rice,Summer,541.9,Red,6.17,118.6,30.6,Canal/Flood,105.1,75.9,37.5,1.4,758.7
2007,Karnataka,Mandya,Rice,Summer,433.3,Red,6.47,101.2,29.2,Canal/Flood,71.7,37.1,35.6,1.58,684.6
2008,Karnataka,Mandya,Rice,Summer,465.7,Red,6.49,114.8,28.5,Canal/Flood,120.4,65.1,30.2,1.79,833.6
2009,Karnataka,Mandya,Rice,Summer,1047.1,Red,6.51,84.0,30.6,Rainfed,97.9,62.7,32.8,0.52,544.5
2010,Karnataka,Mandya,Rice,Summer,300.4,Red,6.31,119.8,28.9,Rainfed,111.3,60.9,46.6,0.62,186.2
2011,Karnataka,Mandya,Rice,Summer,634.0,Red,6.6,99.6,29.9,Canal/Flood,93.6,81.4,36.8,1.6,1014.4
2012,Karnataka,Mandya,Rice,Summer,136.9,Red,6.4,102.2,29.3,Drip,123.3,43.2,55.9,2.8,383.3
2013,Karnataka,Mandya,Rice,Summer,462.9,Red,6.55,91.4,28.1,Drip,144.8,43.0,42.9,2.83,1310.0
2014,Karnataka,Mandya,Rice,Summer,505.3,Red,6.15,124.7,28.9,Drip,114.7,43.6,40.3,2.63,1328.9
2015,Karnataka,Mandya,Rice,Summer,231.8,Red,6.32,87.6,29.8,Drip,127.1,66.0,30.4,2.68,621.2
2016,Karnataka,Mandya,Rice,Summer,287.8,Red,6.26,135.4,28.6,Canal/Flood,82.4,71.6,37.5,2.05,590.0
2017,Karnataka,Mandya,Rice,Summer,166.5,Red,6.2,109.2,28.0,Canal/Flood,106.0,59.1,50.0,1.87,311.4
2018,Karnataka,Mandya,Rice,Summer,431.7,Red,6.58,106.0,29.4,Drip,135.0,48.9,49.2,2.99,1290.8
2019,Karnataka,Mandya,Rice,Summer,304.4,Red,6.36,114.3,28.9,Drip,78.8,57.8,29.5,3.09,940.6
2020,Karnataka,Mandya,Rice,Summer,186.5,Red,6.5,117.9,28.6,Rainfed,146.6,65.2,35.3,0.76,141.7
2021,Karnataka,Mandya,Rice,Summer,740.3,Red,6.35,100.9,29.0,Rainfed,150.7,62.2,30.0,0.71,525.6
2022,Karnataka,Mandya,Rice,Summer,405.8,Red,6.46,96.8,30.3,Drip,140.0,60.0,47.4,2.84,1152.5
2023,Karnataka,Mandya,Rice,Summer,389.5,Red,6.68,102.7,28.7,Drip,114.5,45.7,50.3,3.14,1223.0
2024,Karnataka,Mandya,Rice,Summer,749.9,Red,6.65,102.2,28.5,Rainfed,128.0,47.2,34.2,0.73,547.4
2007,Maharashtra,Nashik,Rice,Kharif,515.9,Black,7.47,939.9,26.2,Canal/Flood,129.9,75.7,45.1,1.35,696.5
2013,Maharashtra,Nashik,Rice,Summer,269.6,Black,7.13,21.4,30.7,Canal/Flood,149.3,50.4,39.8,1.0,269.6
2005,Bihar,Patna,Rice,Kharif,326.1,Alluvial,7.53,991.8,28.9,Rainfed,96.9,43.5,35.0,2.33,759.8
2006,Bihar,Patna,Rice,Kharif,228.6,Alluvial,7.37,1077.1,29.6,Tube Well,146.7,61.0,41.4,0.78,178.3
2007,Bihar,Patna,Rice,Kharif,157.9,Alluvial,7.09,1066.7,29.2,Canal/Flood,129.8,55.0,35.0,0.95,150.0
2008,Bihar,Patna,Rice,Kharif,343.8,Alluvial,7.09,775.7,28.0,Tube Well,135.8,57.9,36.7,2.14,735.7
2009,Bihar,Patna,Rice,Kharif,263.5,Alluvial,7.01,624.7,29.7,Canal/Flood,134.8,59.4,32.9,3.02,795.8
2010,Bihar,Patna,Rice,Kharif,298.6,Alluvial,7.32,908.1,29.7,Rainfed,150.3,56.7,49.7,2.25,671.9
2011,Bihar,Patna,Rice,Kharif,474.0,Alluvial,7.08,993.2,27.8,Rainfed,91.3,62.5,37.0,2.78,1317.7
2012,Bihar,Patna,Rice,Kharif,687.6,Alluvial,7.16,878.5,29.1,Canal/Flood,80.3,63.1,49.0,1.72,1182.7
2013,Bihar,Patna,Rice,Kharif,755.2,Alluvial,7.4,1072.4,29.0,Tube Well,111.1,52.3,47.9,0.89,672.1
2014,Bihar,Patna,Rice,Kharif,412.0,Alluvial,7.22,893.9,30.4,Canal/Flood,154.5,62.3,29.8,1.55,638.6
2015,Bihar,Patna,Rice,Kharif,672.1,Alluvial,7.25,713.5,30.4,Canal/Flood,149.5,68.0,43.9,2.19,1471.9
2016,Bihar,Patna,Rice,Kharif,218.2,Alluvial,7.0,1011.2,27.8,Rainfed,144.6,65.2,33.0,3.48,759.3
2017,Bihar,Patna,Rice,Kharif,672.4,Alluvial,7.17,936.6,29.7,Canal/Flood,109.7,61.9,45.3,1.52,1022.0
2018,Bihar,Patna,Rice,Kharif,96.5,Alluvial,7.19,787.9,31.0,Tube Well,143.9,70.9,30.9,1.54,148.6
2019,Bihar,Patna,Rice,Kharif,177.0,Alluvial,7.12,1134.3,28.7,Rainfed,134.0,69.3,44.6,3.14,555.8
2020,Bihar,Patna,Rice,Kharif,678.2,Alluvial,7.19,1140.7,28.9,Canal/Flood,104.5,70.0,25.5,0.72,488.3
2021,Bihar,Patna,Rice,Kharif,479.6,Alluvial,7.11,750.4,28.6,Tube Well,122.0,38.7,40.4,2.42,1160.6
2022,Bihar,Patna,Rice,Kharif,524.5,Alluvial,7.5,718.4,30.7,Rainfed,85.2,63.9,45.0,0.87,456.3
2023,Bihar,Patna,Rice,Kharif,105.3,Alluvial,7.3,996.2,28.8,Canal/Flood,119.2,51.4,35.0,1.34,141.1
2024,Bihar,Patna,Rice,Kharif,260.6,Alluvial,6.92,1020.9,29.6,Canal/Flood,126.8,52.8,29.9,1.44,375.3
2005,Bihar,Patna,Rice,Summer,375.3,Alluvial,7.31,50.7,34.0,Canal/Flood,142.7,54.2,49.5,0.34,127.6
2006,Bihar,Patna,Rice,Summer,217.2,Alluvial,7.07,52.4,33.4,Canal/Flood,102.8,78.1,39.2,0.45,97.7
2007,Bihar,Patna,Rice,Summer,590.5,Alluvial,7.37,56.3,33.6,Canal/Flood,120.3,91.0,28.0,0.38,224.4
2008,Bihar,Patna,Rice,Summer,609.1,Alluvial,7.13,57.8,34.2,Rainfed,106.7,66.2,38.9,0.15,91.4
2009,Bihar,Patna,Rice,Summer,259.5,Alluvial,7.52,36.6,34.1,Rainfed,138.6,57.3,44.8,0.15,38.9
2010,Bihar,Patna,Rice,Summer,114.5,Alluvial,7.14,50.6,33.6,Tube Well,85.5,60.4,39.2,0.44,50.4
2011,Bihar,Patna,Rice,Summer,477.9,Alluvial,7.01,60.0,33.6,Canal/Flood,158.9,56.3,38.0,0.52,248.5
2012,Bihar,Patna,Rice,Summer,331.3,Alluvial,7.09,57.2,33.3,Tube Well,109.5,70.2,45.1,0.61,202.1
2013,Bihar,Patna,Rice,Summer,385.2,Alluvial,6.88,51.4,32.9,Rainfed,110.4,54.6,43.8,0.27,104.0
2014,Bihar,Patna,Rice,Summer,140.4,Alluvial,7.42,45.1,33.7,Rainfed,157.6,56.2,34.4,0.18,25.3
2015,Bihar,Patna,Rice,Summer,206.2,Alluvial,7.23,42.6,33.5,Rainfed,106.9,66.8,33.6,0.17,35.1
2016,Bihar,Patna,Rice,Summer,575.2,Alluvial,7.24,56.5,33.4,Tube Well,136.8,68.3,46.2,0.55,316.4
2017,Bihar,Patna,Rice,Summer,365.2,Alluvial,7.11,66.5,34.1,Tube Well,123.7,35.6,44.6,0.46,168.0
2018,Bihar,Patna,Rice,Summer,156.5,Alluvial,7.33,51.5,33.5,Tube Well,163.4,55.9,33.8,0.53,82.9
2019,Bihar,Patna,Rice,Summer,210.9,Alluvial,7.2,72.0,33.1,Canal/Flood,140.0,57.9,46.0,0.53,111.8
2020,Bihar,Patna,Rice,Summer,176.3,Alluvial,7.2,71.2,33.1,Canal/Flood,140.1,76.8,37.7,0.58,102.3
2021,Bihar,Patna,Rice,Summer,752.6,Alluvial,7.18,64.2,34.5,Tube Well,138.5,53.8,36.6,0.42,316.1
2022,Bihar,Patna,Rice,Summer,292.3,Alluvial,7.48,49.0,35.9,Rainfed,109.7,56.7,41.3,0.16,46.8
2023,Bihar,Patna,Rice,Summer,227.2,Alluvial,7.17,54.3,34.3,Tube Well,124.4,53.8,37.2,0.43,97.7
2024,Bihar,Patna,Rice,Summer,230.3,Alluvial,7.22,49.9,32.3,Rainfed,130.1,67.3,32.6,0.27,62.2
2006,Gujarat,Rajkot,Rice,Kharif,280.5,Sandy Loam,7.73,619.0,28.3,Tube Well,114.4,77.3,44.0,2.19,614.3
2010,Gujarat,Rajkot,Rice,Kharif,404.4,Sandy Loam,7.61,595.9,29.9,Tube Well,129.5,58.9,27.0,2.09,845.2
2011,Gujarat,Rajkot,Rice,Kharif,309.4,Sandy Loam,8.11,533.3,28.7,Rainfed,171.9,70.0,50.7,0.48,148.5
2005,Gujarat,Rajkot,Rice,Summer,517.7,Sandy Loam,7.69,10.0,32.7,Tube Well,145.7,56.0,31.6,0.46,238.1
2021,Gujarat,Rajkot,Rice,Summer,491.3,Sandy Loam,7.74,10.0,32.4,Rainfed,117.7,63.4,51.3,0.24,117.9
2005,Tamil Nadu,Thanjavur,Rice,Kharif,179.8,Clay Loam,6.95,351.4,29.7,Tube Well,98.7,60.3,47.0,2.84,510.6
2006,Tamil Nadu,Thanjavur,Rice,Kharif,621.0,Clay Loam,6.69,350.5,31.0,Rainfed,133.0,52.3,36.3,0.56,347.8
2007,Tamil Nadu,Thanjavur,Rice,Kharif,676.4,Clay Loam,7.07,356.9,30.4,Canal/Flood,162.4,60.0,47.3,2.48,1677.5
2008,Tamil Nadu,Thanjavur,Rice,Kharif,215.1,Clay Loam,6.87,361.9,31.7,Tube Well,99.1,56.6,35.6,2.25,484.0
2009,Tamil Nadu,Thanjavur,Rice,Kharif,138.2,Clay Loam,6.67,279.4,32.1,Canal/Flood,157.8,71.2,34.7,1.61,222.5
2010,Tamil Nadu,Thanjavur,Rice,Kharif,445.7,Clay Loam,6.91,412.2,31.1,Canal/Flood,96.2,61.9,34.7,2.37,1056.3
2011,Tamil Nadu,Thanjavur,Rice,Kharif,458.7,Clay Loam,6.73,432.7,32.4,Canal/Flood,92.1,55.6,40.1,1.48,678.9
2012,Tamil Nadu,Thanjavur,Rice,Kharif,180.8,Clay Loam,6.47,385.9,30.6,Rainfed,103.1,61.4,33.8,0.65,117.5
2013,Tamil Nadu,Thanjavur,Rice,Kharif,285.3,Clay Loam,6.84,358.8,31.5,Rainfed,90.3,71.2,39.1,0.49,139.8
2014,Tamil Nadu,Thanjavur,Rice,Kharif,546.7,Clay Loam,6.29,342.8,31.8,Rainfed,114.2,64.8,42.6,0.5,273.4
2015,Tamil Nadu,Thanjavur,Rice,Kharif,505.5,Clay Loam,6.91,252.8,32.3,Canal/Flood,84.1,76.7,43.7,1.24,626.8
2016,Tamil Nadu,Thanjavur,Rice,Kharif,410.5,Clay Loam,6.61,442.6,31.3,Canal/Flood,98.1,53.5,42.8,2.7,1108.4
2017,Tamil Nadu,Thanjavur,Rice,Kharif,302.1,Clay Loam,6.86,381.8,30.6,Rainfed,129.0,60.9,41.3,0.62,187.3
2018,Tamil Nadu,Thanjavur,Rice,Kharif,143.3,Clay Loam,7.01,389.0,31.2,Rainfed,117.9,68.1,44.9,0.49,70.2
2019,Tamil Nadu,Thanjavur,Rice,Kharif,311.3,Clay Loam,6.91,474.0,30.3,Tube Well,95.3,52.7,47.2,3.24,1008.6
2020,Tamil Nadu,Thanjavur,Rice,Kharif,482.2,Clay Loam,6.32,447.6,31.3,Tube Well,128.1,56.1,50.0,3.02,1456.2
2021,Tamil Nadu,Thanjavur,Rice,Kharif,278.6,Clay Loam,6.82,353.1,30.6,Tube Well,114.6,69.6,38.0,2.93,816.3
2022,Tamil Nadu,Thanjavur,Rice,Kharif,358.7,Clay Loam,6.9,322.3,33.7,Canal/Flood,82.7,56.6,39.0,0.92,330.0
2023,Tamil Nadu,Thanjavur,Rice,Kharif,262.8,Clay Loam,6.87,322.8,30.0,Tube Well,126.3,41.3,42.6,3.15,827.8
2024,Tamil Nadu,Thanjavur,Rice,Kharif,413.0,Clay Loam,6.67,404.6,30.0,Canal/Flood,106.5,51.1,37.2,3.41,1408.3
2005,Tamil Nadu,Thanjavur,Rice,Summer,278.6,Clay Loam,6.62,87.3,32.7,Tube Well,126.0,30.4,36.7,0.88,245.2
2006,Tamil Nadu,Thanjavur,Rice,Summer,406.0,Clay Loam,6.9,91.4,34.6,Rainfed,127.0,62.1,37.5,0.17,69.0
2007,Tamil Nadu,Thanjavur,Rice,Summer,152.4,Clay Loam,6.79,77.5,32.9,Rainfed,130.4,69.4,35.3,0.27,41.1
2008,Tamil Nadu,Thanjavur,Rice,Summer,294.0,Clay Loam,6.87,81.7,33.9,Tube Well,108.3,71.5,48.3,0.6,176.4
2009,Tamil Nadu,Thanjavur,Rice,Summer,761.5,Clay Loam,6.99,67.8,33.3,Tube Well,130.5,52.1,39.0,0.64,487.4
2010,Tamil Nadu,Thanjavur,Rice,Summer,801.1,Clay Loam,6.96,76.4,31.8,Rainfed,91.6,40.9,37.4,0.4,320.4
2011,Tamil Nadu,Thanjavur,Rice,Summer,102.6,Clay Loam,6.96,78.6,32.6,Tube Well,121.7,62.0,34.0,0.84,86.2
2012,Tamil Nadu,Thanjavur,Rice,Summer,162.5,Clay Loam,6.84,83.0,32.5,Tube Well,90.0,58.7,44.4,0.85,138.1
2013,Tamil Nadu,Thanjavur,Rice,Summer,257.5,Clay Loam,6.71,78.4,33.7,Tube Well,125.8,62.3,39.7,0.69,177.7
2014,Tamil Nadu,Thanjavur,Rice,Summer,394.9,Clay Loam,6.86,69.6,34.3,Rainfed,130.8,65.4,46.4,0.2,79.0
2015,Tamil Nadu,Thanjavur,Rice,Summer,336.4,Clay Loam,6.79,50.5,34.0,Rainfed,135.7,58.0,32.5,0.2,67.3
2016,Tamil Nadu,Thanjavur,Rice,Summer,101.2,Clay Loam,6.77,84.9,32.5,Canal/Flood,110.1,55.7,60.0,0.88,89.1
2017,Tamil Nadu,Thanjavur,Rice,Summer,503.0,Clay Loam,6.47,71.5,33.6,Canal/Flood,154.9,56.3,34.4,0.68,342.0
2018,Tamil Nadu,Thanjavur,Rice,Summer,20.5,Clay Loam,6.61,76.7,33.5,Tube Well,128.4,50.9,36.3,0.82,16.8
2019,Tamil Nadu,Thanjavur,Rice,Summer,297.3,Clay Loam,6.84,105.8,31.7,Rainfed,167.7,52.3,35.1,0.49,145.7
2020,Tamil Nadu,Thanjavur,Rice,Summer,1406.2,Clay Loam,7.15,99.6,33.8,Tube Well,117.2,49.5,38.1,0.49,689.0
2021,Tamil Nadu,Thanjavur,Rice,Summer,470.3,Clay Loam,6.72,79.7,33.2,Rainfed,137.7,48.4,37.0,0.28,131.7
2022,Tamil Nadu,Thanjavur,Rice,Summer,381.7,Clay Loam,6.37,69.9,34.6,Canal/Flood,116.1,76.4,45.3,0.53,202.3
2023,Tamil Nadu,Thanjavur,Rice,Summer,677.8,Clay Loam,6.34,73.3,32.6,Tube Well,132.2,57.3,39.2,1.05,711.7
2024,Tamil Nadu,Thanjavur,Rice,Summer,371.1,Clay Loam,7.0,77.9,32.9,Rainfed,149.0,65.1,48.9,0.29,107.6
2005,Uttar Pradesh,Varanasi,Rice,Kharif,147.7,Alluvial,6.83,958.2,29.0,Rainfed,110.4,69.2,41.5,3.15,465.3
2006,Uttar Pradesh,Varanasi,Rice,Kharif,523.5,Alluvial,7.1,855.0,29.5,Canal/Flood,143.5,65.1,39.8,1.89,989.4
2007,Uttar Pradesh,Varanasi,Rice,Kharif,139.1,Alluvial,7.15,987.0,30.1,Tube Well,131.9,63.7,42.8,1.04,144.7
2008,Uttar Pradesh,Varanasi,Rice,Kharif,110.8,Alluvial,6.85,1151.4,28.7,Rainfed,127.3,73.0,35.5,3.65,404.4
2009,Uttar Pradesh,Varanasi,Rice,Kharif,186.0,Alluvial,7.2,689.7,30.8,Canal/Flood,63.4,46.7,46.9,1.77,329.2
2010,Uttar Pradesh,Varanasi,Rice,Kharif,311.2,Alluvial,7.44,920.0,29.9,Rainfed,73.0,59.3,48.6,1.74,541.5
2011,Uttar Pradesh,Varanasi,Rice,Kharif,172.2,Alluvial,7.23,836.8,29.6,Canal/Flood,126.6,54.6,52.3,1.88,323.7
2012,Uttar Pradesh,Varanasi,Rice,Kharif,346.9,Alluvial,6.93,1010.4,28.4,Canal/Flood,52.2,58.5,31.8,1.25,433.6
2013,Uttar Pradesh,Varanasi,Rice,Kharif,264.3,Alluvial,7.24,998.0,29.1,Rainfed,120.0,58.1,41.8,2.54,671.3
2014,Uttar Pradesh,Varanasi,Rice,Kharif,444.6,Alluvial,7.17,682.5,30.8,Tube Well,110.8,58.7,38.9,2.01,893.6
2015,Uttar Pradesh,Varanasi,Rice,Kharif,386.2,Alluvial,7.38,899.8,30.2,Tube Well,106.1,38.1,42.9,1.3,502.1
2016,Uttar Pradesh,Varanasi,Rice,Kharif,647.9,Alluvial,7.24,842.4,29.2,Rainfed,134.5,43.4,35.7,1.85,1198.6
2017,Uttar Pradesh,Varanasi,Rice,Kharif,417.2,Alluvial,7.13,817.2,29.9,Rainfed,141.5,70.3,42.0,1.83,763.5
2018,Uttar Pradesh,Varanasi,Rice,Kharif,96.6,Alluvial,7.31,887.8,28.0,Rainfed,92.9,48.5,36.8,2.17,209.6
2019,Uttar Pradesh,Varanasi,Rice,Kharif,347.6,Alluvial,7.19,1134.9,29.7,Tube Well,143.1,44.3,37.1,0.63,219.0
2020,Uttar Pradesh,Varanasi,Rice,Kharif,204.4,Alluvial,6.74,1043.5,29.6,Rainfed,109.6,47.2,45.0,3.46,707.2
2021,Uttar Pradesh,Varanasi,Rice,Kharif,193.1,Alluvial,7.28,845.5,28.8,Rainfed,130.5,67.3,46.4,2.04,393.9
2022,Uttar Pradesh,Varanasi,Rice,Kharif,211.6,Alluvial,7.11,793.1,32.1,Rainfed,128.4,56.5,37.4,0.89,188.3
2023,Uttar Pradesh,Varanasi,Rice,Kharif,379.3,Alluvial,7.2,880.0,30.4,Canal/Flood,93.6,56.0,37.0,1.65,625.8
2024,Uttar Pradesh,Varanasi,Rice,Kharif,182.8,Alluvial,7.14,749.6,30.4,Rainfed,157.9,61.7,44.2,1.35,246.8
2005,Uttar Pradesh,Varanasi,Rice,Summer,952.7,Alluvial,7.12,35.3,34.4,Tube Well,79.0,73.8,35.6,0.35,333.4
2006,Uttar Pradesh,Varanasi,Rice,Summer,129.4,Alluvial,7.31,30.6,34.3,Canal/Flood,135.5,70.8,34.6,0.32,41.4
2007,Uttar Pradesh,Varanasi,Rice,Summer,352.1,Alluvial,7.2,37.0,34.3,Canal/Flood,114.5,58.6,42.4,0.28,98.6
2008,Uttar Pradesh,Varanasi,Rice,Summer,509.3,Alluvial,6.84,38.8,34.0,Canal/Flood,105.2,40.8,49.3,0.38,193.5
2009,Uttar Pradesh,Varanasi,Rice,Summer,221.5,Alluvial,7.0,25.6,34.9,Canal/Flood,126.4,43.8,49.2,0.36,79.7
2010,Uttar Pradesh,Varanasi,Rice,Summer,220.1,Alluvial,7.16,39.5,32.5,Tube Well,165.2,59.6,25.7,0.64,140.9
2011,Uttar Pradesh,Varanasi,Rice,Summer,927.8,Alluvial,7.09,33.7,34.2,Rainfed,101.6,73.9,40.4,0.14,129.9
2012,Uttar Pradesh,Varanasi,Rice,Summer,201.3,Alluvial,7.06,28.8,34.4,Canal/Flood,116.3,49.9,41.7,0.34,68.4
2013,Uttar Pradesh,Varanasi,Rice,Summer,546.0,Alluvial,7.09,32.4,33.6,Tube Well,100.7,72.9,30.7,0.45,245.7
2014,Uttar Pradesh,Varanasi,Rice,Summer,346.1,Alluvial,7.38,28.0,34.0,Tube Well,109.0,53.5,33.6,0.38,131.5
2015,Uttar Pradesh,Varanasi,Rice,Summer,200.6,Alluvial,6.67,26.9,34.9,Canal/Flood,96.2,53.2,48.7,0.43,86.3
2016,Uttar Pradesh,Varanasi,Rice,Summer,404.7,Alluvial,7.1,33.6,34.2,Tube Well,119.8,65.5,35.3,0.41,165.9
2017,Uttar Pradesh,Varanasi,Rice,Summer,211.9,Alluvial,7.08,37.9,34.7,Canal/Flood,79.6,59.2,32.9,0.32,67.8
2018,Uttar Pradesh,Varanasi,Rice,Summer,460.5,Alluvial,7.33,34.4,33.3,Rainfed,108.6,52.5,27.1,0.18,82.9
2019,Uttar Pradesh,Varanasi,Rice,Summer,710.1,Alluvial,7.17,54.1,33.4,Tube Well,105.9,56.0,43.8,0.54,383.5
2020,Uttar Pradesh,Varanasi,Rice,Summer,344.2,Alluvial,7.19,33.5,33.6,Canal/Flood,128.7,79.4,33.9,0.4,137.7
2021,Uttar Pradesh,Varanasi,Rice,Summer,918.1,Alluvial,7.27,34.3,34.2,Rainfed,140.0,62.5,38.8,0.16,146.9
2022,Uttar Pradesh,Varanasi,Rice,Summer,165.8,Alluvial,7.21,33.8,36.3,Tube Well,102.4,78.2,40.1,0.39,64.7
2023,Uttar Pradesh,Varanasi,Rice,Summer,529.5,Alluvial,7.33,29.8,34.0,Canal/Flood,157.6,56.6,28.0,0.35,185.3
2024,Uttar Pradesh,Varanasi,Rice,Summer,234.9,Alluvial,7.14,32.7,32.6,Canal/Flood,111.3,68.8,38.0,0.56,131.5
2011,West Bengal,Burdwan,Soybean,Kharif,383.4,Alluvial,6.15,1204.7,29.1,Tube Well,31.0,65.3,39.6,0.17,65.2
2022,West Bengal,Burdwan,Soybean,Kharif,577.1,Alluvial,6.53,930.3,31.3,Canal/Flood,37.5,79.5,37.9,0.11,63.5
2005,Andhra Pradesh,Guntur,Soybean,Kharif,383.2,Black,7.49,577.3,29.7,Tube Well,33.6,80.3,33.2,0.46,176.3
2006,Andhra Pradesh,Guntur,Soybean,Kharif,544.4,Black,7.13,455.7,29.9,Drip,36.7,76.4,28.6,0.69,375.6
2007,Andhra Pradesh,Guntur,Soybean,Kharif,292.1,Black,7.23,577.6,30.2,Tube Well,40.5,88.6,35.7,0.5,146.1
2008,Andhra Pradesh,Guntur,Soybean,Kharif,380.2,Black,7.36,569.5,29.8,Drip,31.6,71.6,45.1,0.31,117.9
2009,Andhra Pradesh,Guntur,Soybean,Kharif,1315.1,Black,7.52,520.8,30.9,Canal/Flood,29.5,69.9,41.0,0.35,460.3
2010,Andhra Pradesh,Guntur,Soybean,Kharif,631.2,Black,7.44,550.9,29.3,Rainfed,37.9,52.0,36.6,0.73,460.8
2011,Andhra Pradesh,Guntur,Soybean,Kharif,116.6,Black,7.61,660.2,30.3,Canal/Flood,32.9,55.2,41.5,0.26,30.3
2012,Andhra Pradesh,Guntur,Soybean,Kharif,656.8,Black,7.95,487.6,30.6,Canal/Flood,30.4,66.8,36.4,0.47,308.7
2013,Andhra Pradesh,Guntur,Soybean,Kharif,308.8,Black,7.41,629.5,30.4,Canal/Flood,29.8,79.3,29.5,0.32,98.8
2014,Andhra Pradesh,Guntur,Soybean,Kharif,754.6,Black,7.43,657.8,30.2,Canal/Flood,40.0,95.3,48.9,0.33,249.0
2015,Andhra Pradesh,Guntur,Soybean,Kharif,235.5,Black,7.42,570.4,30.9,Rainfed,32.6,73.3,45.7,0.48,113.0
2016,Andhra Pradesh,Guntur,Soybean,Kharif,252.3,Black,7.34,672.2,30.8,Canal/Flood,40.6,56.9,31.4,0.2,50.5
2017,Andhra Pradesh,Guntur,Soybean,Kharif,870.7,Black,7.62,589.7,29.9,Canal/Flood,26.8,88.4,48.7,0.48,417.9
2018,Andhra Pradesh,Guntur,Soybean,Kharif,298.1,Black,7.55,611.0,29.8,Drip,15.5,64.4,39.8,0.2,59.6
2019,Andhra Pradesh,Guntur,Soybean,Kharif,294.0,Black,7.46,824.7,28.7,Canal/Flood,36.6,79.0,35.8,0.28,82.3
2020,Andhra Pradesh,Guntur,Soybean,Kharif,576.2,Black,7.7,872.1,31.0,Tube Well,29.9,72.7,40.8,0.12,69.1
2021,Andhra Pradesh,Guntur,Soybean,Kharif,304.2,Black,7.63,564.3,29.8,Tube Well,33.8,69.0,37.3,0.52,158.2
2022,Andhra Pradesh,Guntur,Soybean,Kharif,406.7,Black,7.4,576.9,32.7,Drip,46.1,58.6,51.9,0.13,52.9
2023,Andhra Pradesh,Guntur,Soybean,Kharif,612.4,Black,7.46,733.6,30.1,Drip,44.3,67.1,34.3,0.2,122.5
2024,Andhra Pradesh,Guntur,Soybean,Kharif,523.9,Black,7.19,520.3,29.9,Rainfed,31.5,73.8,36.5,0.68,356.3
2005,Madhya Pradesh,Indore,Soybean,Kharif,297.0,Black,7.77,786.5,26.8,Tube Well,43.0,62.5,43.9,0.32,95.0
2006,Madhya Pradesh,Indore,Soybean,Kharif,249.2,Black,7.65,944.6,27.0,Tube Well,26.9,77.3,41.1,0.29,72.3
2007,Madhya Pradesh,Indore,Soybean,Kharif,236.6,Black,7.71,899.2,27.3,Sprinkler,50.3,75.5,30.1,0.31,73.3
2008,Madhya Pradesh,Indore,Soybean,Kharif,411.8,Black,7.6,696.2,26.3,Tube Well,37.8,59.6,41.1,0.35,144.1
2009,Madhya Pradesh,Indore,Soybean,Kharif,315.6,Black,7.42,727.3,28.1,Sprinkler,29.8,65.7,48.4,0.27,85.2
2010,Madhya Pradesh,Indore,Soybean,Kharif,305.1,Black,7.8,681.5,26.4,Rainfed,29.3,79.4,35.1,1.48,451.5
2011,Madhya Pradesh,Indore,Soybean,Kharif,317.1,Black,7.53,825.2,27.5,Rainfed,40.0,63.0,40.1,1.17,371.0
2012,Madhya Pradesh,Indore,Soybean,Kharif,211.6,Black,7.68,829.3,27.1,Rainfed,24.8,74.4,35.5,1.06,224.3
2013,Madhya Pradesh,Indore,Soybean,Kharif,726.0,Black,7.79,898.9,27.1,Tube Well,52.4,66.8,26.1,0.31,225.1
2014,Madhya Pradesh,Indore,Soybean,Kharif,516.5,Black,7.71,927.3,28.1,Rainfed,35.9,77.2,46.9,0.51,263.4
2015,Madhya Pradesh,Indore,Soybean,Kharif,148.9,Black,7.83,756.9,28.3,Tube Well,38.1,82.6,39.9,0.27,40.2
2016,Madhya Pradesh,Indore,Soybean,Kharif,767.2,Black,7.21,1005.1,26.7,Sprinkler,44.5,74.8,41.2,0.43,329.9
2017,Madhya Pradesh,Indore,Soybean,Kharif,225.3,Black,7.61,729.3,28.2,Rainfed,29.2,71.2,42.2,1.4,315.4
2018,Madhya Pradesh,Indore,Soybean,Kharif,175.0,Black,7.56,877.2,26.7,Sprinkler,41.3,93.4,39.6,0.36,63.0
2019,Madhya Pradesh,Indore,Soybean,Kharif,249.8,Black,7.25,1015.4,25.6,Sprinkler,43.1,68.0,28.9,0.38,94.9
2020,Madhya Pradesh,Indore,Soybean,Kharif,486.9,Black,7.59,1003.5,27.0,Tube Well,50.7,85.0,41.5,0.38,185.0
2021,Madhya Pradesh,Indore,Soybean,Kharif,470.4,Black,7.56,758.1,26.9,Rainfed,31.8,63.6,52.1,1.63,766.8
2022,Madhya Pradesh,Indore,Soybean,Kharif,260.1,Black,7.38,956.3,30.0,Sprinkler,36.9,66.0,36.4,0.22,57.2
2023,Madhya Pradesh,Indore,Soybean,Kharif,235.8,Black,7.53,688.0,26.5,Tube Well,35.1,62.8,34.6,0.34,80.2
2024,Madhya Pradesh,Indore,Soybean,Kharif,343.8,Black,7.71,782.8,28.0,Sprinkler,49.8,77.7,47.5,0.33,113.5
2019,Haryana,Karnal,Soybean,Kharif,213.6,Alluvial,7.74,721.0,31.3,Tube Well,27.3,63.5,46.5,0.1,21.4
2021,Haryana,Karnal,Soybean,Kharif,365.7,Alluvial,7.27,628.4,31.0,Tube Well,40.0,78.6,34.0,0.21,76.8
2005,Rajasthan,Kota,Soybean,Kharif,480.6,Clay Loam,7.5,612.7,30.5,Canal/Flood,46.2,67.8,46.4,0.33,158.6
2006,Rajasthan,Kota,Soybean,Kharif,276.3,Clay Loam,7.66,734.5,30.0,Sprinkler,33.5,82.4,39.5,0.19,52.5
2007,Rajasthan,Kota,Soybean,Kharif,222.8,Clay Loam,7.75,666.9,30.4,Canal/Flood,30.2,73.6,51.1,0.24,53.5
2008,Rajasthan,Kota,Soybean,Kharif,382.2,Clay Loam,7.76,574.3,30.7,Canal/Flood,30.3,70.5,39.5,0.33,126.1
2009,Rajasthan,Kota,Soybean,Kharif,962.4,Clay Loam,7.58,575.2,29.7,Tube Well,39.1,49.5,30.4,0.46,442.7
2010,Rajasthan,Kota,Soybean,Kharif,384.6,Clay Loam,7.82,741.6,31.1,Sprinkler,24.1,74.9,45.1,0.1,38.5
2011,Rajasthan,Kota,Soybean,Kharif,543.4,Clay Loam,7.6,607.1,30.1,Tube Well,44.2,78.7,48.4,0.38,206.5
2012,Rajasthan,Kota,Soybean,Kharif,343.8,Clay Loam,7.83,560.4,29.6,Sprinkler,33.2,73.5,33.9,0.4,137.5
2013,Rajasthan,Kota,Soybean,Kharif,187.0,Clay Loam,7.73,619.9,30.9,Sprinkler,39.9,80.6,45.9,0.16,29.9
2014,Rajasthan,Kota,Soybean,Kharif,411.4,Clay Loam,7.81,742.1,30.6,Canal/Flood,30.6,50.1,42.8,0.13,53.5
2015,Rajasthan,Kota,Soybean,Kharif,521.7,Clay Loam,7.75,541.6,30.8,Sprinkler,35.4,67.3,51.0,0.27,140.9
2016,Rajasthan,Kota,Soybean,Kharif,403.8,Clay Loam,7.81,535.7,29.9,Tube Well,36.7,66.1,45.2,0.55,222.1
2017,Rajasthan,Kota,Soybean,Kharif,110.0,Clay Loam,7.41,606.9,29.9,Sprinkler,28.4,78.8,50.9,0.31,34.1
2018,Rajasthan,Kota,Soybean,Kharif,190.3,Clay Loam,7.61,733.1,29.5,Tube Well,44.6,63.9,41.7,0.22,41.9
2019,Rajasthan,Kota,Soybean,Kharif,80.6,Clay Loam,7.85,748.9,29.7,Canal/Flood,41.5,53.7,33.1,0.21,16.9
2020,Rajasthan,Kota,Soybean,Kharif,90.9,Clay Loam,7.72,878.3,29.0,Canal/Flood,43.8,71.1,46.1,0.27,24.5
2021,Rajasthan,Kota,Soybean,Kharif,466.5,Clay Loam,7.96,635.7,29.7,Tube Well,50.2,61.9,23.3,0.36,167.9
2022,Rajasthan,Kota,Soybean,Kharif,389.1,Clay Loam,7.82,484.9,31.7,Tube Well,33.3,70.7,40.6,0.35,136.2
2023,Rajasthan,Kota,Soybean,Kharif,393.4,Clay Loam,7.78,842.5,30.0,Canal/Flood,34.4,69.4,34.6,0.2,78.7
2024,Rajasthan,Kota,Soybean,Kharif,619.3,Clay Loam,7.51,614.9,29.4,Sprinkler,48.6,64.0,34.3,0.38,235.3
2020,Punjab,Ludhiana,Soybean,Kharif,269.4,Alluvial,7.46,746.6,30.1,Tube Well,32.2,86.0,37.5,0.17,45.8
2019,Karnataka,Mandya,Soybean,Kharif,335.6,Red,6.6,580.4,24.4,Canal/Flood,37.3,76.8,44.6,0.77,258.4
2005,Maharashtra,Nashik,Soybean,Kharif,720.3,Black,7.22,770.2,26.0,Rainfed,38.6,82.2,45.3,1.82,1310.9
2006,Maharashtra,Nashik,Soybean,Kharif,864.6,Black,7.35,919.8,25.6,Rainfed,29.0,65.3,47.8,0.67,579.3
2007,Maharashtra,Nashik,Soybean,Kharif,218.3,Black,7.47,939.9,26.2,Canal/Flood,31.0,57.3,34.5,0.29,63.3
2008,Maharashtra,Nashik,Soybean,Kharif,487.5,Black,7.17,1041.9,27.4,Drip,26.1,64.9,43.4,0.37,180.4
2009,Maharashtra,Nashik,Soybean,Kharif,147.8,Black,7.27,544.2,27.3,Canal/Flood,31.7,108.8,49.8,1.16,171.4
2010,Maharashtra,Nashik,Soybean,Kharif,594.2,Black,7.41,800.3,25.1,Canal/Flood,33.3,66.0,40.8,0.29,172.3
2011,Maharashtra,Nashik,Soybean,Kharif,346.4,Black,7.02,536.9,26.2,Rainfed,43.4,70.9,36.0,1.34,464.2
2012,Maharashtra,Nashik,Soybean,Kharif,220.3,Black,7.31,714.1,25.7,Canal/Flood,33.4,73.1,41.6,0.37,81.5
2013,Maharashtra,Nashik,Soybean,Kharif,184.6,Black,7.13,629.6,25.3,Rainfed,33.7,70.4,40.2,1.79,330.4
2014,Maharashtra,Nashik,Soybean,Kharif,209.9,Black,7.29,652.2,26.5,Rainfed,33.1,68.8,44.2,1.91,400.9
2015,Maharashtra,Nashik,Soybean,Kharif,114.7,Black,7.18,739.4,26.5,Drip,37.1,46.0,48.2,0.38,43.6
2016,Maharashtra,Nashik,Soybean,Kharif,388.7,Black,7.03,627.6,25.9,Canal/Flood,34.4,85.9,39.8,0.88,342.1
2017,Maharashtra,Nashik,Soybean,Kharif,689.5,Black,7.05,670.9,26.3,Drip,29.5,79.6,54.2,0.42,289.6
2018,Maharashtra,Nashik,Soybean,Kharif,301.0,Black,7.35,852.9,26.6,Drip,32.1,85.6,40.8,0.39,117.4
2019,Maharashtra,Nashik,Soybean,Kharif,257.3,Black,7.44,1011.6,25.6,Drip,27.0,75.7,46.9,0.33,84.9
2020,Maharashtra,Nashik,Soybean,Kharif,235.1,Black,7.34,929.8,25.1,Drip,25.2,84.0,46.2,0.36,84.6
2021,Maharashtra,Nashik,Soybean,Kharif,101.5,Black,7.11,616.8,26.3,Rainfed,23.9,81.4,25.5,1.76,178.6
2022,Maharashtra,Nashik,Soybean,Kharif,546.9,Black,7.17,563.9,28.4,Rainfed,29.9,74.6,36.2,1.37,749.3
2023,Maharashtra,Nashik,Soybean,Kharif,281.5,Black,7.2,724.2,27.3,Rainfed,35.8,43.5,44.7,2.16,608.0
2024,Maharashtra,Nashik,Soybean,Kharif,770.5,Black,7.3,708.7,25.6,Rainfed,24.5,80.0,43.6,1.86,1433.1
2006,Bihar,Patna,Soybean,Kharif,403.4,Alluvial,7.37,1077.1,29.6,Canal/Flood,20.5,64.3,50.5,0.18,72.6
2010,Bihar,Patna,Soybean,Kharif,367.1,Alluvial,7.32,908.1,29.7,Rainfed,26.7,97.0,36.6,0.44,161.5
2018,Bihar,Patna,Soybean,Kharif,263.9,Alluvial,7.19,787.9,31.0,Rainfed,36.8,70.6,30.1,0.5,131.9
2019,Gujarat,Rajkot,Soybean,Kharif,127.1,Sandy Loam,7.69,652.7,29.6,Sprinkler,38.3,59.7,35.6,0.2,25.4
2008,Tamil Nadu,Thanjavur,Soybean,Kharif,333.6,Clay Loam,6.87,361.9,31.7,Rainfed,26.3,64.3,34.3,0.11,36.7
2013,Uttar Pradesh,Varanasi,Soybean,Kharif,556.5,Alluvial,7.24,998.0,29.1,Canal/Flood,42.5,78.5,47.7,0.26,144.7
2005,West Bengal,Burdwan,Sugarcane,Kharif,465.3,Alluvial,6.5,1172.7,29.3,Canal/Flood,199.1,110.5,112.2,35.67,16597.3
2006,West Bengal,Burdwan,Sugarcane,Kharif,330.3,Alluvial,6.43,1281.5,29.3,Canal/Flood,215.5,103.8,102.3,24.09,7956.9
2007,West Bengal,Burdwan,Sugarcane,Kharif,599.0,Alluvial,6.28,899.1,29.5,Rainfed,253.3,93.9,147.7,18.51,11087.5
2008,West Bengal,Burdwan,Sugarcane,Kharif,731.5,Alluvial,6.64,960.5,29.3,Rainfed,211.7,65.6,118.2,27.72,20277.2
2009,West Bengal,Burdwan,Sugarcane,Kharif,240.5,Alluvial,6.14,1000.3,30.7,Tube Well,251.5,103.0,145.1,38.3,9211.1
2010,West Bengal,Burdwan,Sugarcane,Kharif,150.2,Alluvial,6.16,1209.5,29.3,Rainfed,238.4,122.8,130.6,51.29,7703.8
2011,West Bengal,Burdwan,Sugarcane,Kharif,401.3,Alluvial,6.15,1204.7,29.1,Canal/Flood,201.2,93.5,106.2,26.89,10791.0
2012,West Bengal,Burdwan,Sugarcane,Kharif,759.3,Alluvial,6.4,1162.0,29.1,Tube Well,290.8,98.1,94.5,31.11,23621.8
2013,West Bengal,Burdwan,Sugarcane,Kharif,174.0,Alluvial,6.26,1178.9,29.0,Canal/Flood,181.0,109.4,105.9,28.93,5033.8
2014,West Bengal,Burdwan,Sugarcane,Kharif,208.8,Alluvial,6.47,1106.9,29.6,Canal/Flood,239.1,117.0,120.6,42.91,8959.6
2015,West Bengal,Burdwan,Sugarcane,Kharif,264.7,Alluvial,6.42,965.0,29.7,Tube Well,244.9,99.8,93.3,46.72,12366.8
2016,West Bengal,Burdwan,Sugarcane,Kharif,1174.4,Alluvial,6.44,1041.5,29.2,Canal/Flood,215.0,99.9,102.8,45.59,53540.9
2017,West Bengal,Burdwan,Sugarcane,Kharif,95.2,Alluvial,6.56,1065.4,28.8,Canal/Flood,293.6,97.7,135.7,54.52,5190.3
2018,West Bengal,Burdwan,Sugarcane,Kharif,108.8,Alluvial,6.27,998.5,29.2,Rainfed,270.8,99.5,150.1,29.9,3253.1
2019,West Bengal,Burdwan,Sugarcane,Kharif,438.0,Alluvial,6.41,1499.6,28.2,Rainfed,291.9,81.1,124.5,61.65,27002.7
2020,West Bengal,Burdwan,Sugarcane,Kharif,370.5,Alluvial,6.47,1307.5,28.1,Tube Well,249.9,107.4,119.9,23.25,8614.1
2021,West Bengal,Burdwan,Sugarcane,Kharif,521.6,Alluvial,6.16,1156.4,30.3,Tube Well,279.9,117.2,92.3,29.87,15580.2
2022,West Bengal,Burdwan,Sugarcane,Kharif,687.9,Alluvial,6.53,930.3,31.3,Rainfed,228.9,117.1,128.4,25.66,17651.5
2023,West Bengal,Burdwan,Sugarcane,Kharif,307.4,Alluvial,6.55,1076.6,28.8,Canal/Flood,298.3,64.5,143.0,49.0,15062.6
2024,West Bengal,Burdwan,Sugarcane,Kharif,225.0,Alluvial,6.5,1474.3,29.8,Tube Well,252.7,96.1,96.3,14.17,3188.2
2005,West Bengal,Burdwan,Sugarcane,Rabi,136.6,Alluvial,6.18,62.1,19.5,Tube Well,251.1,101.6,136.3,6.94,948.0
2006,West Bengal,Burdwan,Sugarcane,Rabi,833.4,Alluvial,5.94,63.5,19.8,Canal/Flood,265.1,45.6,124.0,5.82,4850.4
2007,West Bengal,Burdwan,Sugarcane,Rabi,87.7,Alluvial,6.16,69.5,19.9,Tube Well,227.2,97.5,136.0,7.51,658.6
2008,West Bengal,Burdwan,Sugarcane,Rabi,395.5,Alluvial,6.59,73.2,20.1,Rainfed,193.9,98.9,130.7,3.05,1206.3
2009,West Bengal,Burdwan,Sugarcane,Rabi,233.3,Alluvial,6.1,47.0,20.4,Rainfed,250.9,111.0,108.0,2.7,629.9
2010,West Bengal,Burdwan,Sugarcane,Rabi,741.7,Alluvial,6.35,64.4,20.7,Canal/Flood,259.1,110.4,129.9,6.81,5051.0
2011,West Bengal,Burdwan,Sugarcane,Rabi,190.6,Alluvial,6.21,60.0,19.5,Tube Well,261.1,123.4,101.4,7.66,1460.0
2012,West Bengal,Burdwan,Sugarcane,Rabi,74.7,Alluvial,6.05,58.2,20.8,Canal/Flood,293.3,114.8,122.5,6.5,485.6
2013,West Bengal,Burdwan,Sugarcane,Rabi,164.1,Alluvial,6.05,55.9,19.6,Tube Well,276.6,110.2,106.7,7.57,1242.2
2014,West Bengal,Burdwan,Sugarcane,Rabi,257.1,Alluvial,6.44,57.9,21.2,Canal/Flood,281.1,96.4,132.2,7.42,1907.7
2015,West Bengal,Burdwan,Sugarcane,Rabi,412.5,Alluvial,6.21,52.2,21.6,Canal/Flood,209.5,79.2,96.1,6.23,2569.9
2016,West Bengal,Burdwan,Sugarcane,Rabi,170.2,Alluvial,6.29,72.2,20.4,Tube Well,185.4,102.4,120.7,7.28,1239.1
2017,West Bengal,Burdwan,Sugarcane,Rabi,565.4,Alluvial,6.07,54.9,20.2,Rainfed,239.3,68.6,144.6,2.69,1520.9
2018,West Bengal,Burdwan,Sugarcane,Rabi,315.2,Alluvial,6.64,64.5,20.2,Canal/Flood,259.7,93.0,143.7,8.4,2647.7
2019,West Bengal,Burdwan,Sugarcane,Rabi,68.3,Alluvial,6.17,73.4,19.7,Canal/Flood,241.5,107.7,110.8,6.64,453.5
2020,West Bengal,Burdwan,Sugarcane,Rabi,449.3,Alluvial,6.31,76.8,20.0,Canal/Flood,247.2,78.2,138.7,6.75,3032.8
2021,West Bengal,Burdwan,Sugarcane,Rabi,668.7,Alluvial,6.1,53.7,18.8,Canal/Flood,196.3,90.3,115.1,6.18,4132.6
2022,West Bengal,Burdwan,Sugarcane,Rabi,184.6,Alluvial,6.29,73.9,22.5,Tube Well,293.7,102.7,112.7,9.34,1724.2
2023,West Bengal,Burdwan,Sugarcane,Rabi,387.9,Alluvial,6.09,63.0,20.2,Canal/Flood,300.1,81.1,105.0,6.65,2579.5
2024,West Bengal,Burdwan,Sugarcane,Rabi,280.5,Alluvial,6.5,49.0,21.3,Tube Well,277.2,139.8,113.9,9.03,2532.9
2007,Andhra Pradesh,Guntur,Sugarcane,Kharif,378.9,Black,7.23,577.6,30.2,Tube Well,254.1,104.5,117.5,68.14,25818.2
2014,Andhra Pradesh,Guntur,Sugarcane,Kharif,188.6,Black,7.43,657.8,30.2,Tube Well,243.5,97.8,128.8,68.72,12960.6
2023,Andhra Pradesh,Guntur,Sugarcane,Kharif,522.9,Black,7.46,733.6,30.1,Drip,271.5,119.7,155.8,60.69,31734.8
2011,Andhra Pradesh,Guntur,Sugarcane,Rabi,194.3,Black,7.32,235.7,23.4,Rainfed,196.9,79.3,165.6,5.38,1045.3
2013,Andhra Pradesh,Guntur,Sugarcane,Rabi,368.1,Black,7.77,252.2,24.4,Rainfed,294.6,99.4,115.3,5.98,2201.2
2018,Andhra Pradesh,Guntur,Sugarcane,Rabi,270.9,Black,7.61,247.7,24.2,Drip,282.4,92.7,102.2,29.45,7978.0
2024,Andhra Pradesh,Guntur,Sugarcane,Rabi,207.7,Black,7.79,217.7,24.9,Drip,210.8,89.2,131.3,31.01,6440.8
2022,Madhya Pradesh,Indore,Sugarcane,Kharif,625.3,Black,7.38,956.3,30.0,Rainfed,227.4,86.4,82.8,31.3,19571.9
2007,Madhya Pradesh,Indore,Sugarcane,Rabi,716.2,Black,7.45,26.7,19.3,Tube Well,247.7,147.2,96.0,8.3,5944.5
2005,Haryana,Karnal,Sugarcane,Kharif,511.7,Alluvial,7.65,551.3,29.9,Tube Well,284.5,79.3,103.3,55.42,28358.4
2006,Haryana,Karnal,Sugarcane,Kharif,493.1,Alluvial,7.26,486.6,30.7,Canal/Flood,215.8,100.6,106.6,61.32,30236.9
2007,Haryana,Karnal,Sugarcane,Kharif,521.4,Alluvial,7.53,610.5,30.1,Tube Well,199.7,81.8,128.1,58.72,30616.6
2008,Haryana,Karnal,Sugarcane,Kharif,260.9,Alluvial,7.34,569.0,29.1,Tube Well,335.4,103.2,91.1,72.98,19040.5
2009,Haryana,Karnal,Sugarcane,Kharif,454.3,Alluvial,7.37,596.9,31.4,Canal/Flood,291.4,89.0,124.2,54.16,24604.9
2010,Haryana,Karnal,Sugarcane,Kharif,307.4,Alluvial,7.52,578.8,30.3,Canal/Flood,195.3,102.4,118.9,58.0,17829.2
2011,Haryana,Karnal,Sugarcane,Kharif,883.0,Alluvial,7.57,644.9,30.2,Canal/Flood,236.8,85.1,159.9,59.51,52547.3
2012,Haryana,Karnal,Sugarcane,Kharif,226.7,Alluvial,7.7,642.6,30.5,Canal/Flood,344.5,101.6,111.8,57.96,13139.5
2013,Haryana,Karnal,Sugarcane,Kharif,930.0,Alluvial,7.13,596.6,30.4,Canal/Flood,226.6,71.2,152.2,76.57,71210.1
2014,Haryana,Karnal,Sugarcane,Kharif,863.1,Alluvial,7.29,590.7,31.7,Tube Well,249.3,82.3,151.4,61.4,52994.3
2015,Haryana,Karnal,Sugarcane,Kharif,402.5,Alluvial,7.35,488.4,31.0,Tube Well,286.3,100.8,127.4,65.83,26496.6
2016,Haryana,Karnal,Sugarcane,Kharif,706.0,Alluvial,7.12,478.7,30.5,Canal/Flood,256.2,89.8,101.7,70.78,49970.7
2017,Haryana,Karnal,Sugarcane,Kharif,277.8,Alluvial,7.41,475.3,29.7,Canal/Flood,260.6,90.9,99.1,61.75,17154.2
2018,Haryana,Karnal,Sugarcane,Kharif,482.6,Alluvial,7.46,637.4,30.7,Canal/Flood,201.6,122.6,134.8,65.77,31740.6
2019,Haryana,Karnal,Sugarcane,Kharif,184.9,Alluvial,7.74,721.0,31.3,Tube Well,345.2,119.9,132.5,53.88,9962.4
2020,Haryana,Karnal,Sugarcane,Kharif,341.2,Alluvial,7.6,755.6,30.3,Tube Well,271.2,99.7,85.4,58.2,19857.8
2021,Haryana,Karnal,Sugarcane,Kharif,211.7,Alluvial,7.27,628.4,31.0,Canal/Flood,217.4,117.2,147.1,69.28,14666.6
2022,Haryana,Karnal,Sugarcane,Kharif,202.6,Alluvial,7.27,619.8,33.2,Tube Well,247.1,106.2,137.9,38.49,7798.1
2023,Haryana,Karnal,Sugarcane,Kharif,276.8,Alluvial,7.26,586.5,31.1,Tube Well,170.2,88.1,116.6,70.95,19639.0
2024,Haryana,Karnal,Sugarcane,Kharif,166.6,Alluvial,7.21,655.3,30.4,Tube Well,295.4,110.8,151.6,81.49,13576.2
2005,Haryana,Karnal,Sugarcane,Rabi,471.9,Alluvial,7.5,83.4,15.3,Tube Well,285.2,123.4,101.3,9.22,4350.9
2006,Haryana,Karnal,Sugarcane,Rabi,363.6,Alluvial,7.38,86.7,14.7,Canal/Flood,200.8,94.3,146.2,7.67,2788.8
2007,Haryana,Karnal,Sugarcane,Rabi,388.8,Alluvial,7.2,79.5,14.5,Tube Well,233.8,76.1,111.1,9.6,3732.5
2008,Haryana,Karnal,Sugarcane,Rabi,247.3,Alluvial,7.22,81.3,15.5,Tube Well,191.0,109.0,112.5,10.09,2495.3
2009,Haryana,Karnal,Sugarcane,Rabi,651.3,Alluvial,7.41,79.3,16.3,Tube Well,210.1,113.9,127.7,9.49,6180.8
2010,Haryana,Karnal,Sugarcane,Rabi,264.4,Alluvial,7.28,88.5,16.1,Canal/Flood,235.7,72.0,181.2,8.75,2313.5
2011,Haryana,Karnal,Sugarcane,Rabi,382.4,Alluvial,7.24,72.8,14.2,Tube Well,245.6,78.5,120.3,9.64,3686.3
2012,Haryana,Karnal,Sugarcane,Rabi,548.0,Alluvial,7.22,93.2,16.3,Canal/Flood,304.4,99.6,155.4,9.92,5436.2
2013,Haryana,Karnal,Sugarcane,Rabi,424.7,Alluvial,7.42,72.1,14.8,Canal/Flood,284.2,108.1,153.1,8.41,3571.7
2014,Haryana,Karnal,Sugarcane,Rabi,352.3,Alluvial,7.56,55.3,15.7,Tube Well,307.4,116.6,105.7,8.11,2857.2
2015,Haryana,Karnal,Sugarcane,Rabi,144.2,Alluvial,7.68,57.7,16.7,Canal/Flood,210.1,135.5,104.1,5.96,859.4
2016,Haryana,Karnal,Sugarcane,Rabi,182.2,Alluvial,7.57,81.8,15.6,Canal/Flood,283.6,77.0,115.2,7.59,1382.9
2017,Haryana,Karnal,Sugarcane,Rabi,523.8,Alluvial,7.47,92.6,14.3,Tube Well,195.0,113.5,79.2,9.58,5018.0
2018,Haryana,Karnal,Sugarcane,Rabi,581.5,Alluvial,7.41,96.9,15.4,Tube Well,301.5,47.2,147.5,9.81,5704.5
2019,Haryana,Karnal,Sugarcane,Rabi,279.2,Alluvial,7.5,97.8,14.5,Canal/Flood,303.4,97.3,99.1,8.81,2459.8
2020,Haryana,Karnal,Sugarcane,Rabi,338.5,Alluvial,7.54,106.7,16.5,Canal/Flood,294.3,78.0,109.4,8.58,2904.3
2021,Haryana,Karnal,Sugarcane,Rabi,122.3,Alluvial,7.46,69.9,14.6,Tube Well,253.4,107.5,101.4,9.04,1105.6
2022,Haryana,Karnal,Sugarcane,Rabi,559.2,Alluvial,7.24,83.9,17.5,Tube Well,236.5,95.1,149.4,11.06,6184.8
2023,Haryana,Karnal,Sugarcane,Rabi,426.3,Alluvial,6.96,76.5,16.3,Tube Well,229.5,106.3,148.6,11.79,5026.1
2024,Haryana,Karnal,Sugarcane,Rabi,654.1,Alluvial,7.42,74.1,15.8,Tube Well,277.0,99.0,151.5,10.08,6593.3
2005,Rajasthan,Kota,Sugarcane,Kharif,587.2,Clay Loam,7.5,612.7,30.5,Tube Well,194.8,73.6,124.8,54.58,32049.4
2006,Rajasthan,Kota,Sugarcane,Kharif,174.5,Clay Loam,7.66,734.5,30.0,Sprinkler,272.4,120.5,154.1,51.0,8899.5
2007,Rajasthan,Kota,Sugarcane,Kharif,621.9,Clay Loam,7.75,666.9,30.4,Tube Well,218.0,121.8,157.5,48.66,30261.7
2008,Rajasthan,Kota,Sugarcane,Kharif,512.6,Clay Loam,7.76,574.3,30.7,Tube Well,289.4,98.1,106.3,50.35,25809.4
2009,Rajasthan,Kota,Sugarcane,Kharif,329.4,Clay Loam,7.58,575.2,29.7,Sprinkler,308.5,89.6,119.8,60.47,19918.8
2010,Rajasthan,Kota,Sugarcane,Kharif,43.6,Clay Loam,7.82,741.6,31.1,Sprinkler,287.5,88.7,138.7,43.32,1888.8
2011,Rajasthan,Kota,Sugarcane,Kharif,469.4,Clay Loam,7.6,607.1,30.1,Sprinkler,309.1,112.8,97.8,58.13,27286.2
2012,Rajasthan,Kota,Sugarcane,Kharif,94.8,Clay Loam,7.83,560.4,29.6,Tube Well,259.4,102.4,85.4,57.84,5483.2
2013,Rajasthan,Kota,Sugarcane,Kharif,306.8,Clay Loam,7.73,619.9,30.9,Canal/Flood,279.0,103.1,101.6,50.21,15404.4
2014,Rajasthan,Kota,Sugarcane,Kharif,545.6,Clay Loam,7.81,742.1,30.6,Tube Well,279.6,105.7,142.9,54.64,29811.6
2015,Rajasthan,Kota,Sugarcane,Kharif,185.5,Clay Loam,7.75,541.6,30.8,Canal/Flood,277.3,82.4,122.8,49.04,9096.9
2016,Rajasthan,Kota,Sugarcane,Kharif,179.1,Clay Loam,7.81,535.7,29.9,Tube Well,223.7,121.1,97.3,60.9,10907.2
2017,Rajasthan,Kota,Sugarcane,Kharif,350.5,Clay Loam,7.41,606.9,29.9,Canal/Flood,255.1,109.5,138.1,73.87,25891.4
2018,Rajasthan,Kota,Sugarcane,Kharif,99.7,Clay Loam,7.61,733.1,29.5,Sprinkler,252.2,84.3,85.9,55.08,5491.5
2019,Rajasthan,Kota,Sugarcane,Kharif,737.8,Clay Loam,7.85,748.9,29.7,Sprinkler,220.7,91.9,107.0,50.84,37509.8
2020,Rajasthan,Kota,Sugarcane,Kharif,549.1,Clay Loam,7.72,878.3,29.0,Sprinkler,239.6,99.6,105.5,45.04,24731.5
2021,Rajasthan,Kota,Sugarcane,Kharif,382.3,Clay Loam,7.96,635.7,29.7,Tube Well,211.5,101.6,123.6,59.29,22666.6
2022,Rajasthan,Kota,Sugarcane,Kharif,389.9,Clay Loam,7.82,484.9,31.7,Sprinkler,265.6,86.0,136.1,47.31,18446.2
2023,Rajasthan,Kota,Sugarcane,Kharif,584.4,Clay Loam,7.78,842.5,30.0,Sprinkler,279.7,118.2,148.3,51.2,29921.3
2024,Rajasthan,Kota,Sugarcane,Kharif,640.4,Clay Loam,7.51,614.9,29.4,Tube Well,172.5,91.7,103.2,66.87,42823.5
2005,Rajasthan,Kota,Sugarcane,Rabi,415.3,Clay Loam,7.65,28.5,17.1,Sprinkler,266.3,123.4,113.4,8.83,3667.1
2006,Rajasthan,Kota,Sugarcane,Rabi,251.4,Clay Loam,7.58,26.3,18.0,Sprinkler,277.2,115.9,110.2,9.6,2413.4
2007,Rajasthan,Kota,Sugarcane,Rabi,352.0,Clay Loam,7.83,22.2,19.0,Tube Well,365.0,88.4,101.6,6.59,2319.7
2008,Rajasthan,Kota,Sugarcane,Rabi,448.2,Clay Loam,7.76,25.3,17.2,Tube Well,283.6,125.2,153.6,6.64,2976.0
2009,Rajasthan,Kota,Sugarcane,Rabi,224.6,Clay Loam,7.7,19.8,18.5,Canal/Flood,267.6,121.0,104.4,4.92,1105.0
2010,Rajasthan,Kota,Sugarcane,Rabi,83.9,Clay Loam,7.5,28.0,18.7,Tube Well,314.3,125.8,126.2,8.34,699.7
2011,Rajasthan,Kota,Sugarcane,Rabi,563.6,Clay Loam,7.71,23.6,18.5,Canal/Flood,155.3,126.9,77.4,5.1,2874.4
2012,Rajasthan,Kota,Sugarcane,Rabi,419.5,Clay Loam,7.53,24.2,17.4,Canal/Flood,202.0,82.4,146.1,5.99,2512.8
2013,Rajasthan,Kota,Sugarcane,Rabi,98.2,Clay Loam,7.34,26.5,17.7,Sprinkler,259.4,108.2,129.4,12.16,1194.1
2014,Rajasthan,Kota,Sugarcane,Rabi,269.2,Clay Loam,7.86,21.5,17.6,Canal/Flood,273.0,104.7,140.2,5.85,1574.8
2015,Rajasthan,Kota,Sugarcane,Rabi,444.8,Clay Loam,7.81,24.5,18.8,Canal/Flood,246.8,84.1,123.1,5.83,2593.2
2016,Rajasthan,Kota,Sugarcane,Rabi,194.5,Clay Loam,7.93,27.8,17.7,Tube Well,253.7,84.7,123.3,6.9,1342.1
2017,Rajasthan,Kota,Sugarcane,Rabi,111.2,Clay Loam,7.74,24.8,16.0,Sprinkler,169.1,102.9,138.6,8.84,983.0
2018,Rajasthan,Kota,Sugarcane,Rabi,517.1,Clay Loam,7.53,26.0,18.2,Canal/Flood,220.5,116.3,102.2,6.45,3335.3
2019,Rajasthan,Kota,Sugarcane,Rabi,129.1,Clay Loam,7.72,32.0,17.7,Sprinkler,217.7,117.9,126.2,8.57,1106.4
2020,Rajasthan,Kota,Sugarcane,Rabi,630.7,Clay Loam,7.75,33.5,17.4,Sprinkler,177.4,122.1,134.2,9.35,5897.0
2021,Rajasthan,Kota,Sugarcane,Rabi,430.7,Clay Loam,7.73,22.2,18.5,Canal/Flood,192.3,92.2,109.9,5.65,2433.5
2022,Rajasthan,Kota,Sugarcane,Rabi,295.6,Clay Loam,7.51,18.1,20.1,Canal/Flood,119.5,109.6,147.9,6.05,1788.4
2023,Rajasthan,Kota,Sugarcane,Rabi,549.5,Clay Loam,7.54,24.1,18.9,Canal/Flood,258.4,73.5,146.0,6.81,3742.1
2024,Rajasthan,Kota,Sugarcane,Rabi,220.2,Clay Loam,7.41,28.2,17.9,Canal/Flood,242.4,138.2,109.1,7.94,1748.4
2005,Punjab,Ludhiana,Sugarcane,Kharif,418.6,Alluvial,7.42,614.6,30.9,Sprinkler,221.7,110.8,175.3,55.89,23395.6
2006,Punjab,Ludhiana,Sugarcane,Kharif,776.7,Alluvial,7.25,600.6,31.6,Sprinkler,153.1,88.5,91.4,54.03,41965.1
2007,Punjab,Ludhiana,Sugarcane,Kharif,173.5,Alluvial,7.46,492.8,31.2,Tube Well,281.1,53.9,104.2,53.11,9214.6
2008,Punjab,Ludhiana,Sugarcane,Kharif,974.4,Alluvial,7.18,581.5,29.8,Tube Well,206.6,109.1,104.3,75.94,73995.9
2009,Punjab,Ludhiana,Sugarcane,Kharif,442.5,Alluvial,6.95,368.2,32.6,Canal/Flood,209.6,91.2,143.2,45.55,20155.9
2010,Punjab,Ludhiana,Sugarcane,Kharif,280.5,Alluvial,7.17,523.6,31.2,Canal/Flood,298.2,118.2,83.7,67.26,18866.4
2011,Punjab,Ludhiana,Sugarcane,Kharif,138.1,Alluvial,7.45,723.7,31.1,Sprinkler,238.8,93.4,120.2,53.79,7428.4
2012,Punjab,Ludhiana,Sugarcane,Kharif,135.4,Alluvial,7.67,381.6,31.3,Sprinkler,246.0,87.6,118.6,46.32,6271.7
2013,Punjab,Ludhiana,Sugarcane,Kharif,736.4,Alluvial,7.48,559.1,30.8,Sprinkler,325.0,87.8,106.7,60.78,44758.4
2014,Punjab,Ludhiana,Sugarcane,Kharif,482.1,Alluvial,7.42,502.5,32.8,Tube Well,256.7,94.0,108.5,48.44,23352.9
2015,Punjab,Ludhiana,Sugarcane,Kharif,662.5,Alluvial,7.28,441.8,33.0,Sprinkler,301.2,93.6,124.9,47.51,31475.4
2016,Punjab,Ludhiana,Sugarcane,Kharif,729.9,Alluvial,7.15,617.4,30.4,Tube Well,218.9,123.2,106.6,81.52,59501.4
2017,Punjab,Ludhiana,Sugarcane,Kharif,702.9,Alluvial,7.04,599.5,31.2,Tube Well,192.5,101.9,118.4,67.91,47733.9
2018,Punjab,Ludhiana,Sugarcane,Kharif,272.6,Alluvial,7.13,476.1,31.7,Tube Well,212.3,105.7,98.9,63.82,17397.3
2019,Punjab,Ludhiana,Sugarcane,Kharif,413.1,Alluvial,7.3,830.1,30.9,Sprinkler,262.2,108.0,121.7,55.45,22906.4
2020,Punjab,Ludhiana,Sugarcane,Kharif,205.0,Alluvial,7.46,746.6,30.1,Tube Well,235.4,96.5,116.8,66.82,13698.1
2021,Punjab,Ludhiana,Sugarcane,Kharif,395.8,Alluvial,7.33,657.5,31.1,Sprinkler,258.8,116.3,126.1,66.3,26241.5
2022,Punjab,Ludhiana,Sugarcane,Kharif,311.1,Alluvial,7.14,506.3,32.1,Tube Well,209.3,90.3,152.7,65.39,20342.8
2023,Punjab,Ludhiana,Sugarcane,Kharif,611.9,Alluvial,7.44,590.5,31.8,Canal/Flood,249.1,126.0,88.6,56.0,34266.4
2024,Punjab,Ludhiana,Sugarcane,Kharif,373.3,Alluvial,7.29,544.8,30.6,Tube Well,179.2,136.1,147.3,75.21,28075.9
2005,Punjab,Ludhiana,Sugarcane,Rabi,411.2,Alluvial,7.18,93.5,15.8,Tube Well,311.0,98.7,141.7,10.5,4317.6
2006,Punjab,Ludhiana,Sugarcane,Rabi,304.8,Alluvial,7.37,97.8,15.8,Tube Well,222.9,71.4,117.1,9.33,2843.8
2007,Punjab,Ludhiana,Sugarcane,Rabi,469.2,Alluvial,7.61,83.5,16.9,Tube Well,261.3,135.9,187.2,8.24,3866.2
2008,Punjab,Ludhiana,Sugarcane,Rabi,529.6,Alluvial,7.34,95.3,16.3,Tube Well,212.6,90.1,116.8,9.78,5179.5
2009,Punjab,Ludhiana,Sugarcane,Rabi,538.3,Alluvial,7.32,81.4,17.0,Canal/Flood,260.5,113.0,99.3,8.5,4575.5
2010,Punjab,Ludhiana,Sugarcane,Rabi,208.3,Alluvial,6.66,98.1,16.8,Tube Well,240.5,125.6,108.4,10.46,2178.8
2011,Punjab,Ludhiana,Sugarcane,Rabi,83.8,Alluvial,7.13,87.0,16.7,Sprinkler,155.2,74.4,123.9,11.65,976.3
2012,Punjab,Ludhiana,Sugarcane,Rabi,284.1,Alluvial,7.03,75.5,15.7,Tube Well,274.4,93.9,120.0,10.71,3042.7
2013,Punjab,Ludhiana,Sugarcane,Rabi,392.2,Alluvial,7.28,81.6,16.6,Canal/Flood,310.5,88.3,160.2,9.2,3608.2
2014,Punjab,Ludhiana,Sugarcane,Rabi,341.7,Alluvial,7.11,70.0,16.6,Sprinkler,243.2,68.8,111.5,12.76,4360.1
2015,Punjab,Ludhiana,Sugarcane,Rabi,299.2,Alluvial,7.2,54.7,16.6,Canal/Flood,282.1,110.5,120.0,9.05,2707.8
2016,Punjab,Ludhiana,Sugarcane,Rabi,290.3,Alluvial,7.57,92.6,16.4,Sprinkler,222.7,87.1,121.8,10.98,3187.5
2017,Punjab,Ludhiana,Sugarcane,Rabi,950.5,Alluvial,7.38,108.5,16.7,Canal/Flood,300.6,80.5,142.4,9.76,9276.9
2018,Punjab,Ludhiana,Sugarcane,Rabi,392.5,Alluvial,7.18,102.6,15.4,Sprinkler,293.5,110.1,77.1,14.32,5620.6
2019,Punjab,Ludhiana,Sugarcane,Rabi,230.3,Alluvial,7.27,104.3,15.4,Sprinkler,320.5,108.4,83.0,15.69,3613.4
2020,Punjab,Ludhiana,Sugarcane,Rabi,140.6,Alluvial,6.94,127.3,16.1,Sprinkler,241.5,105.8,98.5,16.1,2263.7
2021,Punjab,Ludhiana,Sugarcane,Rabi,493.3,Alluvial,7.13,77.9,15.2,Tube Well,292.6,58.0,154.0,10.92,5386.8
2022,Punjab,Ludhiana,Sugarcane,Rabi,220.9,Alluvial,7.22,83.0,18.3,Tube Well,293.2,86.4,161.2,12.02,2655.2
2023,Punjab,Ludhiana,Sugarcane,Rabi,275.4,Alluvial,7.09,93.7,16.5,Tube Well,244.8,110.7,93.5,12.62,3475.5
2024,Punjab,Ludhiana,Sugarcane,Rabi,978.0,Alluvial,7.36,78.9,16.5,Canal/Flood,129.8,119.8,76.0,8.24,8058.7
2005,Karnataka,Mandya,Sugarcane,Kharif,175.3,Red,6.52,416.0,26.1,Drip,304.1,92.7,76.0,50.51,8854.4
2006,Karnataka,Mandya,Sugarcane,Kharif,245.2,Red,6.43,446.8,25.8,Canal/Flood,303.4,92.8,131.3,41.17,10094.9
2007,Karnataka,Mandya,Sugarcane,Kharif,639.7,Red,6.53,440.1,26.2,Canal/Flood,286.6,92.5,137.4,46.79,29931.6
2008,Karnataka,Mandya,Sugarcane,Kharif,91.4,Red,6.33,419.3,25.6,Rainfed,257.8,127.3,134.2,8.17,746.7
2009,Karnataka,Mandya,Sugarcane,Kharif,196.7,Red,6.31,475.3,26.4,Rainfed,219.1,84.3,140.8,8.76,1723.1
2010,Karnataka,Mandya,Sugarcane,Kharif,972.2,Red,6.38,519.8,25.4,Canal/Flood,334.0,128.4,93.8,35.92,34921.4
2011,Karnataka,Mandya,Sugarcane,Kharif,442.2,Red,6.72,568.6,26.0,Drip,202.4,79.3,103.4,49.48,21880.1
2012,Karnataka,Mandya,Sugarcane,Kharif,369.2,Red,6.23,448.6,26.5,Drip,212.3,116.1,140.0,46.92,17322.9
2013,Karnataka,Mandya,Sugarcane,Kharif,103.1,Red,6.07,437.7,26.5,Drip,231.8,136.0,145.5,48.39,4989.0
2014,Karnataka,Mandya,Sugarcane,Kharif,119.2,Red,6.53,481.1,26.4,Rainfed,304.7,101.9,112.8,10.75,1281.4
2015,Karnataka,Mandya,Sugarcane,Kharif,786.8,Red,6.38,323.7,27.0,Canal/Flood,215.8,73.6,119.2,42.96,33800.9
2016,Karnataka,Mandya,Sugarcane,Kharif,418.1,Red,6.6,317.7,26.1,Drip,159.2,123.8,122.0,55.14,23054.0
2017,Karnataka,Mandya,Sugarcane,Kharif,114.6,Red,6.52,531.4,25.5,Rainfed,217.3,99.2,110.8,9.67,1108.2
2018,Karnataka,Mandya,Sugarcane,Kharif,517.3,Red,6.34,488.0,25.0,Rainfed,202.4,60.7,122.4,6.27,3243.5
2019,Karnataka,Mandya,Sugarcane,Kharif,260.1,Red,6.6,580.4,24.4,Drip,281.4,50.4,125.4,36.25,9428.6
2020,Karnataka,Mandya,Sugarcane,Kharif,434.9,Red,6.44,610.9,25.3,Rainfed,209.3,93.9,116.5,8.79,3822.8
2021,Karnataka,Mandya,Sugarcane,Kharif,458.0,Red,6.39,457.9,26.2,Rainfed,241.5,99.2,118.6,9.21,4218.2
2022,Karnataka,Mandya,Sugarcane,Kharif,556.3,Red,6.64,553.9,28.5,Rainfed,196.1,137.1,124.1,15.49,8617.1
2023,Karnataka,Mandya,Sugarcane,Kharif,168.1,Red,6.52,381.6,25.3,Canal/Flood,193.3,104.6,154.5,37.87,6365.9
2024,Karnataka,Mandya,Sugarcane,Kharif,164.9,Red,6.74,416.8,26.2,Rainfed,258.8,108.8,131.1,14.39,2372.9
2005,Karnataka,Mandya,Sugarcane,Rabi,190.3,Red,6.4,227.2,22.7,Rainfed,226.9,103.1,138.0,3.02,574.7
2006,Karnataka,Mandya,Sugarcane,Rabi,588.0,Red,6.63,254.8,22.8,Drip,236.7,71.1,136.8,18.67,10978.0
2007,Karnataka,Mandya,Sugarcane,Rabi,374.6,Red,6.4,222.5,22.7,Canal/Flood,217.7,95.9,145.5,11.02,4128.1
2008,Karnataka,Mandya,Sugarcane,Rabi,288.6,Red,6.56,276.1,22.3,Drip,267.1,120.1,152.6,18.59,5365.1
2009,Karnataka,Mandya,Sugarcane,Rabi,211.4,Red,6.61,148.4,24.0,Canal/Flood,253.8,80.8,140.7,17.48,3695.3
2010,Karnataka,Mandya,Sugarcane,Rabi,575.6,Red,6.74,233.8,22.4,Canal/Flood,274.2,111.6,83.4,12.74,7333.1
2011,Karnataka,Mandya,Sugarcane,Rabi,187.8,Red,6.54,308.2,23.8,Drip,223.0,107.4,138.4,27.14,5096.9
2012,Karnataka,Mandya,Sugarcane,Rabi,390.8,Red,6.47,235.0,24.1,Rainfed,271.6,102.6,98.4,6.1,2383.9
2013,Karnataka,Mandya,Sugarcane,Rabi,692.2,Red,6.6,250.4,23.0,Drip,235.7,85.5,132.3,22.23,15387.6
2014,Karnataka,Mandya,Sugarcane,Rabi,218.0,Red,6.22,217.6,23.4,Canal/Flood,182.6,93.3,79.6,11.93,2600.7
2015,Karnataka,Mandya,Sugarcane,Rabi,701.3,Red,6.61,236.1,23.4,Canal/Flood,281.4,96.9,166.6,17.76,12455.1
2016,Karnataka,Mandya,Sugarcane,Rabi,622.1,Red,6.65,231.5,22.5,Rainfed,195.9,69.3,131.5,3.69,2295.5
2017,Karnataka,Mandya,Sugarcane,Rabi,259.4,Red,6.5,220.8,22.7,Drip,246.5,104.1,73.3,18.51,4801.5
2018,Karnataka,Mandya,Sugarcane,Rabi,395.8,Red,6.53,195.6,23.0,Rainfed,238.7,104.8,142.9,4.76,1884.0
2019,Karnataka,Mandya,Sugarcane,Rabi,519.9,Red,6.34,336.4,22.6,Rainfed,212.4,132.2,111.6,3.48,1809.3
2020,Karnataka,Mandya,Sugarcane,Rabi,263.7,Red,6.72,289.4,23.1,Drip,226.4,123.3,125.7,25.38,6692.7
2021,Karnataka,Mandya,Sugarcane,Rabi,56.2,Red,6.47,219.3,22.6,Rainfed,278.0,122.4,108.7,4.05,227.6
2022,Karnataka,Mandya,Sugarcane,Rabi,621.4,Red,6.47,176.8,25.1,Drip,285.9,96.1,121.1,40.92,25427.7
2023,Karnataka,Mandya,Sugarcane,Rabi,680.0,Red,6.46,258.9,22.2,Canal/Flood,262.2,117.1,122.0,12.55,8534.0
2024,Karnataka,Mandya,Sugarcane,Rabi,622.4,Red,6.79,264.8,23.2,Canal/Flood,227.1,122.5,161.0,21.49,13375.4
2005,Maharashtra,Nashik,Sugarcane,Kharif,514.5,Black,7.22,770.2,26.0,Canal/Flood,245.0,117.6,88.6,49.17,25298.0
2006,Maharashtra,Nashik,Sugarcane,Kharif,319.1,Black,7.35,919.8,25.6,Canal/Flood,241.3,87.1,79.7,40.18,12821.4
2007,Maharashtra,Nashik,Sugarcane,Kharif,708.8,Black,7.47,939.9,26.2,Drip,266.0,103.9,131.7,30.51,21625.5
2008,Maharashtra,Nashik,Sugarcane,Kharif,282.3,Black,7.17,1041.9,27.4,Rainfed,205.2,132.9,84.2,37.23,10510.0
2009,Maharashtra,Nashik,Sugarcane,Kharif,250.5,Black,7.27,544.2,27.3,Drip,292.7,102.4,116.9,64.77,16224.9
2010,Maharashtra,Nashik,Sugarcane,Kharif,438.3,Black,7.41,800.3,25.1,Canal/Flood,270.1,103.6,143.6,41.1,18014.1
2011,Maharashtra,Nashik,Sugarcane,Kharif,491.7,Black,7.02,536.9,26.2,Canal/Flood,224.4,105.7,130.2,59.04,29030.0
2012,Maharashtra,Nashik,Sugarcane,Kharif,204.2,Black,7.31,714.1,25.7,Canal/Flood,274.4,116.0,116.7,53.75,10975.8
2013,Maharashtra,Nashik,Sugarcane,Kharif,381.2,Black,7.13,629.6,25.3,Rainfed,266.3,85.6,143.2,10.77,4105.5
2014,Maharashtra,Nashik,Sugarcane,Kharif,152.0,Black,7.29,652.2,26.5,Canal/Flood,197.1,122.5,126.4,60.89,9255.3
2015,Maharashtra,Nashik,Sugarcane,Kharif,281.9,Black,7.18,739.4,26.5,Drip,193.8,91.1,120.5,51.06,14393.8
2016,Maharashtra,Nashik,Sugarcane,Kharif,239.1,Black,7.03,627.6,25.9,Rainfed,281.5,69.8,81.2,11.4,2725.7
2017,Maharashtra,Nashik,Sugarcane,Kharif,185.5,Black,7.05,670.9,26.3,Drip,263.1,112.0,134.6,59.95,11120.7
2018,Maharashtra,Nashik,Sugarcane,Kharif,164.9,Black,7.35,852.9,26.6,Canal/Flood,291.1,106.9,115.4,60.23,9931.9
2019,Maharashtra,Nashik,Sugarcane,Kharif,240.4,Black,7.44,1011.6,25.6,Canal/Flood,234.7,83.9,112.6,36.16,8692.9
2020,Maharashtra,Nashik,Sugarcane,Kharif,297.9,Black,7.34,929.8,25.1,Rainfed,316.9,108.1,115.2,21.0,6255.9
2021,Maharashtra,Nashik,Sugarcane,Kharif,356.1,Black,7.11,616.8,26.3,Canal/Flood,234.8,114.7,184.7,67.29,23962.0
2022,Maharashtra,Nashik,Sugarcane,Kharif,297.2,Black,7.17,563.9,28.4,Drip,280.8,97.3,121.7,79.2,23538.2
2023,Maharashtra,Nashik,Sugarcane,Kharif,425.3,Black,7.2,724.2,27.3,Rainfed,237.7,92.0,114.0,14.05,5975.5
2024,Maharashtra,Nashik,Sugarcane,Kharif,316.0,Black,7.3,708.7,25.6,Rainfed,186.4,104.6,157.1,11.32,3577.1
2005,Maharashtra,Nashik,Sugarcane,Rabi,539.7,Black,7.41,35.5,20.1,Rainfed,204.1,95.2,152.2,3.41,1840.4
2006,Maharashtra,Nashik,Sugarcane,Rabi,293.6,Black,7.1,37.0,20.2,Canal/Flood,206.1,83.9,127.7,7.86,2307.7
2007,Maharashtra,Nashik,Sugarcane,Rabi,354.0,Black,7.25,32.1,20.3,Drip,225.8,106.3,86.2,13.72,4856.9
2008,Maharashtra,Nashik,Sugarcane,Rabi,306.4,Black,7.02,35.9,20.0,Rainfed,194.7,62.6,118.1,3.53,1081.6
2009,Maharashtra,Nashik,Sugarcane,Rabi,478.6,Black,7.32,19.5,20.4,Canal/Flood,277.2,81.5,111.9,7.37,3527.3
2010,Maharashtra,Nashik,Sugarcane,Rabi,367.3,Black,6.96,41.4,20.5,Rainfed,303.3,87.5,141.5,4.48,1645.5
2011,Maharashtra,Nashik,Sugarcane,Rabi,391.4,Black,7.13,31.3,20.4,Drip,156.8,84.6,111.3,13.75,5381.8
2012,Maharashtra,Nashik,Sugarcane,Rabi,217.3,Black,7.1,30.6,20.7,Rainfed,265.4,107.1,128.7,4.05,880.1
2013,Maharashtra,Nashik,Sugarcane,Rabi,621.3,Black,7.28,35.6,20.7,Drip,335.9,81.3,119.3,14.73,9151.7
2014,Maharashtra,Nashik,Sugarcane,Rabi,123.1,Black,7.0,26.6,20.9,Canal/Flood,219.2,87.3,114.4,7.98,982.3
2015,Maharashtra,Nashik,Sugarcane,Rabi,350.9,Black,7.29,35.7,19.1,Canal/Flood,283.2,115.2,101.4,7.41,2600.2
2016,Maharashtra,Nashik,Sugarcane,Rabi,166.0,Black,7.43,34.0,20.1,Drip,279.1,97.2,126.9,14.89,2471.7
2017,Maharashtra,Nashik,Sugarcane,Rabi,361.5,Black,7.04,33.2,20.8,Rainfed,277.3,101.5,131.8,3.77,1362.9
2018,Maharashtra,Nashik,Sugarcane,Rabi,255.5,Black,7.83,40.1,21.0,Canal/Flood,176.3,70.3,101.5,5.59,1428.2
2019,Maharashtra,Nashik,Sugarcane,Rabi,462.5,Black,7.08,39.1,19.9,Rainfed,214.9,73.8,157.3,4.03,1863.9
2020,Maharashtra,Nashik,Sugarcane,Rabi,846.1,Black,7.03,41.0,19.8,Rainfed,326.2,115.4,124.1,4.7,3976.7
2021,Maharashtra,Nashik,Sugarcane,Rabi,147.4,Black,7.3,38.7,20.3,Canal/Flood,238.1,52.7,116.1,8.12,1196.9
2022,Maharashtra,Nashik,Sugarcane,Rabi,169.6,Black,7.01,38.6,23.2,Canal/Flood,276.7,126.9,113.7,12.74,2160.7
2023,Maharashtra,Nashik,Sugarcane,Rabi,580.2,Black,7.15,36.8,21.3,Rainfed,218.9,108.2,127.4,4.23,2454.2
2024,Maharashtra,Nashik,Sugarcane,Rabi,230.1,Black,7.22,35.1,19.8,Drip,315.8,112.3,92.8,16.41,3775.9
2009,Bihar,Patna,Sugarcane,Kharif,324.0,Alluvial,7.01,624.7,29.7,Rainfed,285.7,112.4,106.8,16.61,5381.6
2022,Bihar,Patna,Sugarcane,Rabi,527.1,Alluvial,7.54,46.8,19.4,Rainfed,164.1,85.8,153.7,2.99,1576.0
2020,Gujarat,Rajkot,Sugarcane,Kharif,388.2,Sandy Loam,7.7,716.3,29.4,Rainfed,303.5,124.0,122.7,10.53,4087.7
2009,Gujarat,Rajkot,Sugarcane,Rabi,388.2,Sandy Loam,7.53,14.2,22.4,Drip,284.4,82.4,126.1,10.23,3971.3
2005,Tamil Nadu,Thanjavur,Sugarcane,Kharif,166.4,Clay Loam,6.95,351.4,29.7,Canal/Flood,216.0,74.4,106.0,57.41,9553.0
2006,Tamil Nadu,Thanjavur,Sugarcane,Kharif,320.0,Clay Loam,6.69,350.5,31.0,Canal/Flood,236.9,71.9,139.1,47.09,15068.8
2007,Tamil Nadu,Thanjavur,Sugarcane,Kharif,560.3,Clay Loam,7.07,356.9,30.4,Canal/Flood,204.0,92.8,159.3,58.56,32811.2
2008,Tamil Nadu,Thanjavur,Sugarcane,Kharif,698.5,Clay Loam,6.87,361.9,31.7,Rainfed,325.3,91.2,131.5,12.58,8787.1
2009,Tamil Nadu,Thanjavur,Sugarcane,Kharif,590.5,Clay Loam,6.67,279.4,32.1,Tube Well,229.5,83.5,134.5,41.65,24594.3
2010,Tamil Nadu,Thanjavur,Sugarcane,Kharif,145.6,Clay Loam,6.91,412.2,31.1,Canal/Flood,274.0,86.9,142.5,58.37,8498.7
2011,Tamil Nadu,Thanjavur,Sugarcane,Kharif,161.8,Clay Loam,6.73,432.7,32.4,Canal/Flood,201.1,136.5,164.5,46.83,7577.1
2012,Tamil Nadu,Thanjavur,Sugarcane,Kharif,247.8,Clay Loam,6.47,385.9,30.6,Tube Well,241.6,115.1,102.2,56.52,14005.7
2013,Tamil Nadu,Thanjavur,Sugarcane,Kharif,336.9,Clay Loam,6.84,358.8,31.5,Rainfed,245.3,87.5,110.6,12.81,4315.7
2014,Tamil Nadu,Thanjavur,Sugarcane,Kharif,165.1,Clay Loam,6.29,342.8,31.8,Canal/Flood,210.9,73.5,97.6,33.74,5570.5
2015,Tamil Nadu,Thanjavur,Sugarcane,Kharif,248.2,Clay Loam,6.91,252.8,32.3,Tube Well,187.2,114.8,156.9,44.53,11052.3
2016,Tamil Nadu,Thanjavur,Sugarcane,Kharif,136.6,Clay Loam,6.61,442.6,31.3,Canal/Flood,216.4,82.6,158.7,58.04,7928.3
2017,Tamil Nadu,Thanjavur,Sugarcane,Kharif,180.0,Clay Loam,6.86,381.8,30.6,Canal/Flood,292.0,90.0,116.1,64.93,11687.4
2018,Tamil Nadu,Thanjavur,Sugarcane,Kharif,171.2,Clay Loam,7.01,389.0,31.2,Tube Well,292.8,117.5,144.9,68.32,11696.4
2019,Tamil Nadu,Thanjavur,Sugarcane,Kharif,234.3,Clay Loam,6.91,474.0,30.3,Tube Well,234.6,99.5,144.7,77.74,18214.5
2020,Tamil Nadu,Thanjavur,Sugarcane,Kharif,223.1,Clay Loam,6.32,447.6,31.3,Canal/Flood,206.6,120.3,128.5,44.15,9849.9
2021,Tamil Nadu,Thanjavur,Sugarcane,Kharif,291.5,Clay Loam,6.82,353.1,30.6,Tube Well,292.8,94.1,108.8,72.49,21130.8
2022,Tamil Nadu,Thanjavur,Sugarcane,Kharif,184.7,Clay Loam,6.9,322.3,33.7,Rainfed,234.0,128.6,134.4,7.13,1316.9
2023,Tamil Nadu,Thanjavur,Sugarcane,Kharif,235.6,Clay Loam,6.87,322.8,30.0,Tube Well,218.7,127.8,104.9,62.55,14736.8
2024,Tamil Nadu,Thanjavur,Sugarcane,Kharif,255.3,Clay Loam,6.67,404.6,30.0,Rainfed,303.7,118.0,123.9,16.05,4097.6
2005,Tamil Nadu,Thanjavur,Sugarcane,Rabi,318.6,Clay Loam,6.73,587.2,24.8,Tube Well,137.4,112.3,128.4,36.87,11746.8
2006,Tamil Nadu,Thanjavur,Sugarcane,Rabi,508.5,Clay Loam,6.72,606.3,25.5,Canal/Flood,225.4,90.7,126.4,52.07,26477.6
2007,Tamil Nadu,Thanjavur,Sugarcane,Rabi,312.0,Clay Loam,6.84,602.7,24.9,Tube Well,263.0,101.3,145.8,44.91,14011.9
2008,Tamil Nadu,Thanjavur,Sugarcane,Rabi,106.6,Clay Loam,6.68,560.4,25.8,Rainfed,277.8,127.2,114.8,10.93,1165.1
2009,Tamil Nadu,Thanjavur,Sugarcane,Rabi,273.7,Clay Loam,6.63,425.6,25.5,Tube Well,333.6,117.5,121.8,42.99,11766.4
2010,Tamil Nadu,Thanjavur,Sugarcane,Rabi,620.3,Clay Loam,6.95,454.0,24.4,Tube Well,251.3,100.4,58.8,36.87,22870.5
2011,Tamil Nadu,Thanjavur,Sugarcane,Rabi,420.2,Clay Loam,6.76,551.0,24.4,Rainfed,293.6,116.8,129.4,8.43,3542.3
2012,Tamil Nadu,Thanjavur,Sugarcane,Rabi,293.6,Clay Loam,7.02,575.6,24.8,Canal/Flood,313.0,145.6,108.6,47.06,13816.8
2013,Tamil Nadu,Thanjavur,Sugarcane,Rabi,391.2,Clay Loam,6.87,504.8,24.9,Rainfed,320.9,61.7,120.7,9.91,3876.8
2014,Tamil Nadu,Thanjavur,Sugarcane,Rabi,248.7,Clay Loam,6.77,410.5,26.1,Tube Well,228.4,80.4,180.5,49.69,12357.9
2015,Tamil Nadu,Thanjavur,Sugarcane,Rabi,185.6,Clay Loam,6.74,411.0,25.8,Rainfed,175.5,111.6,151.8,10.84,2011.9
2016,Tamil Nadu,Thanjavur,Sugarcane,Rabi,399.0,Clay Loam,6.57,565.3,25.0,Tube Well,190.7,114.9,138.2,38.8,15481.2
2017,Tamil Nadu,Thanjavur,Sugarcane,Rabi,284.3,Clay Loam,6.59,590.8,25.1,Rainfed,195.5,106.7,165.8,8.79,2499.0
2018,Tamil Nadu,Thanjavur,Sugarcane,Rabi,102.2,Clay Loam,6.39,446.9,25.2,Rainfed,275.3,110.4,98.2,8.21,839.1
2019,Tamil Nadu,Thanjavur,Sugarcane,Rabi,430.9,Clay Loam,7.08,517.9,24.1,Tube Well,246.3,78.4,91.1,36.97,15930.4
2020,Tamil Nadu,Thanjavur,Sugarcane,Rabi,401.5,Clay Loam,6.74,654.6,25.5,Rainfed,201.8,65.8,121.8,10.14,4071.2
2021,Tamil Nadu,Thanjavur,Sugarcane,Rabi,617.6,Clay Loam,7.13,638.6,25.3,Canal/Flood,271.9,115.7,124.1,56.59,34950.0
2022,Tamil Nadu,Thanjavur,Sugarcane,Rabi,544.3,Clay Loam,6.89,520.7,26.1,Rainfed,265.3,72.1,102.4,13.21,7190.2
2023,Tamil Nadu,Thanjavur,Sugarcane,Rabi,548.1,Clay Loam,6.85,607.9,24.3,Tube Well,207.8,69.6,136.9,41.44,22713.3
2024,Tamil Nadu,Thanjavur,Sugarcane,Rabi,412.9,Clay Loam,6.67,525.4,25.2,Rainfed,258.1,113.5,153.8,10.95,4521.3
2005,Uttar Pradesh,Varanasi,Sugarcane,Kharif,230.6,Alluvial,6.83,958.2,29.0,Tube Well,206.8,124.9,139.6,58.69,13533.9
2006,Uttar Pradesh,Varanasi,Sugarcane,Kharif,738.5,Alluvial,7.1,855.0,29.5,Tube Well,243.5,78.2,133.0,68.68,50720.2
2007,Uttar Pradesh,Varanasi,Sugarcane,Kharif,308.2,Alluvial,7.15,987.0,30.1,Tube Well,232.7,107.6,101.3,53.29,16424.0
2008,Uttar Pradesh,Varanasi,Sugarcane,Kharif,92.9,Alluvial,6.85,1151.4,28.7,Canal/Flood,222.5,106.2,174.2,45.32,4210.2
2009,Uttar Pradesh,Varanasi,Sugarcane,Kharif,718.5,Alluvial,7.2,689.7,30.8,Tube Well,320.4,95.8,107.5,67.65,48606.5
2010,Uttar Pradesh,Varanasi,Sugarcane,Kharif,147.3,Alluvial,7.44,920.0,29.9,Rainfed,213.1,85.3,123.8,24.84,3658.9
2011,Uttar Pradesh,Varanasi,Sugarcane,Kharif,258.1,Alluvial,7.23,836.8,29.6,Tube Well,301.8,92.3,91.9,70.86,18289.0
2012,Uttar Pradesh,Varanasi,Sugarcane,Kharif,331.5,Alluvial,6.93,1010.4,28.4,Canal/Flood,316.8,76.3,145.9,61.17,20277.9
2013,Uttar Pradesh,Varanasi,Sugarcane,Kharif,283.1,Alluvial,7.24,998.0,29.1,Rainfed,248.1,100.6,129.6,42.65,12074.2
2014,Uttar Pradesh,Varanasi,Sugarcane,Kharif,884.2,Alluvial,7.17,682.5,30.8,Tube Well,252.7,106.4,131.7,70.85,62645.6
2015,Uttar Pradesh,Varanasi,Sugarcane,Kharif,133.8,Alluvial,7.38,899.8,30.2,Rainfed,232.1,104.6,108.3,21.77,2912.8
2016,Uttar Pradesh,Varanasi,Sugarcane,Kharif,163.9,Alluvial,7.24,842.4,29.2,Canal/Flood,244.9,92.5,118.2,72.07,11812.3
2017,Uttar Pradesh,Varanasi,Sugarcane,Kharif,827.0,Alluvial,7.13,817.2,29.9,Canal/Flood,176.7,100.6,153.2,73.46,60751.4
2018,Uttar Pradesh,Varanasi,Sugarcane,Kharif,122.8,Alluvial,7.31,887.8,28.0,Rainfed,181.2,104.4,127.0,26.02,3195.3
2019,Uttar Pradesh,Varanasi,Sugarcane,Kharif,115.1,Alluvial,7.19,1134.9,29.7,Canal/Flood,205.1,74.5,132.6,47.35,5450.0
2020,Uttar Pradesh,Varanasi,Sugarcane,Kharif,301.6,Alluvial,6.74,1043.5,29.6,Tube Well,266.9,108.2,131.9,53.66,16183.9
2021,Uttar Pradesh,Varanasi,Sugarcane,Kharif,524.7,Alluvial,7.28,845.5,28.8,Canal/Flood,228.4,95.1,106.6,74.38,39027.2
2022,Uttar Pradesh,Varanasi,Sugarcane,Kharif,170.1,Alluvial,7.11,793.1,32.1,Rainfed,262.9,125.7,92.9,13.84,2354.2
2023,Uttar Pradesh,Varanasi,Sugarcane,Kharif,235.6,Alluvial,7.2,880.0,30.4,Rainfed,215.0,104.0,120.5,24.64,5805.2
2024,Uttar Pradesh,Varanasi,Sugarcane,Kharif,564.3,Alluvial,7.14,749.6,30.4,Tube Well,231.7,71.2,121.3,79.57,44901.4
2005,Uttar Pradesh,Varanasi,Sugarcane,Rabi,203.5,Alluvial,7.02,54.1,17.0,Canal/Flood,258.4,88.1,138.4,8.26,1680.9
2006,Uttar Pradesh,Varanasi,Sugarcane,Rabi,327.2,Alluvial,7.04,48.7,18.7,Canal/Flood,161.8,137.1,94.2,7.62,2493.3
2007,Uttar Pradesh,Varanasi,Sugarcane,Rabi,230.4,Alluvial,7.26,52.9,17.3,Canal/Flood,315.4,75.9,135.0,8.58,1976.8
2008,Uttar Pradesh,Varanasi,Sugarcane,Rabi,573.5,Alluvial,6.77,46.2,18.3,Canal/Flood,310.2,121.3,117.7,8.7,4989.4
2009,Uttar Pradesh,Varanasi,Sugarcane,Rabi,340.2,Alluvial,7.35,41.5,19.0,Rainfed,255.0,118.1,131.2,3.62,1231.5
2010,Uttar Pradesh,Varanasi,Sugarcane,Rabi,185.6,Alluvial,7.21,44.0,17.5,Canal/Flood,242.9,103.9,103.8,7.83,1453.2
2011,Uttar Pradesh,Varanasi,Sugarcane,Rabi,532.9,Alluvial,7.12,51.4,18.1,Tube Well,217.7,130.8,161.9,10.05,5355.6
2012,Uttar Pradesh,Varanasi,Sugarcane,Rabi,410.6,Alluvial,6.83,50.6,18.1,Rainfed,256.9,98.5,144.5,4.21,1728.6
2013,Uttar Pradesh,Varanasi,Sugarcane,Rabi,500.6,Alluvial,7.06,46.8,18.5,Rainfed,261.4,108.7,112.6,4.35,2177.6
2014,Uttar Pradesh,Varanasi,Sugarcane,Rabi,789.9,Alluvial,7.11,36.4,19.3,Tube Well,287.4,102.2,100.0,10.08,7962.2
2015,Uttar Pradesh,Varanasi,Sugarcane,Rabi,876.9,Alluvial,7.1,44.2,18.9,Rainfed,203.5,143.9,133.2,4.23,3709.3
2016,Uttar Pradesh,Varanasi,Sugarcane,Rabi,356.9,Alluvial,7.23,43.1,18.4,Tube Well,277.5,106.3,161.2,10.75,3836.7
2017,Uttar Pradesh,Varanasi,Sugarcane,Rabi,155.4,Alluvial,7.42,61.8,17.6,Tube Well,301.8,73.5,127.6,9.7,1507.4
2018,Uttar Pradesh,Varanasi,Sugarcane,Rabi,303.4,Alluvial,7.35,49.8,18.1,Canal/Flood,224.3,107.9,122.5,8.12,2463.6
2019,Uttar Pradesh,Varanasi,Sugarcane,Rabi,116.9,Alluvial,6.93,62.9,17.7,Rainfed,218.1,87.6,109.1,4.19,489.8
2020,Uttar Pradesh,Varanasi,Sugarcane,Rabi,574.1,Alluvial,7.18,63.0,17.7,Rainfed,325.1,75.1,161.9,4.23,2428.4
2021,Uttar Pradesh,Varanasi,Sugarcane,Rabi,486.7,Alluvial,7.17,50.1,17.1,Tube Well,295.4,88.9,139.7,11.21,5455.9
2022,Uttar Pradesh,Varanasi,Sugarcane,Rabi,90.1,Alluvial,6.82,46.8,20.0,Canal/Flood,279.9,122.1,118.9,9.14,823.5
2023,Uttar Pradesh,Varanasi,Sugarcane,Rabi,467.1,Alluvial,7.05,51.9,19.0,Tube Well,218.1,125.2,117.7,10.6,4951.3
2024,Uttar Pradesh,Varanasi,Sugarcane,Rabi,682.4,Alluvial,6.86,55.4,18.0,Tube Well,162.3,108.1,175.9,11.05,7540.5
2006,West Bengal,Burdwan,Tomato,Rabi,222.6,Alluvial,5.94,63.5,19.8,Canal/Flood,114.0,91.9,76.0,3.33,741.3
2008,West Bengal,Burdwan,Tomato,Rabi,731.2,Alluvial,6.59,73.2,20.1,Tube Well,164.5,73.4,93.0,7.05,5155.0
2015,West Bengal,Burdwan,Tomato,Rabi,1128.4,Alluvial,6.21,52.2,21.6,Rainfed,183.0,78.9,91.3,3.4,3836.6
2017,West Bengal,Burdwan,Tomato,Rabi,153.1,Alluvial,6.07,54.9,20.2,Tube Well,114.8,86.0,119.2,5.79,886.4
2013,West Bengal,Burdwan,Tomato,Summer,284.9,Alluvial,6.4,119.9,32.3,Rainfed,136.6,68.8,82.8,1.43,407.4
2015,West Bengal,Burdwan,Tomato,Summer,258.6,Alluvial,5.94,85.1,32.7,Tube Well,152.9,107.7,96.6,4.21,1088.7
2018,West Bengal,Burdwan,Tomato,Summer,306.2,Alluvial,6.14,137.8,32.0,Tube Well,158.1,96.6,36.4,5.05,1546.3
2024,West Bengal,Burdwan,Tomato,Summer,548.9,Alluvial,6.09,148.0,32.3,Canal/Flood,133.0,81.6,95.0,5.2,2854.3
2005,Andhra Pradesh,Guntur,Tomato,Kharif,795.8,Black,7.49,577.3,29.7,Canal/Flood,107.7,105.3,56.3,0.93,740.1
2006,Andhra Pradesh,Guntur,Tomato,Kharif,377.2,Black,7.13,455.7,29.9,Rainfed,169.2,96.9,61.9,5.39,2033.1
2007,Andhra Pradesh,Guntur,Tomato,Kharif,476.4,Black,7.23,577.6,30.2,Canal/Flood,144.2,88.2,101.3,0.98,466.9
2008,Andhra Pradesh,Guntur,Tomato,Kharif,357.7,Black,7.36,569.5,29.8,Rainfed,101.3,77.9,82.8,3.77,1348.5
2009,Andhra Pradesh,Guntur,Tomato,Kharif,746.3,Black,7.52,520.8,30.9,Tube Well,114.8,50.3,107.7,1.01,753.8
2010,Andhra Pradesh,Guntur,Tomato,Kharif,312.9,Black,7.44,550.9,29.3,Drip,155.7,56.2,73.2,0.89,278.5
2011,Andhra Pradesh,Guntur,Tomato,Kharif,292.1,Black,7.61,660.2,30.3,Drip,136.9,69.5,105.3,1.03,300.9
2012,Andhra Pradesh,Guntur,Tomato,Kharif,277.7,Black,7.95,487.6,30.6,Tube Well,142.0,97.0,83.0,1.64,455.4
2013,Andhra Pradesh,Guntur,Tomato,Kharif,265.7,Black,7.41,629.5,30.4,Tube Well,125.1,98.3,88.2,0.97,257.7
2014,Andhra Pradesh,Guntur,Tomato,Kharif,417.3,Black,7.43,657.8,30.2,Rainfed,163.9,78.3,105.9,2.48,1034.9
2015,Andhra Pradesh,Guntur,Tomato,Kharif,238.3,Black,7.42,570.4,30.9,Canal/Flood,138.4,85.1,68.7,1.03,245.4
2016,Andhra Pradesh,Guntur,Tomato,Kharif,366.0,Black,7.34,672.2,30.8,Tube Well,119.8,108.0,82.7,1.08,395.3
2017,Andhra Pradesh,Guntur,Tomato,Kharif,299.6,Black,7.62,589.7,29.9,Rainfed,143.5,73.6,91.6,4.11,1231.4
2018,Andhra Pradesh,Guntur,Tomato,Kharif,158.1,Black,7.55,611.0,29.8,Tube Well,178.2,59.5,56.5,1.01,159.7
2019,Andhra Pradesh,Guntur,Tomato,Kharif,404.1,Black,7.46,824.7,28.7,Drip,102.8,84.5,92.4,1.24,501.1
2020,Andhra Pradesh,Guntur,Tomato,Kharif,551.4,Black,7.7,872.1,31.0,Tube Well,176.5,79.7,69.6,1.06,584.5
2021,Andhra Pradesh,Guntur,Tomato,Kharif,475.9,Black,7.63,564.3,29.8,Tube Well,88.2,106.7,99.3,0.99,471.1
2022,Andhra Pradesh,Guntur,Tomato,Kharif,59.9,Black,7.4,576.9,32.7,Canal/Flood,137.7,101.5,98.8,1.06,63.5
2023,Andhra Pradesh,Guntur,Tomato,Kharif,141.0,Black,7.46,733.6,30.1,Rainfed,150.0,89.0,84.7,1.09,153.7
2024,Andhra Pradesh,Guntur,Tomato,Kharif,227.7,Black,7.19,520.3,29.9,Rainfed,163.1,78.2,85.1,6.13,1395.8
2005,Andhra Pradesh,Guntur,Tomato,Rabi,202.7,Black,7.49,219.2,23.8,Tube Well,103.9,88.4,65.3,16.65,3375.0
2006,Andhra Pradesh,Guntur,Tomato,Rabi,513.4,Black,7.19,221.5,23.6,Rainfed,93.7,96.9,115.7,3.65,1873.9
2007,Andhra Pradesh,Guntur,Tomato,Rabi,534.7,Black,7.3,212.9,24.4,Canal/Flood,188.1,91.7,86.5,19.74,10555.0
2008,Andhra Pradesh,Guntur,Tomato,Rabi,247.8,Black,7.44,217.2,23.8,Drip,115.3,64.3,109.6,16.71,4140.7
2009,Andhra Pradesh,Guntur,Tomato,Rabi,827.6,Black,7.81,172.8,24.5,Rainfed,127.2,72.6,70.6,3.77,3120.1
2010,Andhra Pradesh,Guntur,Tomato,Rabi,405.7,Black,7.39,219.6,23.8,Canal/Flood,133.5,60.7,110.4,18.26,7408.1
2011,Andhra Pradesh,Guntur,Tomato,Rabi,237.5,Black,7.32,235.7,23.4,Rainfed,131.1,76.8,94.8,3.63,862.1
2012,Andhra Pradesh,Guntur,Tomato,Rabi,92.7,Black,7.53,175.4,24.6,Tube Well,152.0,76.3,82.3,18.91,1753.0
2013,Andhra Pradesh,Guntur,Tomato,Rabi,677.6,Black,7.77,252.2,24.4,Rainfed,159.5,101.4,72.0,3.94,2669.7
2014,Andhra Pradesh,Guntur,Tomato,Rabi,237.2,Black,7.55,232.6,24.8,Canal/Flood,125.0,100.7,94.6,20.05,4755.9
2015,Andhra Pradesh,Guntur,Tomato,Rabi,257.0,Black,7.33,191.1,24.8,Canal/Flood,138.7,60.0,111.1,19.36,4975.5
2016,Andhra Pradesh,Guntur,Tomato,Rabi,591.7,Black,7.38,254.7,24.9,Rainfed,134.5,71.2,97.9,4.04,2390.5
2017,Andhra Pradesh,Guntur,Tomato,Rabi,484.9,Black,7.45,183.1,24.8,Drip,153.1,65.3,77.1,20.7,10037.4
2018,Andhra Pradesh,Guntur,Tomato,Rabi,619.6,Black,7.61,247.7,24.2,Drip,143.4,55.6,95.8,18.25,11307.7
2019,Andhra Pradesh,Guntur,Tomato,Rabi,277.6,Black,7.48,268.9,23.3,Rainfed,171.5,66.4,127.5,4.15,1152.0
2020,Andhra Pradesh,Guntur,Tomato,Rabi,500.1,Black,7.51,232.3,24.0,Tube Well,130.7,65.5,125.9,19.89,9947.0
2021,Andhra Pradesh,Guntur,Tomato,Rabi,429.6,Black,7.27,188.2,23.9,Tube Well,121.8,88.5,87.5,21.29,9146.2
2022,Andhra Pradesh,Guntur,Tomato,Rabi,407.7,Black,7.39,244.2,25.8,Canal/Flood,89.0,93.7,80.4,18.24,7436.4
2023,Andhra Pradesh,Guntur,Tomato,Rabi,189.0,Black,7.75,248.1,23.7,Rainfed,158.7,87.7,93.2,4.44,839.2
2024,Andhra Pradesh,Guntur,Tomato,Rabi,365.9,Black,7.79,217.7,24.9,Tube Well,127.7,80.0,100.2,22.85,8360.8
2005,Andhra Pradesh,Guntur,Tomato,Summer,565.9,Black,7.45,56.3,36.2,Tube Well,157.8,71.9,100.2,2.95,1669.4
2006,Andhra Pradesh,Guntur,Tomato,Summer,332.2,Black,7.42,47.5,34.4,Canal/Flood,119.6,86.1,82.3,2.59,860.4
2007,Andhra Pradesh,Guntur,Tomato,Summer,70.7,Black,7.48,50.6,34.4,Tube Well,165.9,86.2,97.0,3.15,222.7
2008,Andhra Pradesh,Guntur,Tomato,Summer,832.7,Black,7.3,51.4,34.6,Tube Well,147.8,64.2,75.7,3.07,2556.4
2009,Andhra Pradesh,Guntur,Tomato,Summer,425.5,Black,7.42,55.6,35.5,Canal/Flood,124.9,57.6,103.3,2.69,1144.6
2010,Andhra Pradesh,Guntur,Tomato,Summer,444.3,Black,7.58,49.2,34.2,Drip,148.3,68.3,84.1,4.38,1946.0
2011,Andhra Pradesh,Guntur,Tomato,Summer,192.9,Black,7.55,57.4,35.3,Rainfed,143.1,77.3,100.5,1.0,192.9
2012,Andhra Pradesh,Guntur,Tomato,Summer,815.8,Black,7.95,48.7,35.2,Canal/Flood,155.5,96.4,67.0,2.96,2414.8
2013,Andhra Pradesh,Guntur,Tomato,Summer,147.8,Black,7.58,54.1,35.0,Drip,107.8,96.7,110.6,4.37,645.9
2014,Andhra Pradesh,Guntur,Tomato,Summer,241.4,Black,7.4,39.9,35.4,Drip,148.1,61.1,106.1,4.29,1035.6
2015,Andhra Pradesh,Guntur,Tomato,Summer,326.9,Black,7.37,47.3,35.9,Tube Well,169.6,52.9,84.7,2.96,967.6
2016,Andhra Pradesh,Guntur,Tomato,Summer,479.5,Black,7.43,57.3,34.4,Canal/Flood,117.2,98.8,62.5,3.1,1486.5
2017,Andhra Pradesh,Guntur,Tomato,Summer,641.2,Black,7.37,50.4,35.0,Canal/Flood,187.0,75.4,103.6,3.03,1942.8
2018,Andhra Pradesh,Guntur,Tomato,Summer,850.8,Black,7.76,45.3,35.4,Rainfed,143.2,90.8,68.4,1.06,901.8
2019,Andhra Pradesh,Guntur,Tomato,Summer,478.7,Black,7.45,61.2,34.1,Tube Well,130.3,101.2,88.4,3.6,1723.3
2020,Andhra Pradesh,Guntur,Tomato,Summer,525.5,Black,7.39,62.3,34.3,Drip,166.4,78.9,93.7,5.35,2811.4
2021,Andhra Pradesh,Guntur,Tomato,Summer,406.3,Black,7.56,53.6,35.3,Canal/Flood,132.3,97.9,95.3,2.98,1210.8
2022,Andhra Pradesh,Guntur,Tomato,Summer,310.5,Black,7.38,47.4,38.1,Drip,169.9,64.0,93.7,4.9,1521.5
2023,Andhra Pradesh,Guntur,Tomato,Summer,621.0,Black,7.4,41.2,35.0,Drip,121.0,73.7,113.7,4.64,2881.4
2024,Andhra Pradesh,Guntur,Tomato,Summer,248.5,Black,7.67,53.8,34.2,Canal/Flood,168.4,47.0,101.5,3.11,772.8
2016,Madhya Pradesh,Indore,Tomato,Kharif,479.4,Black,7.21,1005.1,26.7,Sprinkler,120.8,57.2,95.8,3.26,1562.8
2021,Madhya Pradesh,Indore,Tomato,Rabi,309.2,Black,7.51,25.3,18.9,Rainfed,131.1,72.2,94.7,1.05,324.7
2007,Madhya Pradesh,Indore,Tomato,Summer,655.5,Black,7.71,20.5,31.9,Tube Well,124.8,48.2,104.5,2.42,1586.3
2009,Madhya Pradesh,Indore,Tomato,Summer,450.7,Black,7.46,16.7,33.8,Sprinkler,157.3,78.0,108.9,3.26,1469.3
2010,Madhya Pradesh,Indore,Tomato,Summer,369.8,Black,7.63,18.0,34.1,Tube Well,114.8,87.5,104.0,2.47,913.4
2018,Madhya Pradesh,Indore,Tomato,Summer,396.1,Black,7.67,20.9,33.6,Sprinkler,116.7,82.7,66.3,2.94,1164.5
2023,Madhya Pradesh,Indore,Tomato,Summer,114.3,Black,7.85,17.5,32.2,Tube Well,171.4,87.2,71.9,2.88,329.2
2015,Haryana,Karnal,Tomato,Summer,266.2,Alluvial,7.17,30.1,34.9,Tube Well,128.6,87.5,103.3,3.15,838.5
2005,Rajasthan,Kota,Tomato,Kharif,401.7,Clay Loam,7.5,612.7,30.5,Canal/Flood,83.7,83.4,71.3,0.68,273.2
2006,Rajasthan,Kota,Tomato,Kharif,373.6,Clay Loam,7.66,734.5,30.0,Tube Well,151.6,109.2,67.9,0.79,295.1
2007,Rajasthan,Kota,Tomato,Kharif,615.0,Clay Loam,7.75,666.9,30.4,Sprinkler,119.4,56.5,109.5,0.78,479.7
2008,Rajasthan,Kota,Tomato,Kharif,626.1,Clay Loam,7.76,574.3,30.7,Sprinkler,147.8,57.3,86.6,0.76,475.8
2009,Rajasthan,Kota,Tomato,Kharif,341.2,Clay Loam,7.58,575.2,29.7,Tube Well,159.5,71.0,102.1,0.85,290.0
2010,Rajasthan,Kota,Tomato,Kharif,97.8,Clay Loam,7.82,741.6,31.1,Sprinkler,108.5,83.0,78.2,0.8,78.2
2011,Rajasthan,Kota,Tomato,Kharif,327.9,Clay Loam,7.6,607.1,30.1,Canal/Flood,167.0,83.1,76.7,0.81,265.6
2012,Rajasthan,Kota,Tomato,Kharif,486.6,Clay Loam,7.83,560.4,29.6,Canal/Flood,153.9,84.4,85.3,0.85,413.6
2013,Rajasthan,Kota,Tomato,Kharif,525.0,Clay Loam,7.73,619.9,30.9,Sprinkler,177.2,55.5,88.7,0.87,456.8
2014,Rajasthan,Kota,Tomato,Kharif,280.3,Clay Loam,7.81,742.1,30.6,Tube Well,101.6,51.9,120.0,0.77,215.8
2015,Rajasthan,Kota,Tomato,Kharif,264.9,Clay Loam,7.75,541.6,30.8,Tube Well,187.8,67.9,68.8,0.88,233.1
2016,Rajasthan,Kota,Tomato,Kharif,145.4,Clay Loam,7.81,535.7,29.9,Sprinkler,139.3,85.0,96.6,0.91,132.3
2017,Rajasthan,Kota,Tomato,Kharif,295.1,Clay Loam,7.41,606.9,29.9,Sprinkler,105.8,73.0,93.0,0.83,244.9
2018,Rajasthan,Kota,Tomato,Kharif,308.8,Clay Loam,7.61,733.1,29.5,Sprinkler,145.5,75.9,86.7,0.85,262.5
2019,Rajasthan,Kota,Tomato,Kharif,282.7,Clay Loam,7.85,748.9,29.7,Tube Well,142.7,84.8,95.3,0.9,254.4
2020,Rajasthan,Kota,Tomato,Kharif,474.7,Clay Loam,7.72,878.3,29.0,Sprinkler,144.0,88.2,82.6,0.91,432.0
2021,Rajasthan,Kota,Tomato,Kharif,351.4,Clay Loam,7.96,635.7,29.7,Tube Well,183.1,82.1,74.7,0.89,312.7
2022,Rajasthan,Kota,Tomato,Kharif,84.8,Clay Loam,7.82,484.9,31.7,Canal/Flood,119.2,92.4,86.4,1.63,138.2
2023,Rajasthan,Kota,Tomato,Kharif,458.9,Clay Loam,7.78,842.5,30.0,Sprinkler,145.4,81.8,74.3,0.99,454.3
2024,Rajasthan,Kota,Tomato,Kharif,168.2,Clay Loam,7.51,614.9,29.4,Sprinkler,175.0,105.4,88.9,0.94,158.1
2005,Rajasthan,Kota,Tomato,Rabi,303.9,Clay Loam,7.65,28.5,17.1,Sprinkler,147.0,70.6,107.4,2.94,893.5
2006,Rajasthan,Kota,Tomato,Rabi,261.7,Clay Loam,7.58,26.3,18.0,Canal/Flood,162.5,80.2,74.5,2.01,526.0
2007,Rajasthan,Kota,Tomato,Rabi,576.6,Clay Loam,7.83,22.2,19.0,Tube Well,130.6,77.8,102.4,2.11,1216.6
2008,Rajasthan,Kota,Tomato,Rabi,267.3,Clay Loam,7.76,25.3,17.2,Tube Well,161.8,79.8,82.5,2.37,633.5
2009,Rajasthan,Kota,Tomato,Rabi,584.7,Clay Loam,7.7,19.8,18.5,Tube Well,130.5,89.5,118.6,2.24,1309.7
2010,Rajasthan,Kota,Tomato,Rabi,172.9,Clay Loam,7.5,28.0,18.7,Canal/Flood,122.9,91.7,95.4,1.88,325.1
2011,Rajasthan,Kota,Tomato,Rabi,190.2,Clay Loam,7.71,23.6,18.5,Canal/Flood,127.4,102.9,113.7,2.02,384.2
2012,Rajasthan,Kota,Tomato,Rabi,700.1,Clay Loam,7.53,24.2,17.4,Sprinkler,196.5,86.9,87.5,3.27,2289.3
2013,Rajasthan,Kota,Tomato,Rabi,410.6,Clay Loam,7.34,26.5,17.7,Canal/Flood,151.6,70.5,72.5,1.94,796.6
2014,Rajasthan,Kota,Tomato,Rabi,684.1,Clay Loam,7.86,21.5,17.6,Sprinkler,138.9,70.4,88.0,2.89,1977.0
2015,Rajasthan,Kota,Tomato,Rabi,237.9,Clay Loam,7.81,24.5,18.8,Canal/Flood,135.0,72.9,90.8,2.04,485.3
2016,Rajasthan,Kota,Tomato,Rabi,708.3,Clay Loam,7.93,27.8,17.7,Sprinkler,114.9,110.4,79.9,3.06,2167.4
2017,Rajasthan,Kota,Tomato,Rabi,91.1,Clay Loam,7.74,24.8,16.0,Sprinkler,155.5,77.5,76.9,3.33,303.4
2018,Rajasthan,Kota,Tomato,Rabi,471.5,Clay Loam,7.53,26.0,18.2,Sprinkler,147.9,59.9,91.6,3.06,1442.8
2019,Rajasthan,Kota,Tomato,Rabi,562.2,Clay Loam,7.72,32.0,17.7,Sprinkler,175.9,97.1,103.9,3.4,1911.5
2020,Rajasthan,Kota,Tomato,Rabi,670.3,Clay Loam,7.75,33.5,17.4,Tube Well,143.9,108.4,98.6,2.77,1856.7
2021,Rajasthan,Kota,Tomato,Rabi,400.3,Clay Loam,7.73,22.2,18.5,Tube Well,147.3,79.6,71.5,2.42,968.7
2022,Rajasthan,Kota,Tomato,Rabi,418.6,Clay Loam,7.51,18.1,20.1,Sprinkler,142.0,77.4,89.3,4.09,1712.1
2023,Rajasthan,Kota,Tomato,Rabi,240.5,Clay Loam,7.54,24.1,18.9,Sprinkler,174.2,83.9,82.5,3.08,740.7
2024,Rajasthan,Kota,Tomato,Rabi,245.1,Clay Loam,7.41,28.2,17.9,Tube Well,146.8,74.1,85.2,2.54,622.6
2005,Rajasthan,Kota,Tomato,Summer,159.2,Clay Loam,8.06,15.9,35.0,Sprinkler,167.9,97.1,100.3,2.69,428.2
2006,Rajasthan,Kota,Tomato,Summer,269.4,Clay Loam,7.99,18.6,34.1,Canal/Flood,142.6,100.3,83.4,1.61,433.7
2007,Rajasthan,Kota,Tomato,Summer,303.6,Clay Loam,7.49,17.9,33.6,Canal/Flood,150.8,81.1,80.4,1.76,534.3
2008,Rajasthan,Kota,Tomato,Summer,153.4,Clay Loam,7.82,15.0,34.3,Tube Well,119.7,95.5,54.9,1.95,299.1
2009,Rajasthan,Kota,Tomato,Summer,470.6,Clay Loam,7.77,11.1,35.9,Tube Well,136.1,79.3,69.7,2.08,978.8
2010,Rajasthan,Kota,Tomato,Summer,594.0,Clay Loam,7.56,14.3,34.1,Sprinkler,147.2,77.2,65.6,2.7,1603.8
2011,Rajasthan,Kota,Tomato,Summer,200.9,Clay Loam,8.06,13.8,34.8,Canal/Flood,132.2,61.8,105.7,1.72,345.5
2012,Rajasthan,Kota,Tomato,Summer,279.8,Clay Loam,7.81,15.9,33.9,Tube Well,110.7,74.9,105.4,2.1,587.6
2013,Rajasthan,Kota,Tomato,Summer,233.2,Clay Loam,7.81,15.5,35.9,Sprinkler,144.4,63.1,96.6,2.54,592.3
2014,Rajasthan,Kota,Tomato,Summer,285.0,Clay Loam,7.79,13.9,36.1,Tube Well,156.2,74.5,75.0,2.16,615.6
2015,Rajasthan,Kota,Tomato,Summer,279.5,Clay Loam,7.83,13.5,35.6,Tube Well,97.5,91.3,102.6,2.09,584.2
2016,Rajasthan,Kota,Tomato,Summer,214.7,Clay Loam,7.75,16.0,35.0,Tube Well,125.0,80.6,91.2,2.13,457.3
2017,Rajasthan,Kota,Tomato,Summer,381.2,Clay Loam,7.57,14.2,35.7,Canal/Flood,123.2,71.6,123.1,1.89,720.5
2018,Rajasthan,Kota,Tomato,Summer,221.6,Clay Loam,7.79,17.4,35.2,Tube Well,162.5,77.5,104.8,2.45,542.9
2019,Rajasthan,Kota,Tomato,Summer,399.7,Clay Loam,7.56,21.4,35.4,Tube Well,126.4,82.1,81.9,2.43,971.3
2020,Rajasthan,Kota,Tomato,Summer,205.0,Clay Loam,7.55,19.5,35.0,Tube Well,111.0,94.9,95.2,2.29,469.4
2021,Rajasthan,Kota,Tomato,Summer,215.0,Clay Loam,7.5,15.1,34.9,Canal/Flood,122.0,60.7,92.3,1.91,410.6
2022,Rajasthan,Kota,Tomato,Summer,524.3,Clay Loam,7.54,12.8,38.3,Canal/Flood,124.4,113.4,103.2,2.09,1095.8
2023,Rajasthan,Kota,Tomato,Summer,170.5,Clay Loam,7.6,13.7,34.8,Canal/Flood,150.0,88.4,90.7,2.12,361.5
2024,Rajasthan,Kota,Tomato,Summer,935.3,Clay Loam,7.67,10.6,34.9,Tube Well,152.3,53.1,89.8,2.27,2123.1
2019,Punjab,Ludhiana,Tomato,Kharif,288.1,Alluvial,7.3,830.1,30.9,Tube Well,148.2,98.5,96.1,1.11,319.8
2011,Punjab,Ludhiana,Tomato,Rabi,591.0,Alluvial,7.13,87.0,16.7,Canal/Flood,127.8,86.6,63.6,3.74,2210.3
2015,Punjab,Ludhiana,Tomato,Summer,160.6,Alluvial,7.34,36.2,34.6,Sprinkler,133.8,63.7,82.0,3.39,544.4
2005,Karnataka,Mandya,Tomato,Kharif,165.2,Red,6.52,416.0,26.1,Rainfed,197.2,73.0,96.5,18.95,3130.5
2006,Karnataka,Mandya,Tomato,Kharif,312.0,Red,6.43,446.8,25.8,Rainfed,136.7,66.0,107.9,22.3,6957.6
2007,Karnataka,Mandya,Tomato,Kharif,304.8,Red,6.53,440.1,26.2,Drip,188.0,103.4,125.9,6.9,2103.1
2008,Karnataka,Mandya,Tomato,Kharif,464.8,Red,6.33,419.3,25.6,Canal/Flood,134.0,85.9,104.3,14.37,6679.2
2009,Karnataka,Mandya,Tomato,Kharif,137.6,Red,6.31,475.3,26.4,Canal/Flood,132.3,95.1,84.6,8.61,1184.7
2010,Karnataka,Mandya,Tomato,Kharif,268.9,Red,6.38,519.8,25.4,Canal/Flood,160.9,70.9,94.7,7.48,2011.4
2011,Karnataka,Mandya,Tomato,Kharif,312.5,Red,6.72,568.6,26.0,Drip,149.0,53.9,100.3,4.96,1550.0
2012,Karnataka,Mandya,Tomato,Kharif,257.3,Red,6.23,448.6,26.5,Drip,163.8,77.1,60.5,6.14,1579.8
2013,Karnataka,Mandya,Tomato,Kharif,236.0,Red,6.07,437.7,26.5,Drip,148.3,71.7,102.7,5.74,1354.6
2014,Karnataka,Mandya,Tomato,Kharif,308.1,Red,6.53,481.1,26.4,Drip,159.0,71.2,107.5,5.64,1737.7
2015,Karnataka,Mandya,Tomato,Kharif,214.4,Red,6.38,323.7,27.0,Rainfed,160.7,85.8,115.8,7.93,1700.2
2016,Karnataka,Mandya,Tomato,Kharif,118.5,Red,6.6,317.7,26.1,Rainfed,108.0,94.9,108.7,8.79,1041.6
2017,Karnataka,Mandya,Tomato,Kharif,484.8,Red,6.52,531.4,25.5,Rainfed,129.1,88.1,80.9,25.8,12507.8
2018,Karnataka,Mandya,Tomato,Kharif,90.1,Red,6.34,488.0,25.0,Drip,128.1,92.7,75.4,5.64,508.2
2019,Karnataka,Mandya,Tomato,Kharif,99.2,Red,6.6,580.4,24.4,Rainfed,115.8,71.7,78.2,24.17,2397.7
2020,Karnataka,Mandya,Tomato,Kharif,348.7,Red,6.44,610.9,25.3,Canal/Flood,131.1,93.6,73.3,5.43,1893.4
2021,Karnataka,Mandya,Tomato,Kharif,325.0,Red,6.39,457.9,26.2,Rainfed,135.0,96.9,106.8,24.76,8047.0
2022,Karnataka,Mandya,Tomato,Kharif,442.5,Red,6.64,553.9,28.5,Drip,133.7,59.0,104.1,2.51,1110.7
2023,Karnataka,Mandya,Tomato,Kharif,620.4,Red,6.52,381.6,25.3,Drip,175.1,92.0,117.6,14.4,8933.8
2024,Karnataka,Mandya,Tomato,Kharif,270.8,Red,6.74,416.8,26.2,Canal/Flood,116.3,64.9,87.2,15.87,4297.6
2005,Karnataka,Mandya,Tomato,Rabi,177.6,Red,6.4,227.2,22.7,Canal/Flood,173.9,102.9,81.7,22.59,4012.0
2006,Karnataka,Mandya,Tomato,Rabi,251.9,Red,6.63,254.8,22.8,Canal/Flood,158.5,70.6,91.3,23.31,5871.8
2007,Karnataka,Mandya,Tomato,Rabi,225.7,Red,6.4,222.5,22.7,Drip,115.4,87.7,109.9,20.58,4644.9
2008,Karnataka,Mandya,Tomato,Rabi,882.7,Red,6.56,276.1,22.3,Rainfed,136.8,68.1,77.7,4.31,3804.4
2009,Karnataka,Mandya,Tomato,Rabi,315.3,Red,6.61,148.4,24.0,Drip,151.4,62.6,81.9,28.01,8831.6
2010,Karnataka,Mandya,Tomato,Rabi,700.5,Red,6.74,233.8,22.4,Drip,113.4,65.6,84.6,18.96,13281.5
2011,Karnataka,Mandya,Tomato,Rabi,282.0,Red,6.54,308.2,23.8,Canal/Flood,146.8,92.9,69.3,24.64,6948.5
2012,Karnataka,Mandya,Tomato,Rabi,570.5,Red,6.47,235.0,24.1,Drip,157.0,86.6,72.1,24.77,14131.3
2013,Karnataka,Mandya,Tomato,Rabi,248.4,Red,6.6,250.4,23.0,Drip,167.0,74.6,80.9,19.57,4861.2
2014,Karnataka,Mandya,Tomato,Rabi,259.3,Red,6.22,217.6,23.4,Drip,87.5,72.0,99.9,21.68,5621.6
2015,Karnataka,Mandya,Tomato,Rabi,343.9,Red,6.61,236.1,23.4,Canal/Flood,167.6,79.8,88.9,29.78,10241.3
2016,Karnataka,Mandya,Tomato,Rabi,306.8,Red,6.65,231.5,22.5,Canal/Flood,126.7,56.8,75.1,21.36,6553.2
2017,Karnataka,Mandya,Tomato,Rabi,250.8,Red,6.5,220.8,22.7,Drip,126.9,68.0,96.4,21.91,5495.0
2018,Karnataka,Mandya,Tomato,Rabi,458.4,Red,6.53,195.6,23.0,Canal/Flood,168.8,87.9,80.2,26.52,12156.8
2019,Karnataka,Mandya,Tomato,Rabi,570.4,Red,6.34,336.4,22.6,Rainfed,155.0,92.9,116.2,11.0,6274.4
2020,Karnataka,Mandya,Tomato,Rabi,77.0,Red,6.72,289.4,23.1,Canal/Flood,96.4,88.9,111.9,24.59,1893.4
2021,Karnataka,Mandya,Tomato,Rabi,577.0,Red,6.47,219.3,22.6,Drip,137.5,111.3,101.3,20.83,12018.9
2022,Karnataka,Mandya,Tomato,Rabi,746.2,Red,6.47,176.8,25.1,Drip,126.2,94.5,103.3,29.89,22303.9
2023,Karnataka,Mandya,Tomato,Rabi,381.0,Red,6.46,258.9,22.2,Canal/Flood,147.6,72.6,78.0,22.63,8622.0
2024,Karnataka,Mandya,Tomato,Rabi,94.2,Red,6.79,264.8,23.2,Canal/Flood,180.7,75.9,107.8,26.79,2523.6
2005,Karnataka,Mandya,Tomato,Summer,204.8,Red,6.51,88.2,29.5,Rainfed,144.0,70.2,92.4,1.37,280.6
2006,Karnataka,Mandya,Tomato,Summer,374.7,Red,6.17,118.6,30.6,Rainfed,141.1,104.4,79.9,1.17,438.4
2007,Karnataka,Mandya,Tomato,Summer,116.9,Red,6.47,101.2,29.2,Canal/Flood,127.1,97.3,86.5,4.95,578.7
2008,Karnataka,Mandya,Tomato,Summer,791.6,Red,6.49,114.8,28.5,Drip,100.2,79.1,81.1,11.25,8905.5
2009,Karnataka,Mandya,Tomato,Summer,332.2,Red,6.51,84.0,30.6,Canal/Flood,157.4,70.2,85.6,4.85,1611.2
2010,Karnataka,Mandya,Tomato,Summer,431.9,Red,6.31,119.8,28.9,Rainfed,156.8,100.6,86.3,1.54,665.1
2011,Karnataka,Mandya,Tomato,Summer,272.0,Red,6.6,99.6,29.9,Drip,172.3,81.1,68.8,7.88,2143.4
2012,Karnataka,Mandya,Tomato,Summer,488.8,Red,6.4,102.2,29.3,Drip,141.2,103.5,78.1,6.67,3260.3
2013,Karnataka,Mandya,Tomato,Summer,901.2,Red,6.55,91.4,28.1,Canal/Flood,166.6,83.1,129.2,9.71,8750.7
2014,Karnataka,Mandya,Tomato,Summer,310.4,Red,6.15,124.7,28.9,Drip,166.0,98.9,55.5,6.37,1977.2
2015,Karnataka,Mandya,Tomato,Summer,1153.7,Red,6.32,87.6,29.8,Canal/Flood,82.8,65.9,86.1,4.57,5272.4
2016,Karnataka,Mandya,Tomato,Summer,216.5,Red,6.26,135.4,28.6,Drip,185.0,66.6,122.7,8.81,1907.4
2017,Karnataka,Mandya,Tomato,Summer,236.3,Red,6.2,109.2,28.0,Rainfed,79.7,85.0,87.5,2.4,567.1
2018,Karnataka,Mandya,Tomato,Summer,35.6,Red,6.58,106.0,29.4,Rainfed,142.6,93.2,96.6,1.58,56.2
2019,Karnataka,Mandya,Tomato,Summer,370.7,Red,6.36,114.3,28.9,Rainfed,142.3,74.6,101.2,1.48,548.6
2020,Karnataka,Mandya,Tomato,Summer,464.4,Red,6.5,117.9,28.6,Rainfed,127.6,104.2,71.6,1.95,905.6
2021,Karnataka,Mandya,Tomato,Summer,281.2,Red,6.35,100.9,29.0,Drip,123.0,90.0,80.4,7.08,1990.9
2022,Karnataka,Mandya,Tomato,Summer,347.8,Red,6.46,96.8,30.3,Canal/Flood,90.9,58.5,74.6,5.07,1763.3
2023,Karnataka,Mandya,Tomato,Summer,211.9,Red,6.68,102.7,28.7,Rainfed,81.1,86.9,92.7,1.62,343.3
2024,Karnataka,Mandya,Tomato,Summer,282.0,Red,6.65,102.2,28.5,Drip,99.0,87.9,70.4,11.68,3293.8
2005,Maharashtra,Nashik,Tomato,Kharif,279.1,Black,7.22,770.2,26.0,Canal/Flood,166.7,102.2,76.6,3.87,1080.1
2006,Maharashtra,Nashik,Tomato,Kharif,304.5,Black,7.35,919.8,25.6,Rainfed,145.2,74.6,43.5,3.3,1004.8
2007,Maharashtra,Nashik,Tomato,Kharif,531.6,Black,7.47,939.9,26.2,Drip,116.1,86.7,67.9,2.99,1589.5
2008,Maharashtra,Nashik,Tomato,Kharif,402.4,Black,7.17,1041.9,27.4,Rainfed,191.5,84.0,89.6,2.8,1126.7
2009,Maharashtra,Nashik,Tomato,Kharif,259.1,Black,7.27,544.2,27.3,Canal/Flood,129.3,87.2,93.3,2.78,720.3
2010,Maharashtra,Nashik,Tomato,Kharif,356.9,Black,7.41,800.3,25.1,Canal/Flood,133.0,109.6,84.3,3.9,1391.9
2011,Maharashtra,Nashik,Tomato,Kharif,684.4,Black,7.02,536.9,26.2,Canal/Flood,152.0,88.5,47.0,4.64,3175.6
2012,Maharashtra,Nashik,Tomato,Kharif,1569.6,Black,7.31,714.1,25.7,Rainfed,136.2,79.4,101.6,4.69,7361.4
2013,Maharashtra,Nashik,Tomato,Kharif,302.9,Black,7.13,629.6,25.3,Rainfed,147.4,82.7,90.7,13.7,4149.7
2014,Maharashtra,Nashik,Tomato,Kharif,289.8,Black,7.29,652.2,26.5,Drip,155.4,88.2,91.2,3.45,999.8
2015,Maharashtra,Nashik,Tomato,Kharif,746.9,Black,7.18,739.4,26.5,Canal/Flood,80.1,101.2,91.5,3.44,2569.3
2016,Maharashtra,Nashik,Tomato,Kharif,372.3,Black,7.03,627.6,25.9,Rainfed,174.3,71.6,91.2,14.72,5480.3
2017,Maharashtra,Nashik,Tomato,Kharif,200.7,Black,7.05,670.9,26.3,Drip,122.3,77.4,48.5,3.93,788.8
2018,Maharashtra,Nashik,Tomato,Kharif,206.8,Black,7.35,852.9,26.6,Canal/Flood,108.9,62.8,115.8,2.99,618.3
2019,Maharashtra,Nashik,Tomato,Kharif,330.3,Black,7.44,1011.6,25.6,Rainfed,159.3,73.1,44.9,3.66,1208.9
2020,Maharashtra,Nashik,Tomato,Kharif,193.7,Black,7.34,929.8,25.1,Canal/Flood,153.6,79.0,105.0,4.48,867.8
2021,Maharashtra,Nashik,Tomato,Kharif,400.4,Black,7.11,616.8,26.3,Canal/Flood,160.3,81.3,89.9,4.11,1645.6
2022,Maharashtra,Nashik,Tomato,Kharif,383.8,Black,7.17,563.9,28.4,Canal/Flood,181.1,70.5,86.7,1.98,759.9
2023,Maharashtra,Nashik,Tomato,Kharif,334.6,Black,7.2,724.2,27.3,Drip,177.7,89.0,90.0,2.94,983.7
2024,Maharashtra,Nashik,Tomato,Kharif,222.3,Black,7.3,708.7,25.6,Canal/Flood,123.2,59.3,89.5,3.77,838.1
2005,Maharashtra,Nashik,Tomato,Rabi,276.4,Black,7.41,35.5,20.1,Drip,158.8,75.8,123.3,5.53,1528.5
2006,Maharashtra,Nashik,Tomato,Rabi,254.7,Black,7.1,37.0,20.2,Canal/Flood,129.2,72.2,100.3,3.95,1006.1
2007,Maharashtra,Nashik,Tomato,Rabi,386.4,Black,7.25,32.1,20.3,Canal/Flood,167.5,109.0,106.6,4.1,1584.2
2008,Maharashtra,Nashik,Tomato,Rabi,153.2,Black,7.02,35.9,20.0,Drip,159.9,98.7,92.6,6.57,1006.5
2009,Maharashtra,Nashik,Tomato,Rabi,254.9,Black,7.32,19.5,20.4,Rainfed,175.6,86.4,81.9,1.59,405.3
2010,Maharashtra,Nashik,Tomato,Rabi,307.9,Black,6.96,41.4,20.5,Drip,158.6,98.4,82.8,9.88,3042.1
2011,Maharashtra,Nashik,Tomato,Rabi,282.7,Black,7.13,31.3,20.4,Drip,157.3,50.3,124.4,6.8,1922.4
2012,Maharashtra,Nashik,Tomato,Rabi,268.9,Black,7.1,30.6,20.7,Drip,186.4,81.6,80.2,8.87,2385.1
2013,Maharashtra,Nashik,Tomato,Rabi,473.4,Black,7.28,35.6,20.7,Drip,130.1,57.1,86.6,7.89,3735.1
2014,Maharashtra,Nashik,Tomato,Rabi,89.0,Black,7.0,26.6,20.9,Canal/Flood,193.4,74.1,92.4,6.22,553.6
2015,Maharashtra,Nashik,Tomato,Rabi,392.8,Black,7.29,35.7,19.1,Canal/Flood,92.9,51.4,56.3,2.16,848.4
2016,Maharashtra,Nashik,Tomato,Rabi,601.2,Black,7.43,34.0,20.1,Rainfed,87.9,63.8,109.6,1.23,739.5
2017,Maharashtra,Nashik,Tomato,Rabi,120.0,Black,7.04,33.2,20.8,Drip,117.3,98.7,96.4,10.26,1231.2
2018,Maharashtra,Nashik,Tomato,Rabi,377.4,Black,7.83,40.1,21.0,Drip,119.7,84.0,92.5,8.86,3343.8
2019,Maharashtra,Nashik,Tomato,Rabi,350.6,Black,7.08,39.1,19.9,Rainfed,151.5,68.4,134.6,1.54,539.9
2020,Maharashtra,Nashik,Tomato,Rabi,564.5,Black,7.03,41.0,19.8,Rainfed,107.3,71.8,108.4,1.5,846.8
2021,Maharashtra,Nashik,Tomato,Rabi,329.6,Black,7.3,38.7,20.3,Canal/Flood,115.4,81.0,90.6,4.4,1450.2
2022,Maharashtra,Nashik,Tomato,Rabi,94.3,Black,7.01,38.6,23.2,Rainfed,166.0,61.7,78.8,4.86,458.3
2023,Maharashtra,Nashik,Tomato,Rabi,245.3,Black,7.15,36.8,21.3,Rainfed,132.8,84.5,101.2,2.8,686.8
2024,Maharashtra,Nashik,Tomato,Rabi,373.1,Black,7.22,35.1,19.8,Canal/Flood,161.5,69.3,83.9,3.57,1332.0
2005,Maharashtra,Nashik,Tomato,Summer,284.1,Black,7.17,22.6,30.1,Drip,124.4,72.4,80.7,3.78,1073.9
2006,Maharashtra,Nashik,Tomato,Summer,339.1,Black,7.23,25.2,30.8,Rainfed,190.7,88.9,123.3,1.03,349.3
2007,Maharashtra,Nashik,Tomato,Summer,761.2,Black,7.05,23.9,31.9,Canal/Flood,168.2,87.9,101.2,3.13,2382.6
2008,Maharashtra,Nashik,Tomato,Summer,163.3,Black,7.19,23.8,31.2,Rainfed,147.0,92.4,69.8,1.02,166.6
2009,Maharashtra,Nashik,Tomato,Summer,232.1,Black,7.48,22.3,30.8,Rainfed,149.8,80.0,85.3,1.01,234.4
2010,Maharashtra,Nashik,Tomato,Summer,349.3,Black,7.08,26.0,30.2,Drip,146.2,77.7,75.9,4.98,1739.5
2011,Maharashtra,Nashik,Tomato,Summer,211.7,Black,7.33,24.8,31.6,Drip,143.6,104.1,104.2,4.0,846.8
2012,Maharashtra,Nashik,Tomato,Summer,527.2,Black,7.18,19.3,32.4,Drip,102.0,69.6,92.2,4.31,2272.2
2013,Maharashtra,Nashik,Tomato,Summer,537.2,Black,7.13,21.4,30.7,Drip,153.0,84.2,91.9,4.8,2578.6
2014,Maharashtra,Nashik,Tomato,Summer,849.2,Black,7.4,20.3,31.2,Drip,137.9,77.2,100.9,3.9,3311.9
2015,Maharashtra,Nashik,Tomato,Summer,220.0,Black,7.0,18.1,31.9,Rainfed,123.2,87.7,71.3,1.28,281.6
2016,Maharashtra,Nashik,Tomato,Summer,548.5,Black,7.0,25.3,31.3,Rainfed,107.1,81.9,67.2,1.22,669.2
2017,Maharashtra,Nashik,Tomato,Summer,213.2,Black,7.79,22.4,31.2,Canal/Flood,185.8,89.8,93.6,2.71,577.8
2018,Maharashtra,Nashik,Tomato,Summer,282.8,Black,6.98,23.6,31.5,Rainfed,101.8,61.3,61.6,1.26,356.3
2019,Maharashtra,Nashik,Tomato,Summer,445.7,Black,7.46,36.2,30.1,Rainfed,155.5,81.9,111.4,1.16,517.0
2020,Maharashtra,Nashik,Tomato,Summer,481.0,Black,7.05,30.6,30.5,Rainfed,132.2,51.0,95.1,1.16,558.0
2021,Maharashtra,Nashik,Tomato,Summer,228.3,Black,7.17,22.5,30.7,Rainfed,113.4,91.4,77.9,1.18,269.4
2022,Maharashtra,Nashik,Tomato,Summer,344.4,Black,7.37,27.3,33.6,Canal/Flood,120.7,112.8,86.5,2.52,867.9
2023,Maharashtra,Nashik,Tomato,Summer,243.6,Black,7.16,27.3,30.1,Canal/Flood,148.3,58.8,112.7,3.07,747.9
2024,Maharashtra,Nashik,Tomato,Summer,97.0,Black,7.12,26.3,31.0,Canal/Flood,115.4,85.3,106.5,3.29,319.1
2007,Bihar,Patna,Tomato,Kharif,380.9,Alluvial,7.09,1066.7,29.2,Tube Well,155.3,96.1,107.1,1.29,491.4
2009,Bihar,Patna,Tomato,Kharif,566.9,Alluvial,7.01,624.7,29.7,Rainfed,168.7,104.5,72.0,4.19,2375.3
2019,Bihar,Patna,Tomato,Kharif,159.4,Alluvial,7.12,1134.3,28.7,Rainfed,136.7,126.3,97.9,1.5,239.1
2010,Bihar,Patna,Tomato,Rabi,429.2,Alluvial,6.98,53.3,16.3,Canal/Flood,149.4,101.0,80.4,3.57,1532.2
2016,Bihar,Patna,Tomato,Rabi,305.4,Alluvial,7.24,45.1,17.2,Tube Well,131.2,47.6,86.9,3.16,965.1
2020,Bihar,Patna,Tomato,Rabi,110.7,Alluvial,7.25,49.7,16.8,Rainfed,156.8,80.4,85.6,1.01,111.8
2021,Bihar,Patna,Tomato,Rabi,447.0,Alluvial,7.17,51.1,16.9,Rainfed,137.7,72.0,95.4,1.1,491.7
2022,Bihar,Patna,Tomato,Summer,341.0,Alluvial,7.48,49.0,35.9,Canal/Flood,118.4,63.4,71.2,2.6,886.6
2017,Gujarat,Rajkot,Tomato,Kharif,525.3,Sandy Loam,7.88,661.7,29.5,Drip,143.3,91.7,87.6,0.9,472.8
2008,Gujarat,Rajkot,Tomato,Rabi,155.8,Sandy Loam,7.79,14.7,20.2,Tube Well,120.0,82.2,86.7,2.86,445.6
2017,Gujarat,Rajkot,Tomato,Rabi,631.2,Sandy Loam,7.6,16.0,21.8,Drip,126.4,95.2,78.7,9.53,6015.3
2011,Tamil Nadu,Thanjavur,Tomato,Kharif,217.2,Clay Loam,6.73,432.7,32.4,Rainfed,135.3,74.9,79.9,5.02,1090.3
2018,Tamil Nadu,Thanjavur,Tomato,Kharif,526.1,Clay Loam,7.01,389.0,31.2,Canal/Flood,123.7,77.5,100.9,3.69,1941.3
2011,Tamil Nadu,Thanjavur,Tomato,Rabi,416.9,Clay Loam,6.76,551.0,24.4,Rainfed,185.9,108.6,90.2,23.94,9980.6
2016,Tamil Nadu,Thanjavur,Tomato,Rabi,114.3,Clay Loam,6.57,565.3,25.0,Rainfed,180.5,63.6,82.9,22.79,2604.9
2018,Tamil Nadu,Thanjavur,Tomato,Rabi,238.0,Clay Loam,6.39,446.9,25.2,Tube Well,161.7,74.5,88.6,10.79,2568.0
2024,Tamil Nadu,Thanjavur,Tomato,Rabi,384.8,Clay Loam,6.67,525.4,25.2,Tube Well,127.2,102.5,87.4,5.89,2266.5
2010,Tamil Nadu,Thanjavur,Tomato,Summer,609.4,Clay Loam,6.96,76.4,31.8,Rainfed,189.2,98.9,87.7,1.13,688.6
2005,Uttar Pradesh,Varanasi,Tomato,Kharif,249.0,Alluvial,6.83,958.2,29.0,Tube Well,237.1,68.9,86.2,1.4,348.6
2006,Uttar Pradesh,Varanasi,Tomato,Kharif,295.8,Alluvial,7.1,855.0,29.5,Tube Well,152.6,113.0,73.1,1.08,319.5
2007,Uttar Pradesh,Varanasi,Tomato,Kharif,443.2,Alluvial,7.15,987.0,30.1,Tube Well,132.4,71.6,93.9,1.09,483.1
2008,Uttar Pradesh,Varanasi,Tomato,Kharif,525.9,Alluvial,6.85,1151.4,28.7,Canal/Flood,179.3,73.7,92.3,1.57,825.7
2009,Uttar Pradesh,Varanasi,Tomato,Kharif,177.2,Alluvial,7.2,689.7,30.8,Tube Well,172.1,81.8,82.4,1.01,179.0
2010,Uttar Pradesh,Varanasi,Tomato,Kharif,271.0,Alluvial,7.44,920.0,29.9,Rainfed,103.3,106.9,63.8,1.04,281.8
2011,Uttar Pradesh,Varanasi,Tomato,Kharif,354.4,Alluvial,7.23,836.8,29.6,Tube Well,95.8,81.4,119.3,1.03,365.0
2012,Uttar Pradesh,Varanasi,Tomato,Kharif,250.4,Alluvial,6.93,1010.4,28.4,Tube Well,126.6,67.1,75.3,2.12,530.8
2013,Uttar Pradesh,Varanasi,Tomato,Kharif,750.9,Alluvial,7.24,998.0,29.1,Rainfed,131.9,74.0,71.3,1.07,803.5
2014,Uttar Pradesh,Varanasi,Tomato,Kharif,625.9,Alluvial,7.17,682.5,30.8,Rainfed,150.9,81.9,85.8,2.14,1339.4
2015,Uttar Pradesh,Varanasi,Tomato,Kharif,105.8,Alluvial,7.38,899.8,30.2,Tube Well,125.1,48.6,89.1,0.91,96.3
2016,Uttar Pradesh,Varanasi,Tomato,Kharif,917.6,Alluvial,7.24,842.4,29.2,Canal/Flood,100.6,84.0,88.4,0.96,880.9
2017,Uttar Pradesh,Varanasi,Tomato,Kharif,547.8,Alluvial,7.13,817.2,29.9,Tube Well,122.5,90.0,113.8,1.24,679.3
2018,Uttar Pradesh,Varanasi,Tomato,Kharif,465.1,Alluvial,7.31,887.8,28.0,Canal/Flood,120.0,89.6,100.4,1.98,920.9
2019,Uttar Pradesh,Varanasi,Tomato,Kharif,470.4,Alluvial,7.19,1134.9,29.7,Rainfed,123.4,82.6,91.6,1.13,531.6
2020,Uttar Pradesh,Varanasi,Tomato,Kharif,318.3,Alluvial,6.74,1043.5,29.6,Canal/Flood,127.8,100.0,53.8,1.42,452.0
2021,Uttar Pradesh,Varanasi,Tomato,Kharif,433.6,Alluvial,7.28,845.5,28.8,Canal/Flood,131.4,96.0,85.5,1.27,550.7
2022,Uttar Pradesh,Varanasi,Tomato,Kharif,482.8,Alluvial,7.11,793.1,32.1,Canal/Flood,167.9,72.6,73.1,1.31,632.5
2023,Uttar Pradesh,Varanasi,Tomato,Kharif,326.6,Alluvial,7.2,880.0,30.4,Rainfed,131.4,62.9,95.2,1.16,378.9
2024,Uttar Pradesh,Varanasi,Tomato,Kharif,425.8,Alluvial,7.14,749.6,30.4,Rainfed,134.8,79.3,87.3,1.24,528.0
2005,Uttar Pradesh,Varanasi,Tomato,Rabi,773.3,Alluvial,7.02,54.1,17.0,Canal/Flood,116.5,76.4,69.8,3.07,2374.0
2006,Uttar Pradesh,Varanasi,Tomato,Rabi,353.0,Alluvial,7.04,48.7,18.7,Tube Well,142.2,104.8,86.3,3.74,1320.2
2007,Uttar Pradesh,Varanasi,Tomato,Rabi,1330.6,Alluvial,7.26,52.9,17.3,Rainfed,148.3,64.4,76.6,1.0,1330.6
2008,Uttar Pradesh,Varanasi,Tomato,Rabi,423.9,Alluvial,6.77,46.2,18.3,Canal/Flood,159.2,95.2,88.5,4.03,1708.3
2009,Uttar Pradesh,Varanasi,Tomato,Rabi,193.2,Alluvial,7.35,41.5,19.0,Tube Well,143.2,82.0,72.4,2.98,575.7
2010,Uttar Pradesh,Varanasi,Tomato,Rabi,266.0,Alluvial,7.21,44.0,17.5,Canal/Flood,105.0,59.2,107.8,2.51,667.7
2011,Uttar Pradesh,Varanasi,Tomato,Rabi,395.6,Alluvial,7.12,51.4,18.1,Rainfed,174.1,99.4,113.4,1.21,478.7
2012,Uttar Pradesh,Varanasi,Tomato,Rabi,157.6,Alluvial,6.83,50.6,18.1,Canal/Flood,125.3,73.1,59.6,3.4,535.8
2013,Uttar Pradesh,Varanasi,Tomato,Rabi,1022.8,Alluvial,7.06,46.8,18.5,Rainfed,122.3,65.1,100.8,1.16,1186.4
2014,Uttar Pradesh,Varanasi,Tomato,Rabi,300.0,Alluvial,7.11,36.4,19.3,Rainfed,136.1,74.2,66.9,1.18,354.0
2015,Uttar Pradesh,Varanasi,Tomato,Rabi,338.0,Alluvial,7.1,44.2,18.9,Canal/Flood,157.6,61.6,70.1,3.24,1095.1
2016,Uttar Pradesh,Varanasi,Tomato,Rabi,213.9,Alluvial,7.23,43.1,18.4,Rainfed,136.2,58.1,90.6,1.04,222.5
2017,Uttar Pradesh,Varanasi,Tomato,Rabi,579.8,Alluvial,7.42,61.8,17.6,Canal/Flood,174.5,101.8,68.7,3.33,1930.7
2018,Uttar Pradesh,Varanasi,Tomato,Rabi,542.7,Alluvial,7.35,49.8,18.1,Canal/Flood,136.7,82.4,106.1,3.02,1639.0
2019,Uttar Pradesh,Varanasi,Tomato,Rabi,417.8,Alluvial,6.93,62.9,17.7,Rainfed,136.3,86.8,78.2,1.38,576.6
2020,Uttar Pradesh,Varanasi,Tomato,Rabi,288.0,Alluvial,7.18,63.0,17.7,Rainfed,104.5,68.4,116.8,1.0,288.0
2021,Uttar Pradesh,Varanasi,Tomato,Rabi,212.0,Alluvial,7.17,50.1,17.1,Rainfed,127.3,98.9,76.3,1.18,250.2
2022,Uttar Pradesh,Varanasi,Tomato,Rabi,640.5,Alluvial,6.82,46.8,20.0,Rainfed,114.6,77.7,88.9,1.87,1197.7
2023,Uttar Pradesh,Varanasi,Tomato,Rabi,164.3,Alluvial,7.05,51.9,19.0,Tube Well,132.3,82.5,71.6,4.31,708.1
2024,Uttar Pradesh,Varanasi,Tomato,Rabi,242.6,Alluvial,6.86,55.4,18.0,Rainfed,135.8,78.1,105.3,1.51,366.3
2005,Uttar Pradesh,Varanasi,Tomato,Summer,295.9,Alluvial,7.12,35.3,34.4,Canal/Flood,154.8,84.0,79.9,2.79,825.6
2006,Uttar Pradesh,Varanasi,Tomato,Summer,342.6,Alluvial,7.31,30.6,34.3,Rainfed,156.2,97.6,80.5,0.95,325.5
2007,Uttar Pradesh,Varanasi,Tomato,Summer,337.8,Alluvial,7.2,37.0,34.3,Canal/Flood,166.8,49.2,67.3,2.67,901.9
2008,Uttar Pradesh,Varanasi,Tomato,Summer,424.9,Alluvial,6.84,38.8,34.0,Rainfed,124.1,76.6,102.1,1.32,560.9
2009,Uttar Pradesh,Varanasi,Tomato,Summer,172.7,Alluvial,7.0,25.6,34.9,Canal/Flood,146.6,94.7,86.8,3.15,544.0
2010,Uttar Pradesh,Varanasi,Tomato,Summer,650.1,Alluvial,7.16,39.5,32.5,Tube Well,66.9,87.3,88.6,2.95,1917.8
2011,Uttar Pradesh,Varanasi,Tomato,Summer,763.9,Alluvial,7.09,33.7,34.2,Canal/Flood,146.4,87.2,74.1,3.15,2406.3
2012,Uttar Pradesh,Varanasi,Tomato,Summer,274.0,Alluvial,7.06,28.8,34.4,Rainfed,140.3,86.0,89.8,1.26,345.2
2013,Uttar Pradesh,Varanasi,Tomato,Summer,279.8,Alluvial,7.09,32.4,33.6,Rainfed,109.4,79.8,72.1,1.1,307.8
2014,Uttar Pradesh,Varanasi,Tomato,Summer,352.4,Alluvial,7.38,28.0,34.0,Canal/Flood,204.8,74.8,92.0,2.5,881.0
2015,Uttar Pradesh,Varanasi,Tomato,Summer,295.2,Alluvial,6.67,26.9,34.9,Tube Well,120.4,120.8,84.3,4.18,1233.9
2016,Uttar Pradesh,Varanasi,Tomato,Summer,126.6,Alluvial,7.1,33.6,34.2,Rainfed,175.0,87.9,84.2,1.24,157.0
2017,Uttar Pradesh,Varanasi,Tomato,Summer,327.8,Alluvial,7.08,37.9,34.7,Tube Well,138.6,73.9,91.5,3.56,1167.0
2018,Uttar Pradesh,Varanasi,Tomato,Summer,325.1,Alluvial,7.33,34.4,33.3,Rainfed,125.5,70.2,83.7,0.99,321.8
2019,Uttar Pradesh,Varanasi,Tomato,Summer,437.3,Alluvial,7.17,54.1,33.4,Tube Well,110.3,71.9,108.2,3.69,1613.6
2020,Uttar Pradesh,Varanasi,Tomato,Summer,517.6,Alluvial,7.19,33.5,33.6,Rainfed,184.9,96.7,116.1,1.22,631.5
2021,Uttar Pradesh,Varanasi,Tomato,Summer,140.0,Alluvial,7.27,34.3,34.2,Rainfed,139.9,51.0,113.8,0.96,134.4
2022,Uttar Pradesh,Varanasi,Tomato,Summer,140.7,Alluvial,7.21,33.8,36.3,Tube Well,90.2,50.1,134.4,3.12,439.0
2023,Uttar Pradesh,Varanasi,Tomato,Summer,443.1,Alluvial,7.33,29.8,34.0,Tube Well,138.0,67.4,82.3,2.9,1285.0
2024,Uttar Pradesh,Varanasi,Tomato,Summer,410.2,Alluvial,7.14,32.7,32.6,Rainfed,153.6,64.3,113.3,1.18,484.0
2005,West Bengal,Burdwan,Wheat,Rabi,292.8,Alluvial,6.18,62.1,19.5,Rainfed,152.5,64.5,42.9,0.52,152.3
2006,West Bengal,Burdwan,Wheat,Rabi,392.5,Alluvial,5.94,63.5,19.8,Canal/Flood,156.0,46.6,40.4,1.83,718.3
2007,West Bengal,Burdwan,Wheat,Rabi,229.4,Alluvial,6.16,69.5,19.9,Canal/Flood,166.4,77.9,36.5,1.92,440.4
2008,West Bengal,Burdwan,Wheat,Rabi,188.8,Alluvial,6.59,73.2,20.1,Canal/Flood,155.7,51.8,38.3,2.17,409.7
2009,West Bengal,Burdwan,Wheat,Rabi,502.9,Alluvial,6.1,47.0,20.4,Canal/Flood,112.4,59.3,43.1,1.48,744.3
2010,West Bengal,Burdwan,Wheat,Rabi,202.1,Alluvial,6.35,64.4,20.7,Tube Well,131.4,59.6,40.1,1.44,291.0
2011,West Bengal,Burdwan,Wheat,Rabi,479.3,Alluvial,6.21,60.0,19.5,Canal/Flood,123.2,61.2,28.9,2.07,992.2
2012,West Bengal,Burdwan,Wheat,Rabi,599.4,Alluvial,6.05,58.2,20.8,Canal/Flood,97.0,64.0,33.7,1.19,713.3
2013,West Bengal,Burdwan,Wheat,Rabi,351.2,Alluvial,6.05,55.9,19.6,Canal/Flood,120.3,55.7,43.6,2.03,712.9
2014,West Bengal,Burdwan,Wheat,Rabi,430.9,Alluvial,6.44,57.9,21.2,Tube Well,181.1,56.2,36.1,1.13,486.9
2015,West Bengal,Burdwan,Wheat,Rabi,412.9,Alluvial,6.21,52.2,21.6,Canal/Flood,189.4,63.4,32.5,0.81,334.4
2016,West Bengal,Burdwan,Wheat,Rabi,610.3,Alluvial,6.29,72.2,20.4,Canal/Flood,131.9,61.8,48.3,1.79,1092.4
2017,West Bengal,Burdwan,Wheat,Rabi,236.7,Alluvial,6.07,54.9,20.2,Tube Well,118.5,72.3,42.2,1.78,421.3
2018,West Bengal,Burdwan,Wheat,Rabi,374.0,Alluvial,6.64,64.5,20.2,Canal/Flood,128.0,67.4,45.0,2.08,777.9
2019,West Bengal,Burdwan,Wheat,Rabi,174.6,Alluvial,6.17,73.4,19.7,Canal/Flood,181.7,50.9,36.6,2.14,373.6
2020,West Bengal,Burdwan,Wheat,Rabi,341.4,Alluvial,6.31,76.8,20.0,Tube Well,106.4,64.3,53.4,1.99,679.4
2021,West Bengal,Burdwan,Wheat,Rabi,888.1,Alluvial,6.1,53.7,18.8,Rainfed,156.2,46.3,37.6,0.6,532.9
2022,West Bengal,Burdwan,Wheat,Rabi,840.9,Alluvial,6.29,73.9,22.5,Tube Well,106.3,43.6,33.1,0.78,655.9
2023,West Bengal,Burdwan,Wheat,Rabi,91.7,Alluvial,6.09,63.0,20.2,Canal/Flood,167.1,61.3,33.1,2.05,188.0
2024,West Bengal,Burdwan,Wheat,Rabi,558.5,Alluvial,6.5,49.0,21.3,Tube Well,123.6,63.1,37.1,1.08,603.2
2019,Andhra Pradesh,Guntur,Wheat,Rabi,615.2,Black,7.48,268.9,23.3,Drip,161.4,44.6,53.1,0.19,116.9
2005,Madhya Pradesh,Indore,Wheat,Rabi,822.4,Black,7.72,28.4,19.5,Tube Well,122.4,59.9,25.0,1.7,1398.1
2006,Madhya Pradesh,Indore,Wheat,Rabi,399.4,Black,7.5,31.4,18.6,Tube Well,154.8,73.4,40.2,3.0,1198.2
2007,Madhya Pradesh,Indore,Wheat,Rabi,370.9,Black,7.45,26.7,19.3,Tube Well,128.1,46.1,39.0,2.28,845.7
2008,Madhya Pradesh,Indore,Wheat,Rabi,835.6,Black,7.81,28.5,19.5,Rainfed,153.9,56.0,38.5,0.42,351.0
2009,Madhya Pradesh,Indore,Wheat,Rabi,704.1,Black,7.55,17.8,19.7,Rainfed,99.8,52.0,44.7,0.43,302.8
2010,Madhya Pradesh,Indore,Wheat,Rabi,179.4,Black,7.51,27.7,19.4,Sprinkler,146.5,61.3,52.5,2.43,435.9
2011,Madhya Pradesh,Indore,Wheat,Rabi,407.0,Black,7.74,32.6,19.8,Sprinkler,191.9,66.0,38.9,2.11,858.8
2012,Madhya Pradesh,Indore,Wheat,Rabi,258.8,Black,7.1,30.7,18.7,Tube Well,141.0,68.5,59.3,3.37,872.2
2013,Madhya Pradesh,Indore,Wheat,Rabi,137.7,Black,7.42,27.9,19.1,Sprinkler,150.9,67.0,36.6,2.99,411.7
2014,Madhya Pradesh,Indore,Wheat,Rabi,359.3,Black,7.82,26.2,19.8,Rainfed,140.4,55.4,47.5,0.41,147.3
2015,Madhya Pradesh,Indore,Wheat,Rabi,372.9,Black,7.48,27.5,20.7,Sprinkler,168.0,63.0,46.6,1.83,682.4
2016,Madhya Pradesh,Indore,Wheat,Rabi,54.5,Black,7.72,31.7,19.1,Sprinkler,100.3,50.3,51.4,2.27,123.7
2017,Madhya Pradesh,Indore,Wheat,Rabi,451.3,Black,7.47,29.3,19.1,Rainfed,141.5,81.7,33.5,0.62,279.8
2018,Madhya Pradesh,Indore,Wheat,Rabi,333.8,Black,7.52,34.9,19.1,Tube Well,172.7,51.4,36.5,2.81,938.0
2019,Madhya Pradesh,Indore,Wheat,Rabi,363.2,Black,7.33,42.1,19.4,Tube Well,141.8,59.5,45.6,3.06,1111.4
2020,Madhya Pradesh,Indore,Wheat,Rabi,322.1,Black,7.85,34.7,18.7,Rainfed,144.9,55.9,39.0,0.53,170.7
2021,Madhya Pradesh,Indore,Wheat,Rabi,588.9,Black,7.51,25.3,18.9,Rainfed,148.5,52.2,35.6,0.64,376.9
2022,Madhya Pradesh,Indore,Wheat,Rabi,898.5,Black,8.04,28.3,20.9,Tube Well,146.4,54.2,28.1,1.24,1114.1
2023,Madhya Pradesh,Indore,Wheat,Rabi,573.9,Black,7.5,29.2,19.0,Rainfed,147.9,57.6,41.3,0.63,361.6
2024,Madhya Pradesh,Indore,Wheat,Rabi,309.9,Black,7.26,36.2,19.8,Sprinkler,119.8,65.2,30.5,2.86,886.3
2005,Haryana,Karnal,Wheat,Rabi,1135.0,Alluvial,7.5,83.4,15.3,Tube Well,166.3,65.7,49.8,3.15,3575.2
2006,Haryana,Karnal,Wheat,Rabi,600.0,Alluvial,7.38,86.7,14.7,Tube Well,117.2,52.1,48.9,2.86,1716.0
2007,Haryana,Karnal,Wheat,Rabi,367.4,Alluvial,7.2,79.5,14.5,Tube Well,171.1,58.3,36.1,3.1,1138.9
2008,Haryana,Karnal,Wheat,Rabi,185.9,Alluvial,7.22,81.3,15.5,Canal/Flood,127.0,76.5,44.8,3.53,656.2
2009,Haryana,Karnal,Wheat,Rabi,331.8,Alluvial,7.41,79.3,16.3,Canal/Flood,132.2,72.4,19.6,3.59,1191.2
2010,Haryana,Karnal,Wheat,Rabi,299.9,Alluvial,7.28,88.5,16.1,Canal/Flood,92.0,62.8,35.8,3.74,1121.6
2011,Haryana,Karnal,Wheat,Rabi,743.4,Alluvial,7.24,72.8,14.2,Canal/Flood,138.8,62.3,52.2,2.73,2029.5
2012,Haryana,Karnal,Wheat,Rabi,361.7,Alluvial,7.22,93.2,16.3,Tube Well,121.6,50.9,25.5,3.91,1414.2
2013,Haryana,Karnal,Wheat,Rabi,501.2,Alluvial,7.42,72.1,14.8,Canal/Flood,127.4,56.3,47.4,3.14,1573.8
2014,Haryana,Karnal,Wheat,Rabi,668.4,Alluvial,7.56,55.3,15.7,Canal/Flood,70.9,72.8,43.8,2.77,1851.5
2015,Haryana,Karnal,Wheat,Rabi,345.6,Alluvial,7.68,57.7,16.7,Canal/Flood,174.5,67.9,50.2,3.32,1147.4
2016,Haryana,Karnal,Wheat,Rabi,310.0,Alluvial,7.57,81.8,15.6,Tube Well,135.2,65.1,36.8,3.36,1041.6
2017,Haryana,Karnal,Wheat,Rabi,450.6,Alluvial,7.47,92.6,14.3,Tube Well,140.8,43.3,44.4,2.59,1167.1
2018,Haryana,Karnal,Wheat,Rabi,457.0,Alluvial,7.41,96.9,15.4,Canal/Flood,102.1,71.0,44.5,3.35,1531.0
2019,Haryana,Karnal,Wheat,Rabi,133.6,Alluvial,7.5,97.8,14.5,Canal/Flood,143.6,71.7,44.8,2.72,363.4
2020,Haryana,Karnal,Wheat,Rabi,540.7,Alluvial,7.54,106.7,16.5,Canal/Flood,132.4,59.3,34.0,3.7,2000.6
2021,Haryana,Karnal,Wheat,Rabi,460.5,Alluvial,7.46,69.9,14.6,Tube Well,141.3,48.6,25.7,2.75,1266.4
2022,Haryana,Karnal,Wheat,Rabi,357.9,Alluvial,7.24,83.9,17.5,Tube Well,157.5,49.5,55.4,4.42,1581.9
2023,Haryana,Karnal,Wheat,Rabi,621.9,Alluvial,6.96,76.5,16.3,Canal/Flood,159.3,57.9,38.9,4.69,2916.7
2024,Haryana,Karnal,Wheat,Rabi,550.6,Alluvial,7.42,74.1,15.8,Tube Well,154.2,59.5,44.0,4.08,2246.4
2005,Rajasthan,Kota,Wheat,Rabi,642.7,Clay Loam,7.65,28.5,17.1,Tube Well,87.2,62.7,38.1,2.63,1690.3
2006,Rajasthan,Kota,Wheat,Rabi,497.8,Clay Loam,7.58,26.3,18.0,Tube Well,152.3,79.5,38.6,2.65,1319.2
2007,Rajasthan,Kota,Wheat,Rabi,597.7,Clay Loam,7.83,22.2,19.0,Canal/Flood,166.1,68.9,40.0,1.92,1147.6
2008,Rajasthan,Kota,Wheat,Rabi,227.4,Clay Loam,7.76,25.3,17.2,Tube Well,127.6,54.8,40.9,2.71,616.3
2009,Rajasthan,Kota,Wheat,Rabi,178.8,Clay Loam,7.7,19.8,18.5,Tube Well,126.6,56.3,37.3,2.04,364.8
2010,Rajasthan,Kota,Wheat,Rabi,67.3,Clay Loam,7.5,28.0,18.7,Canal/Flood,119.2,72.9,38.9,2.43,163.5
2011,Rajasthan,Kota,Wheat,Rabi,197.6,Clay Loam,7.71,23.6,18.5,Sprinkler,155.3,70.4,36.0,2.51,496.0
2012,Rajasthan,Kota,Wheat,Rabi,253.7,Clay Loam,7.53,24.2,17.4,Sprinkler,162.1,43.3,52.1,3.17,804.2
2013,Rajasthan,Kota,Wheat,Rabi,472.2,Clay Loam,7.34,26.5,17.7,Tube Well,127.5,56.7,37.7,3.7,1747.1
2014,Rajasthan,Kota,Wheat,Rabi,145.0,Clay Loam,7.86,21.5,17.6,Sprinkler,148.4,79.9,48.2,3.09,448.0
2015,Rajasthan,Kota,Wheat,Rabi,559.5,Clay Loam,7.81,24.5,18.8,Canal/Flood,160.7,38.6,37.0,2.16,1208.5
2016,Rajasthan,Kota,Wheat,Rabi,1453.7,Clay Loam,7.93,27.8,17.7,Sprinkler,138.4,60.7,42.4,3.13,4550.1
2017,Rajasthan,Kota,Wheat,Rabi,624.2,Clay Loam,7.74,24.8,16.0,Tube Well,132.4,49.4,42.3,2.55,1591.7
2018,Rajasthan,Kota,Wheat,Rabi,159.7,Clay Loam,7.53,26.0,18.2,Tube Well,141.8,50.2,50.0,2.93,467.9
2019,Rajasthan,Kota,Wheat,Rabi,191.3,Clay Loam,7.72,32.0,17.7,Sprinkler,158.4,57.0,48.5,3.16,604.5
2020,Rajasthan,Kota,Wheat,Rabi,558.4,Clay Loam,7.75,33.5,17.4,Tube Well,154.1,48.6,42.3,2.94,1641.7
2021,Rajasthan,Kota,Wheat,Rabi,511.7,Clay Loam,7.73,22.2,18.5,Tube Well,164.0,47.6,42.7,2.48,1269.0
2022,Rajasthan,Kota,Wheat,Rabi,1178.1,Clay Loam,7.51,18.1,20.1,Sprinkler,158.9,65.6,29.7,2.06,2426.9
2023,Rajasthan,Kota,Wheat,Rabi,582.5,Clay Loam,7.54,24.1,18.9,Tube Well,134.1,71.5,33.4,2.89,1683.4
2024,Rajasthan,Kota,Wheat,Rabi,301.3,Clay Loam,7.41,28.2,17.9,Sprinkler,165.7,40.8,28.9,3.76,1132.9
2005,Punjab,Ludhiana,Wheat,Rabi,197.1,Alluvial,7.18,93.5,15.8,Tube Well,155.4,71.1,46.7,3.9,768.7
2006,Punjab,Ludhiana,Wheat,Rabi,182.6,Alluvial,7.37,97.8,15.8,Canal/Flood,135.2,66.0,39.8,3.43,626.3
2007,Punjab,Ludhiana,Wheat,Rabi,198.3,Alluvial,7.61,83.5,16.9,Canal/Flood,164.7,60.9,34.2,3.37,668.3
2008,Punjab,Ludhiana,Wheat,Rabi,488.1,Alluvial,7.34,95.3,16.3,Canal/Flood,137.5,64.7,21.8,3.75,1830.4
2009,Punjab,Ludhiana,Wheat,Rabi,135.0,Alluvial,7.32,81.4,17.0,Sprinkler,143.2,60.9,51.0,3.8,513.0
2010,Punjab,Ludhiana,Wheat,Rabi,359.7,Alluvial,6.66,98.1,16.8,Sprinkler,151.4,55.0,32.2,3.67,1320.1
2011,Punjab,Ludhiana,Wheat,Rabi,193.8,Alluvial,7.13,87.0,16.7,Sprinkler,117.1,34.6,52.0,3.98,771.3
2012,Punjab,Ludhiana,Wheat,Rabi,606.3,Alluvial,7.03,75.5,15.7,Canal/Flood,111.6,64.2,31.5,3.91,2370.6
2013,Punjab,Ludhiana,Wheat,Rabi,414.1,Alluvial,7.28,81.6,16.6,Tube Well,169.5,57.1,30.8,3.84,1590.1
2014,Punjab,Ludhiana,Wheat,Rabi,578.8,Alluvial,7.11,70.0,16.6,Canal/Flood,128.0,47.1,26.8,3.97,2297.8
2015,Punjab,Ludhiana,Wheat,Rabi,368.2,Alluvial,7.2,54.7,16.6,Tube Well,176.2,59.4,46.7,4.66,1715.8
2016,Punjab,Ludhiana,Wheat,Rabi,658.3,Alluvial,7.57,92.6,16.4,Canal/Flood,136.1,54.2,41.2,3.48,2290.9
2017,Punjab,Ludhiana,Wheat,Rabi,175.6,Alluvial,7.38,108.5,16.7,Canal/Flood,162.8,50.4,45.6,4.04,709.4
2018,Punjab,Ludhiana,Wheat,Rabi,209.8,Alluvial,7.18,102.6,15.4,Canal/Flood,154.5,70.1,48.8,4.18,877.0
2019,Punjab,Ludhiana,Wheat,Rabi,131.0,Alluvial,7.27,104.3,15.4,Tube Well,129.2,68.9,40.5,3.5,458.5
2020,Punjab,Ludhiana,Wheat,Rabi,103.0,Alluvial,6.94,127.3,16.1,Canal/Flood,161.0,42.8,43.3,4.03,415.1
2021,Punjab,Ludhiana,Wheat,Rabi,309.0,Alluvial,7.13,77.9,15.2,Tube Well,102.5,58.6,38.0,3.8,1174.2
2022,Punjab,Ludhiana,Wheat,Rabi,222.6,Alluvial,7.22,83.0,18.3,Sprinkler,120.3,48.2,44.3,4.31,959.4
2023,Punjab,Ludhiana,Wheat,Rabi,200.0,Alluvial,7.09,93.7,16.5,Sprinkler,127.7,64.3,48.7,4.25,850.0
2024,Punjab,Ludhiana,Wheat,Rabi,696.6,Alluvial,7.36,78.9,16.5,Sprinkler,192.1,69.9,26.8,4.64,3232.2
2006,Karnataka,Mandya,Wheat,Rabi,482.4,Red,6.63,254.8,22.8,Drip,155.5,69.6,36.2,0.16,77.2
2021,Karnataka,Mandya,Wheat,Rabi,618.8,Red,6.47,219.3,22.6,Canal/Flood,111.5,62.8,39.8,0.3,185.6
2008,Maharashtra,Nashik,Wheat,Rabi,242.7,Black,7.02,35.9,20.0,Rainfed,172.8,44.7,36.3,0.55,133.5
2024,Maharashtra,Nashik,Wheat,Rabi,489.7,Black,7.22,35.1,19.8,Drip,110.2,54.6,40.9,2.8,1371.2
2005,Bihar,Patna,Wheat,Rabi,529.6,Alluvial,7.19,41.3,18.6,Canal/Flood,103.9,61.4,35.1,2.99,1583.5
2006,Bihar,Patna,Wheat,Rabi,130.3,Alluvial,7.06,49.4,18.4,Tube Well,144.8,58.4,33.7,3.67,478.2
2007,Bihar,Patna,Wheat,Rabi,453.6,Alluvial,7.06,41.7,16.4,Rainfed,168.8,62.3,46.7,0.85,385.6
2008,Bihar,Patna,Wheat,Rabi,1021.2,Alluvial,6.88,53.4,18.0,Tube Well,144.3,70.3,42.3,4.04,4125.6
2009,Bihar,Patna,Wheat,Rabi,233.2,Alluvial,7.1,42.8,19.2,Tube Well,149.8,68.9,40.6,3.15,734.6
2010,Bihar,Patna,Wheat,Rabi,264.9,Alluvial,6.98,53.3,16.3,Tube Well,153.0,76.7,31.8,3.96,1049.0
2011,Bihar,Patna,Wheat,Rabi,454.4,Alluvial,7.36,49.4,16.8,Rainfed,165.6,67.0,38.6,0.89,404.4
2012,Bihar,Patna,Wheat,Rabi,157.4,Alluvial,6.82,48.7,17.1,Tube Well,129.3,60.7,38.0,3.85,606.0
2013,Bihar,Patna,Wheat,Rabi,236.2,Alluvial,7.26,45.3,17.6,Rainfed,161.6,46.4,26.2,0.88,207.9
2014,Bihar,Patna,Wheat,Rabi,273.1,Alluvial,7.26,43.6,18.2,Canal/Flood,121.1,69.4,42.2,3.45,942.2
2015,Bihar,Patna,Wheat,Rabi,194.3,Alluvial,7.37,30.5,18.3,Canal/Flood,121.8,63.3,43.9,3.16,614.0
2016,Bihar,Patna,Wheat,Rabi,495.9,Alluvial,7.24,45.1,17.2,Rainfed,154.5,58.0,37.0,0.82,406.6
2017,Bihar,Patna,Wheat,Rabi,152.2,Alluvial,7.32,40.4,18.1,Tube Well,82.5,60.2,25.8,3.21,488.6
2018,Bihar,Patna,Wheat,Rabi,382.3,Alluvial,7.27,46.0,18.6,Canal/Flood,79.2,71.4,29.1,3.08,1177.5
2019,Bihar,Patna,Wheat,Rabi,743.2,Alluvial,7.28,56.5,16.3,Tube Well,123.0,50.5,45.6,4.22,3136.3
2020,Bihar,Patna,Wheat,Rabi,293.5,Alluvial,7.25,49.7,16.8,Tube Well,102.5,51.2,33.9,3.91,1147.6
2021,Bihar,Patna,Wheat,Rabi,504.7,Alluvial,7.17,51.1,16.9,Canal/Flood,104.6,56.3,27.9,4.22,2129.8
2022,Bihar,Patna,Wheat,Rabi,426.6,Alluvial,7.54,46.8,19.4,Rainfed,121.0,58.6,55.5,0.57,243.2
2023,Bihar,Patna,Wheat,Rabi,355.4,Alluvial,6.9,49.0,17.3,Rainfed,136.2,69.1,37.4,0.93,330.5
2024,Bihar,Patna,Wheat,Rabi,323.2,Alluvial,7.67,50.6,17.6,Rainfed,112.5,71.8,37.8,0.69,223.0
2005,Gujarat,Rajkot,Wheat,Rabi,53.3,Sandy Loam,7.81,15.5,21.4,Rainfed,170.8,52.6,36.3,0.14,7.5
2006,Gujarat,Rajkot,Wheat,Rabi,417.8,Sandy Loam,7.96,15.5,20.6,Sprinkler,136.9,47.3,39.9,0.99,413.6
2007,Gujarat,Rajkot,Wheat,Rabi,401.3,Sandy Loam,7.7,18.1,20.5,Drip,145.2,47.0,37.2,1.19,477.5
2008,Gujarat,Rajkot,Wheat,Rabi,568.7,Sandy Loam,7.79,14.7,20.2,Sprinkler,137.5,70.5,33.0,1.26,716.6
2009,Gujarat,Rajkot,Wheat,Rabi,350.8,Sandy Loam,7.53,14.2,22.4,Drip,116.9,74.3,38.8,0.71,249.1
2010,Gujarat,Rajkot,Wheat,Rabi,216.7,Sandy Loam,7.53,13.0,20.6,Sprinkler,114.7,47.2,47.2,1.22,264.4
2011,Gujarat,Rajkot,Wheat,Rabi,630.4,Sandy Loam,7.53,14.2,21.7,Rainfed,139.8,70.7,37.4,0.14,88.3
2012,Gujarat,Rajkot,Wheat,Rabi,318.9,Sandy Loam,7.58,14.6,20.7,Drip,170.1,69.1,45.1,1.45,462.4
2013,Gujarat,Rajkot,Wheat,Rabi,105.8,Sandy Loam,7.88,14.9,21.1,Tube Well,143.3,61.6,48.7,0.64,67.7
2014,Gujarat,Rajkot,Wheat,Rabi,192.7,Sandy Loam,7.75,11.4,21.9,Drip,148.3,46.9,33.8,0.59,113.7
2015,Gujarat,Rajkot,Wheat,Rabi,365.2,Sandy Loam,7.96,13.7,22.2,Tube Well,112.5,73.0,41.5,0.5,182.6
2016,Gujarat,Rajkot,Wheat,Rabi,229.6,Sandy Loam,7.94,17.4,21.4,Sprinkler,154.8,61.8,50.5,0.69,158.4
2017,Gujarat,Rajkot,Wheat,Rabi,39.6,Sandy Loam,7.6,16.0,21.8,Rainfed,128.1,79.0,38.1,0.15,5.9
2018,Gujarat,Rajkot,Wheat,Rabi,218.5,Sandy Loam,7.71,14.1,22.0,Drip,115.1,67.0,40.5,0.63,137.7
2019,Gujarat,Rajkot,Wheat,Rabi,166.0,Sandy Loam,7.5,15.4,21.4,Rainfed,186.6,71.7,30.3,0.18,29.9
2020,Gujarat,Rajkot,Wheat,Rabi,662.3,Sandy Loam,7.7,20.4,21.7,Tube Well,145.4,53.8,46.7,0.6,397.4
2021,Gujarat,Rajkot,Wheat,Rabi,264.0,Sandy Loam,7.52,13.6,21.9,Tube Well,163.0,79.8,38.8,0.73,192.7
2022,Gujarat,Rajkot,Wheat,Rabi,459.8,Sandy Loam,7.6,14.1,23.4,Rainfed,136.9,71.6,45.8,0.16,73.6
2023,Gujarat,Rajkot,Wheat,Rabi,210.3,Sandy Loam,7.73,10.9,20.0,Drip,149.0,50.9,27.6,1.69,355.4
2024,Gujarat,Rajkot,Wheat,Rabi,240.6,Sandy Loam,7.6,16.8,20.4,Rainfed,138.9,63.3,36.2,0.32,77.0
2015,Tamil Nadu,Thanjavur,Wheat,Rabi,167.8,Clay Loam,6.74,411.0,25.8,Tube Well,189.2,60.7,34.6,0.22,36.9
2018,Tamil Nadu,Thanjavur,Wheat,Rabi,512.1,Clay Loam,6.39,446.9,25.2,Canal/Flood,149.0,79.2,36.1,0.19,97.3
2019,Tamil Nadu,Thanjavur,Wheat,Rabi,604.2,Clay Loam,7.08,517.9,24.1,Tube Well,154.3,70.4,42.3,0.25,151.1
2020,Tamil Nadu,Thanjavur,Wheat,Rabi,171.1,Clay Loam,6.74,654.6,25.5,Rainfed,94.0,46.8,30.4,0.21,35.9
2005,Uttar Pradesh,Varanasi,Wheat,Rabi,214.3,Alluvial,7.02,54.1,17.0,Rainfed,167.4,60.7,32.2,0.89,190.7
2006,Uttar Pradesh,Varanasi,Wheat,Rabi,302.0,Alluvial,7.04,48.7,18.7,Tube Well,162.1,68.2,39.8,3.53,1066.1
2007,Uttar Pradesh,Varanasi,Wheat,Rabi,488.5,Alluvial,7.26,52.9,17.3,Rainfed,162.4,51.8,40.3,0.82,400.6
2008,Uttar Pradesh,Varanasi,Wheat,Rabi,375.8,Alluvial,6.77,46.2,18.3,Tube Well,100.8,80.1,34.8,3.49,1311.5
2009,Uttar Pradesh,Varanasi,Wheat,Rabi,230.0,Alluvial,7.35,41.5,19.0,Tube Well,127.8,70.3,39.7,3.06,703.8
2010,Uttar Pradesh,Varanasi,Wheat,Rabi,54.4,Alluvial,7.21,44.0,17.5,Canal/Flood,117.1,77.0,33.5,3.74,203.5
2011,Uttar Pradesh,Varanasi,Wheat,Rabi,329.1,Alluvial,7.12,51.4,18.1,Tube Well,121.0,81.0,36.5,3.8,1250.6
2012,Uttar Pradesh,Varanasi,Wheat,Rabi,621.7,Alluvial,6.83,50.6,18.1,Tube Well,165.1,50.5,40.7,4.14,2573.8
2013,Uttar Pradesh,Varanasi,Wheat,Rabi,592.4,Alluvial,7.06,46.8,18.5,Canal/Flood,121.5,52.9,35.2,3.31,1960.8
2014,Uttar Pradesh,Varanasi,Wheat,Rabi,470.7,Alluvial,7.11,36.4,19.3,Tube Well,126.5,61.0,28.5,2.91,1369.7
2015,Uttar Pradesh,Varanasi,Wheat,Rabi,133.1,Alluvial,7.1,44.2,18.9,Tube Well,122.0,54.1,43.1,3.52,468.5
2016,Uttar Pradesh,Varanasi,Wheat,Rabi,218.8,Alluvial,7.23,43.1,18.4,Canal/Flood,213.7,47.0,40.6,3.47,759.2
2017,Uttar Pradesh,Varanasi,Wheat,Rabi,496.8,Alluvial,7.42,61.8,17.6,Rainfed,126.2,50.8,42.1,0.97,481.9
2018,Uttar Pradesh,Varanasi,Wheat,Rabi,485.3,Alluvial,7.35,49.8,18.1,Tube Well,151.9,62.2,33.1,3.91,1897.5
2019,Uttar Pradesh,Varanasi,Wheat,Rabi,104.9,Alluvial,6.93,62.9,17.7,Rainfed,126.8,37.0,33.3,1.03,108.0
2020,Uttar Pradesh,Varanasi,Wheat,Rabi,222.8,Alluvial,7.18,63.0,17.7,Rainfed,182.3,70.9,56.9,1.27,283.0
2021,Uttar Pradesh,Varanasi,Wheat,Rabi,445.7,Alluvial,7.17,50.1,17.1,Canal/Flood,148.5,59.3,49.6,4.04,1800.6
2022,Uttar Pradesh,Varanasi,Wheat,Rabi,658.1,Alluvial,6.82,46.8,20.0,Rainfed,112.4,64.7,35.3,0.56,368.5
2023,Uttar Pradesh,Varanasi,Wheat,Rabi,161.7,Alluvial,7.05,51.9,19.0,Tube Well,109.1,63.4,30.8,3.61,583.7
2024,Uttar Pradesh,Varanasi,Wheat,Rabi,91.9,Alluvial,6.86,55.4,18.0,Tube Well,142.9,68.8,45.9,4.66,428.3
